season,league,matches,crosses_openplay,crosses_with_shot_link,share_crosses_with_shot_link
DFL-SEA-0001K6,2. Bundesliga,306,6126,1168,0.19066274893894875
DFL-SEA-0001K6,Bundesliga,306,5459,1123,0.2057153324784759
DFL-SEA-0001K7,2. Bundesliga,306,5884,1172,0.1991842284160435
DFL-SEA-0001K7,Bundesliga,306,5653,1171,0.2071466477976296
DFL-SEA-0001K8,2. Bundesliga,306,5803,1137,0.1959331380320524
DFL-SEA-0001K8,Bundesliga,306,5679,1155,0.20338087691494983
