MatchId,GameTitle,Season,Competition,TeamId,TeamName,TeamRole,LineUpRaw,LineUp,LineUpCounts
DFL-MAT-J03WEL,Eintracht Frankfurt:FC Bayern München,2022/2023,Bundesliga,DFL-CLU-00000G,FC Bayern München,guest,4-4-2 Double-6 offensive Outliner,4-4-2,"[4, 4, 2]"
DFL-MAT-J03WEL,Eintracht Frankfurt:FC Bayern München,2022/2023,Bundesliga,DFL-CLU-00000F,Eintracht Frankfurt,home,3-4-2-1 Double-10,3-4-2-1,"[3, 4, 2, 1]"
DFL-MAT-J03WEM,Borussia Dortmund:Bayer 04 Leverkusen,2022/2023,Bundesliga,DFL-CLU-00000B,Bayer 04 Leverkusen,guest,4-2-3-1,4-2-3-1,"[4, 2, 3, 1]"
DFL-MAT-J03WEM,Borussia Dortmund:Bayer 04 Leverkusen,2022/2023,Bundesliga,DFL-CLU-000007,Borussia Dortmund,home,4-3-3 Double-6,4-3-3,"[4, 3, 3]"
DFL-MAT-J03WEN,1. FC Union Berlin:Hertha BSC,2022/2023,Bundesliga,DFL-CLU-00000Z,Hertha BSC,guest,4-3-3 with 6,4-3-3,"[4, 3, 3]"
DFL-MAT-J03WEN,1. FC Union Berlin:Hertha BSC,2022/2023,Bundesliga,DFL-CLU-00000V,1. FC Union Berlin,home,3-3-2-2,3-3-2-2,"[3, 3, 2, 2]"
DFL-MAT-J03WEO,1. FC Köln:FC Schalke 04,2022/2023,Bundesliga,DFL-CLU-000008,1. FC Köln,home,4-1-3-2,4-1-3-2,"[4, 1, 3, 2]"
DFL-MAT-J03WEO,1. FC Köln:FC Schalke 04,2022/2023,Bundesliga,DFL-CLU-000009,FC Schalke 04,guest,4-5-1 offensive Outliner,4-5-1,"[4, 5, 1]"
DFL-MAT-J03WEP,Borussia Mönchengladbach:TSG Hoffenheim,2022/2023,Bundesliga,DFL-CLU-000004,Borussia Mönchengladbach,home,4-2-3-1,4-2-3-1,"[4, 2, 3, 1]"
DFL-MAT-J03WEP,Borussia Mönchengladbach:TSG Hoffenheim,2022/2023,Bundesliga,DFL-CLU-000002,TSG Hoffenheim,guest,3-3-2-2,3-3-2-2,"[3, 3, 2, 2]"
DFL-MAT-J03WEQ,VfL Wolfsburg:SV Werder Bremen,2022/2023,Bundesliga,DFL-CLU-00000E,SV Werder Bremen,guest,3-3-2-2 Double-10,3-3-2-2,"[3, 3, 2, 2]"
DFL-MAT-J03WEQ,VfL Wolfsburg:SV Werder Bremen,2022/2023,Bundesliga,DFL-CLU-000003,VfL Wolfsburg,home,4-2-3-1,4-2-3-1,"[4, 2, 3, 1]"
DFL-MAT-J03WER,VfL Bochum 1848:1. FSV Mainz 05,2022/2023,Bundesliga,DFL-CLU-00000S,VfL Bochum 1848,home,4-2-3-1,4-2-3-1,"[4, 2, 3, 1]"
DFL-MAT-J03WER,VfL Bochum 1848:1. FSV Mainz 05,2022/2023,Bundesliga,DFL-CLU-000006,1. FSV Mainz 05,guest,3-4-2-1 Double-10,3-4-2-1,"[3, 4, 2, 1]"
DFL-MAT-J03WES,FC Augsburg:Sport-Club Freiburg,2022/2023,Bundesliga,DFL-CLU-00000A,Sport-Club Freiburg,guest,4-2-3-1,4-2-3-1,"[4, 2, 3, 1]"
DFL-MAT-J03WES,FC Augsburg:Sport-Club Freiburg,2022/2023,Bundesliga,DFL-CLU-000010,FC Augsburg,home,3-3-2-2 Double-10,3-3-2-2,"[3, 3, 2, 2]"
DFL-MAT-J03WET,VfB Stuttgart:RB Leipzig,2022/2023,Bundesliga,DFL-CLU-000017,RB Leipzig,guest,3-4-1-2,3-4-1-2,"[3, 4, 1, 2]"
DFL-MAT-J03WET,VfB Stuttgart:RB Leipzig,2022/2023,Bundesliga,DFL-CLU-00000D,VfB Stuttgart,home,3-3-2-2,3-3-2-2,"[3, 3, 2, 2]"
DFL-MAT-J03WEU,FC Bayern München:VfL Wolfsburg,2022/2023,Bundesliga,DFL-CLU-00000G,FC Bayern München,home,4-4-2 Double-6 offensive Outliner,4-4-2,"[4, 4, 2]"
DFL-MAT-J03WEU,FC Bayern München:VfL Wolfsburg,2022/2023,Bundesliga,DFL-CLU-000003,VfL Wolfsburg,guest,4-5-1 offensive Outliner,4-5-1,"[4, 5, 1]"
DFL-MAT-J03WEV,Bayer 04 Leverkusen:FC Augsburg,2022/2023,Bundesliga,DFL-CLU-00000B,Bayer 04 Leverkusen,home,4-2-3-1,4-2-3-1,"[4, 2, 3, 1]"
DFL-MAT-J03WEV,Bayer 04 Leverkusen:FC Augsburg,2022/2023,Bundesliga,DFL-CLU-000010,FC Augsburg,guest,3-3-2-2 Double-10,3-3-2-2,"[3, 3, 2, 2]"
DFL-MAT-J03WEW,RB Leipzig:1. FC Köln,2022/2023,Bundesliga,DFL-CLU-000017,RB Leipzig,home,3-4-1-2,3-4-1-2,"[3, 4, 1, 2]"
DFL-MAT-J03WEW,RB Leipzig:1. FC Köln,2022/2023,Bundesliga,DFL-CLU-000008,1. FC Köln,guest,4-2-3-1,4-2-3-1,"[4, 2, 3, 1]"
DFL-MAT-J03WEX,Sport-Club Freiburg:Borussia Dortmund,2022/2023,Bundesliga,DFL-CLU-000007,Borussia Dortmund,guest,4-2-3-1,4-2-3-1,"[4, 2, 3, 1]"
DFL-MAT-J03WEX,Sport-Club Freiburg:Borussia Dortmund,2022/2023,Bundesliga,DFL-CLU-00000A,Sport-Club Freiburg,home,4-2-3-1,4-2-3-1,"[4, 2, 3, 1]"
DFL-MAT-J03WEY,1. FSV Mainz 05:1. FC Union Berlin,2022/2023,Bundesliga,DFL-CLU-000006,1. FSV Mainz 05,home,3-3-2-2,3-3-2-2,"[3, 3, 2, 2]"
DFL-MAT-J03WEY,1. FSV Mainz 05:1. FC Union Berlin,2022/2023,Bundesliga,DFL-CLU-00000V,1. FC Union Berlin,guest,3-3-2-2,3-3-2-2,"[3, 3, 2, 2]"
DFL-MAT-J03WEZ,TSG Hoffenheim:VfL Bochum 1848,2022/2023,Bundesliga,DFL-CLU-00000S,VfL Bochum 1848,guest,3-4-1-2 defensive Midfielder,3-4-1-2,"[3, 4, 1, 2]"
DFL-MAT-J03WEZ,TSG Hoffenheim:VfL Bochum 1848,2022/2023,Bundesliga,DFL-CLU-000002,TSG Hoffenheim,home,3-3-2-2,3-3-2-2,"[3, 3, 2, 2]"
DFL-MAT-J03WF0,Hertha BSC:Eintracht Frankfurt,2022/2023,Bundesliga,DFL-CLU-00000F,Eintracht Frankfurt,guest,3-3-2-2,3-3-2-2,"[3, 3, 2, 2]"
DFL-MAT-J03WF0,Hertha BSC:Eintracht Frankfurt,2022/2023,Bundesliga,DFL-CLU-00000Z,Hertha BSC,home,4-3-3 with 6,4-3-3,"[4, 3, 3]"
DFL-MAT-J03WF1,FC Schalke 04:Borussia Mönchengladbach,2022/2023,Bundesliga,DFL-CLU-000004,Borussia Mönchengladbach,guest,4-2-3-1,4-2-3-1,"[4, 2, 3, 1]"
DFL-MAT-J03WF1,FC Schalke 04:Borussia Mönchengladbach,2022/2023,Bundesliga,DFL-CLU-000009,FC Schalke 04,home,4-4-2 Double-6,4-4-2,"[4, 4, 2]"
DFL-MAT-J03WF2,SV Werder Bremen:VfB Stuttgart,2022/2023,Bundesliga,DFL-CLU-00000E,SV Werder Bremen,home,3-3-2-2 Double-10,3-3-2-2,"[3, 3, 2, 2]"
DFL-MAT-J03WF2,SV Werder Bremen:VfB Stuttgart,2022/2023,Bundesliga,DFL-CLU-00000D,VfB Stuttgart,guest,3-3-2-2,3-3-2-2,"[3, 3, 2, 2]"
DFL-MAT-J03WF3,Borussia Dortmund:SV Werder Bremen,2022/2023,Bundesliga,DFL-CLU-00000E,SV Werder Bremen,guest,3-3-2-2 Double-10,3-3-2-2,"[3, 3, 2, 2]"
DFL-MAT-J03WF3,Borussia Dortmund:SV Werder Bremen,2022/2023,Bundesliga,DFL-CLU-000007,Borussia Dortmund,home,4-2-3-1,4-2-3-1,"[4, 2, 3, 1]"
DFL-MAT-J03WF4,Bayer 04 Leverkusen:TSG Hoffenheim,2022/2023,Bundesliga,DFL-CLU-00000B,Bayer 04 Leverkusen,home,4-2-3-1,4-2-3-1,"[4, 2, 3, 1]"
DFL-MAT-J03WF4,Bayer 04 Leverkusen:TSG Hoffenheim,2022/2023,Bundesliga,DFL-CLU-000002,TSG Hoffenheim,guest,3-3-2-2,3-3-2-2,"[3, 3, 2, 2]"
DFL-MAT-J03WF5,1. FC Union Berlin:RB Leipzig,2022/2023,Bundesliga,DFL-CLU-000017,RB Leipzig,guest,3-3-2-2 Double-10,3-3-2-2,"[3, 3, 2, 2]"
DFL-MAT-J03WF5,1. FC Union Berlin:RB Leipzig,2022/2023,Bundesliga,DFL-CLU-00000V,1. FC Union Berlin,home,3-3-2-2,3-3-2-2,"[3, 3, 2, 2]"
DFL-MAT-J03WF6,Borussia Mönchengladbach:Hertha BSC,2022/2023,Bundesliga,DFL-CLU-000004,Borussia Mönchengladbach,home,4-2-3-1,4-2-3-1,"[4, 2, 3, 1]"
DFL-MAT-J03WF6,Borussia Mönchengladbach:Hertha BSC,2022/2023,Bundesliga,DFL-CLU-00000Z,Hertha BSC,guest,4-3-3 with 6,4-3-3,"[4, 3, 3]"
DFL-MAT-J03WF7,Eintracht Frankfurt:1. FC Köln,2022/2023,Bundesliga,DFL-CLU-00000F,Eintracht Frankfurt,home,4-2-3-1,4-2-3-1,"[4, 2, 3, 1]"
DFL-MAT-J03WF7,Eintracht Frankfurt:1. FC Köln,2022/2023,Bundesliga,DFL-CLU-000008,1. FC Köln,guest,4-1-3-2,4-1-3-2,"[4, 1, 3, 2]"
DFL-MAT-J03WF8,VfL Wolfsburg:FC Schalke 04,2022/2023,Bundesliga,DFL-CLU-000009,FC Schalke 04,guest,4-2-3-1,4-2-3-1,"[4, 2, 3, 1]"
DFL-MAT-J03WF8,VfL Wolfsburg:FC Schalke 04,2022/2023,Bundesliga,DFL-CLU-000003,VfL Wolfsburg,home,4-2-3-1,4-2-3-1,"[4, 2, 3, 1]"
DFL-MAT-J03WF9,VfL Bochum 1848:FC Bayern München,2022/2023,Bundesliga,DFL-CLU-00000G,FC Bayern München,guest,4-4-2 Double-6 offensive Outliner,4-4-2,"[4, 4, 2]"
DFL-MAT-J03WF9,VfL Bochum 1848:FC Bayern München,2022/2023,Bundesliga,DFL-CLU-00000S,VfL Bochum 1848,home,4-4-2 Double-6 offensive Outliner,4-4-2,"[4, 4, 2]"
DFL-MAT-J03WFA,FC Augsburg:1. FSV Mainz 05,2022/2023,Bundesliga,DFL-CLU-000006,1. FSV Mainz 05,guest,3-4-2-1 Double-10,3-4-2-1,"[3, 4, 2, 1]"
DFL-MAT-J03WFA,FC Augsburg:1. FSV Mainz 05,2022/2023,Bundesliga,DFL-CLU-000010,FC Augsburg,home,3-4-2-1 Double-10,3-4-2-1,"[3, 4, 2, 1]"
DFL-MAT-J03WFB,VfB Stuttgart:Sport-Club Freiburg,2022/2023,Bundesliga,DFL-CLU-00000D,VfB Stuttgart,home,3-3-2-2,3-3-2-2,"[3, 3, 2, 2]"
DFL-MAT-J03WFB,VfB Stuttgart:Sport-Club Freiburg,2022/2023,Bundesliga,DFL-CLU-00000A,Sport-Club Freiburg,guest,4-2-3-1,4-2-3-1,"[4, 2, 3, 1]"
DFL-MAT-J03WFC,FC Bayern München:Borussia Mönchengladbach,2022/2023,Bundesliga,DFL-CLU-00000G,FC Bayern München,home,4-4-2 Double-6 offensive Outliner,4-4-2,"[4, 4, 2]"
DFL-MAT-J03WFC,FC Bayern München:Borussia Mönchengladbach,2022/2023,Bundesliga,DFL-CLU-000004,Borussia Mönchengladbach,guest,4-2-3-1,4-2-3-1,"[4, 2, 3, 1]"
DFL-MAT-J03WFD,RB Leipzig:VfL Wolfsburg,2022/2023,Bundesliga,DFL-CLU-000017,RB Leipzig,home,3-4-1-2 defensive Midfielder,3-4-1-2,"[3, 4, 1, 2]"
DFL-MAT-J03WFD,RB Leipzig:VfL Wolfsburg,2022/2023,Bundesliga,DFL-CLU-000003,VfL Wolfsburg,guest,4-2-3-1,4-2-3-1,"[4, 2, 3, 1]"
DFL-MAT-J03WFE,Sport-Club Freiburg:VfL Bochum 1848,2022/2023,Bundesliga,DFL-CLU-00000S,VfL Bochum 1848,guest,4-2-3-1,4-2-3-1,"[4, 2, 3, 1]"
DFL-MAT-J03WFE,Sport-Club Freiburg:VfL Bochum 1848,2022/2023,Bundesliga,DFL-CLU-00000A,Sport-Club Freiburg,home,4-2-3-1,4-2-3-1,"[4, 2, 3, 1]"
DFL-MAT-J03WFF,1. FC Köln:VfB Stuttgart,2022/2023,Bundesliga,DFL-CLU-00000D,VfB Stuttgart,guest,3-3-2-2,3-3-2-2,"[3, 3, 2, 2]"
DFL-MAT-J03WFF,1. FC Köln:VfB Stuttgart,2022/2023,Bundesliga,DFL-CLU-000008,1. FC Köln,home,4-2-3-1,4-2-3-1,"[4, 2, 3, 1]"
DFL-MAT-J03WFG,1. FSV Mainz 05:Bayer 04 Leverkusen,2022/2023,Bundesliga,DFL-CLU-00000B,Bayer 04 Leverkusen,guest,3-1-4-2,3-1-4-2,"[3, 1, 4, 2]"
DFL-MAT-J03WFG,1. FSV Mainz 05:Bayer 04 Leverkusen,2022/2023,Bundesliga,DFL-CLU-000006,1. FSV Mainz 05,home,3-4-2-1 Double-10,3-4-2-1,"[3, 4, 2, 1]"
DFL-MAT-J03WFH,TSG Hoffenheim:FC Augsburg,2022/2023,Bundesliga,DFL-CLU-000010,FC Augsburg,guest,3-3-2-2 Double-10,3-3-2-2,"[3, 3, 2, 2]"
DFL-MAT-J03WFH,TSG Hoffenheim:FC Augsburg,2022/2023,Bundesliga,DFL-CLU-000002,TSG Hoffenheim,home,3-3-2-2,3-3-2-2,"[3, 3, 2, 2]"
DFL-MAT-J03WFI,Hertha BSC:Borussia Dortmund,2022/2023,Bundesliga,DFL-CLU-000007,Borussia Dortmund,guest,4-5-1 offensive Outliner,4-5-1,"[4, 5, 1]"
DFL-MAT-J03WFI,Hertha BSC:Borussia Dortmund,2022/2023,Bundesliga,DFL-CLU-00000Z,Hertha BSC,home,4-3-3 with 6,4-3-3,"[4, 3, 3]"
DFL-MAT-J03WFJ,FC Schalke 04:1. FC Union Berlin,2022/2023,Bundesliga,DFL-CLU-000009,FC Schalke 04,home,4-5-1 offensive Outliner,4-5-1,"[4, 5, 1]"
DFL-MAT-J03WFJ,FC Schalke 04:1. FC Union Berlin,2022/2023,Bundesliga,DFL-CLU-00000V,1. FC Union Berlin,guest,3-3-2-2,3-3-2-2,"[3, 3, 2, 2]"
DFL-MAT-J03WFK,SV Werder Bremen:Eintracht Frankfurt,2022/2023,Bundesliga,DFL-CLU-00000E,SV Werder Bremen,home,3-3-2-2 Double-10,3-3-2-2,"[3, 3, 2, 2]"
DFL-MAT-J03WFK,SV Werder Bremen:Eintracht Frankfurt,2022/2023,Bundesliga,DFL-CLU-00000F,Eintracht Frankfurt,guest,4-2-3-1,4-2-3-1,"[4, 2, 3, 1]"
DFL-MAT-J03WFL,Borussia Dortmund:TSG Hoffenheim,2022/2023,Bundesliga,DFL-CLU-000007,Borussia Dortmund,home,4-5-1 offensive Outliner,4-5-1,"[4, 5, 1]"
DFL-MAT-J03WFL,Borussia Dortmund:TSG Hoffenheim,2022/2023,Bundesliga,DFL-CLU-000002,TSG Hoffenheim,guest,3-3-2-2,3-3-2-2,"[3, 3, 2, 2]"
DFL-MAT-J03WFM,Bayer 04 Leverkusen:Sport-Club Freiburg,2022/2023,Bundesliga,DFL-CLU-00000B,Bayer 04 Leverkusen,home,3-3-2-2,3-3-2-2,"[3, 3, 2, 2]"
DFL-MAT-J03WFM,Bayer 04 Leverkusen:Sport-Club Freiburg,2022/2023,Bundesliga,DFL-CLU-00000A,Sport-Club Freiburg,guest,3-4-2-1 defensive Midfielder,3-4-2-1,"[3, 4, 2, 1]"
DFL-MAT-J03WFN,1. FC Union Berlin:FC Bayern München,2022/2023,Bundesliga,DFL-CLU-00000G,FC Bayern München,guest,4-2-3-1,4-2-3-1,"[4, 2, 3, 1]"
DFL-MAT-J03WFN,1. FC Union Berlin:FC Bayern München,2022/2023,Bundesliga,DFL-CLU-00000V,1. FC Union Berlin,home,3-3-2-2,3-3-2-2,"[3, 3, 2, 2]"
DFL-MAT-J03WFO,Borussia Mönchengladbach:1. FSV Mainz 05,2022/2023,Bundesliga,DFL-CLU-000004,Borussia Mönchengladbach,home,4-2-3-1,4-2-3-1,"[4, 2, 3, 1]"
DFL-MAT-J03WFO,Borussia Mönchengladbach:1. FSV Mainz 05,2022/2023,Bundesliga,DFL-CLU-000006,1. FSV Mainz 05,guest,3-4-2-1 Double-10,3-4-2-1,"[3, 4, 2, 1]"
DFL-MAT-J03WFP,Eintracht Frankfurt:RB Leipzig,2022/2023,Bundesliga,DFL-CLU-000017,RB Leipzig,guest,3-4-1-2 defensive Midfielder,3-4-1-2,"[3, 4, 1, 2]"
DFL-MAT-J03WFP,Eintracht Frankfurt:RB Leipzig,2022/2023,Bundesliga,DFL-CLU-00000F,Eintracht Frankfurt,home,4-5-1 offensive Outliner,4-5-1,"[4, 5, 1]"
DFL-MAT-J03WFQ,VfL Wolfsburg:1. FC Köln,2022/2023,Bundesliga,DFL-CLU-000008,1. FC Köln,guest,4-2-3-1,4-2-3-1,"[4, 2, 3, 1]"
DFL-MAT-J03WFQ,VfL Wolfsburg:1. FC Köln,2022/2023,Bundesliga,DFL-CLU-000003,VfL Wolfsburg,home,3-4-1-2,3-4-1-2,"[3, 4, 1, 2]"
DFL-MAT-J03WFR,VfL Bochum 1848:SV Werder Bremen,2022/2023,Bundesliga,DFL-CLU-00000E,SV Werder Bremen,guest,3-3-2-2 Double-10,3-3-2-2,"[3, 3, 2, 2]"
DFL-MAT-J03WFR,VfL Bochum 1848:SV Werder Bremen,2022/2023,Bundesliga,DFL-CLU-00000S,VfL Bochum 1848,home,4-2-3-1,4-2-3-1,"[4, 2, 3, 1]"
DFL-MAT-J03WFS,FC Augsburg:Hertha BSC,2022/2023,Bundesliga,DFL-CLU-00000Z,Hertha BSC,guest,4-3-3 with 6,4-3-3,"[4, 3, 3]"
DFL-MAT-J03WFS,FC Augsburg:Hertha BSC,2022/2023,Bundesliga,DFL-CLU-000010,FC Augsburg,home,3-3-2-2 Double-10,3-3-2-2,"[3, 3, 2, 2]"
DFL-MAT-J03WFT,VfB Stuttgart:FC Schalke 04,2022/2023,Bundesliga,DFL-CLU-00000D,VfB Stuttgart,home,3-4-2-1 Double-10,3-4-2-1,"[3, 4, 2, 1]"
DFL-MAT-J03WFT,VfB Stuttgart:FC Schalke 04,2022/2023,Bundesliga,DFL-CLU-000009,FC Schalke 04,guest,4-2-3-1,4-2-3-1,"[4, 2, 3, 1]"
DFL-MAT-J03WFU,FC Bayern München:VfB Stuttgart,2022/2023,Bundesliga,DFL-CLU-00000G,FC Bayern München,home,4-2-3-1,4-2-3-1,"[4, 2, 3, 1]"
DFL-MAT-J03WFU,FC Bayern München:VfB Stuttgart,2022/2023,Bundesliga,DFL-CLU-00000D,VfB Stuttgart,guest,3-3-2-2,3-3-2-2,"[3, 3, 2, 2]"
DFL-MAT-J03WFV,RB Leipzig:Borussia Dortmund,2022/2023,Bundesliga,DFL-CLU-000017,RB Leipzig,home,4-2-3-1,4-2-3-1,"[4, 2, 3, 1]"
DFL-MAT-J03WFV,RB Leipzig:Borussia Dortmund,2022/2023,Bundesliga,DFL-CLU-000007,Borussia Dortmund,guest,4-2-3-1,4-2-3-1,"[4, 2, 3, 1]"
DFL-MAT-J03WFW,Sport-Club Freiburg:Borussia Mönchengladbach,2022/2023,Bundesliga,DFL-CLU-000004,Borussia Mönchengladbach,guest,4-2-3-1,4-2-3-1,"[4, 2, 3, 1]"
DFL-MAT-J03WFW,Sport-Club Freiburg:Borussia Mönchengladbach,2022/2023,Bundesliga,DFL-CLU-00000A,Sport-Club Freiburg,home,4-2-3-1,4-2-3-1,"[4, 2, 3, 1]"
DFL-MAT-J03WFX,1. FC Köln:1. FC Union Berlin,2022/2023,Bundesliga,DFL-CLU-000008,1. FC Köln,home,4-2-3-1,4-2-3-1,"[4, 2, 3, 1]"
DFL-MAT-J03WFX,1. FC Köln:1. FC Union Berlin,2022/2023,Bundesliga,DFL-CLU-00000V,1. FC Union Berlin,guest,3-3-2-2,3-3-2-2,"[3, 3, 2, 2]"
DFL-MAT-J03WFY,TSG Hoffenheim:1. FSV Mainz 05,2022/2023,Bundesliga,DFL-CLU-000006,1. FSV Mainz 05,guest,3-3-2-2,3-3-2-2,"[3, 3, 2, 2]"
DFL-MAT-J03WFY,TSG Hoffenheim:1. FSV Mainz 05,2022/2023,Bundesliga,DFL-CLU-000002,TSG Hoffenheim,home,3-3-2-2,3-3-2-2,"[3, 3, 2, 2]"
DFL-MAT-J03WFZ,Eintracht Frankfurt:VfL Wolfsburg,2022/2023,Bundesliga,DFL-CLU-00000F,Eintracht Frankfurt,home,4-2-3-1,4-2-3-1,"[4, 2, 3, 1]"
DFL-MAT-J03WFZ,Eintracht Frankfurt:VfL Wolfsburg,2022/2023,Bundesliga,DFL-CLU-000003,VfL Wolfsburg,guest,4-4-2 Double-6 offensive Outliner,4-4-2,"[4, 4, 2]"
DFL-MAT-J03WG0,Hertha BSC:Bayer 04 Leverkusen,2022/2023,Bundesliga,DFL-CLU-00000B,Bayer 04 Leverkusen,guest,4-2-3-1,4-2-3-1,"[4, 2, 3, 1]"
DFL-MAT-J03WG0,Hertha BSC:Bayer 04 Leverkusen,2022/2023,Bundesliga,DFL-CLU-00000Z,Hertha BSC,home,4-3-3 with 6,4-3-3,"[4, 3, 3]"
DFL-MAT-J03WG1,FC Schalke 04:VfL Bochum 1848,2022/2023,Bundesliga,DFL-CLU-00000S,VfL Bochum 1848,guest,4-2-3-1,4-2-3-1,"[4, 2, 3, 1]"
DFL-MAT-J03WG1,FC Schalke 04:VfL Bochum 1848,2022/2023,Bundesliga,DFL-CLU-000009,FC Schalke 04,home,4-2-3-1,4-2-3-1,"[4, 2, 3, 1]"
DFL-MAT-J03WG2,SV Werder Bremen:FC Augsburg,2022/2023,Bundesliga,DFL-CLU-00000E,SV Werder Bremen,home,3-3-2-2 Double-10,3-3-2-2,"[3, 3, 2, 2]"
DFL-MAT-J03WG2,SV Werder Bremen:FC Augsburg,2022/2023,Bundesliga,DFL-CLU-000010,FC Augsburg,guest,4-2-3-1,4-2-3-1,"[4, 2, 3, 1]"
DFL-MAT-J03WG3,FC Augsburg:FC Bayern München,2022/2023,Bundesliga,DFL-CLU-00000G,FC Bayern München,guest,4-4-2 Double-6 offensive Outliner,4-4-2,"[4, 4, 2]"
DFL-MAT-J03WG3,FC Augsburg:FC Bayern München,2022/2023,Bundesliga,DFL-CLU-000010,FC Augsburg,home,4-4-2 Double-6 offensive Outliner,4-4-2,"[4, 4, 2]"
DFL-MAT-J03WG4,Borussia Mönchengladbach:RB Leipzig,2022/2023,Bundesliga,DFL-CLU-000017,RB Leipzig,guest,4-2-3-1,4-2-3-1,"[4, 2, 3, 1]"
DFL-MAT-J03WG4,Borussia Mönchengladbach:RB Leipzig,2022/2023,Bundesliga,DFL-CLU-000004,Borussia Mönchengladbach,home,4-2-3-1,4-2-3-1,"[4, 2, 3, 1]"
DFL-MAT-J03WG5,Bayer 04 Leverkusen:SV Werder Bremen,2022/2023,Bundesliga,DFL-CLU-00000E,SV Werder Bremen,guest,3-3-2-2 Double-10,3-3-2-2,"[3, 3, 2, 2]"
DFL-MAT-J03WG5,Bayer 04 Leverkusen:SV Werder Bremen,2022/2023,Bundesliga,DFL-CLU-00000B,Bayer 04 Leverkusen,home,4-2-3-1,4-2-3-1,"[4, 2, 3, 1]"
DFL-MAT-J03WG6,1. FC Union Berlin:VfL Wolfsburg,2022/2023,Bundesliga,DFL-CLU-000003,VfL Wolfsburg,guest,4-4-2 Double-6 offensive Outliner,4-4-2,"[4, 4, 2]"
DFL-MAT-J03WG6,1. FC Union Berlin:VfL Wolfsburg,2022/2023,Bundesliga,DFL-CLU-00000V,1. FC Union Berlin,home,3-3-2-2,3-3-2-2,"[3, 3, 2, 2]"
DFL-MAT-J03WG7,1. FSV Mainz 05:Hertha BSC,2022/2023,Bundesliga,DFL-CLU-000006,1. FSV Mainz 05,home,3-4-2-1 Double-10,3-4-2-1,"[3, 4, 2, 1]"
DFL-MAT-J03WG7,1. FSV Mainz 05:Hertha BSC,2022/2023,Bundesliga,DFL-CLU-00000Z,Hertha BSC,guest,4-3-3 with 6,4-3-3,"[4, 3, 3]"
DFL-MAT-J03WG8,VfL Bochum 1848:1. FC Köln,2022/2023,Bundesliga,DFL-CLU-000008,1. FC Köln,guest,4-2-3-1,4-2-3-1,"[4, 2, 3, 1]"
DFL-MAT-J03WG8,VfL Bochum 1848:1. FC Köln,2022/2023,Bundesliga,DFL-CLU-00000S,VfL Bochum 1848,home,4-2-3-1,4-2-3-1,"[4, 2, 3, 1]"
DFL-MAT-J03WG9,TSG Hoffenheim:Sport-Club Freiburg,2022/2023,Bundesliga,DFL-CLU-00000A,Sport-Club Freiburg,guest,4-2-3-1,4-2-3-1,"[4, 2, 3, 1]"
DFL-MAT-J03WG9,TSG Hoffenheim:Sport-Club Freiburg,2022/2023,Bundesliga,DFL-CLU-000002,TSG Hoffenheim,home,3-3-2-2,3-3-2-2,"[3, 3, 2, 2]"
DFL-MAT-J03WGA,VfB Stuttgart:Eintracht Frankfurt,2022/2023,Bundesliga,DFL-CLU-00000F,Eintracht Frankfurt,guest,3-4-2-1 Double-10,3-4-2-1,"[3, 4, 2, 1]"
DFL-MAT-J03WGA,VfB Stuttgart:Eintracht Frankfurt,2022/2023,Bundesliga,DFL-CLU-00000D,VfB Stuttgart,home,3-3-2-2,3-3-2-2,"[3, 3, 2, 2]"
DFL-MAT-J03WGB,Borussia Dortmund:FC Schalke 04,2022/2023,Bundesliga,DFL-CLU-000007,Borussia Dortmund,home,4-2-3-1,4-2-3-1,"[4, 2, 3, 1]"
DFL-MAT-J03WGB,Borussia Dortmund:FC Schalke 04,2022/2023,Bundesliga,DFL-CLU-000009,FC Schalke 04,guest,4-2-3-1,4-2-3-1,"[4, 2, 3, 1]"
DFL-MAT-J03WGC,FC Bayern München:Bayer 04 Leverkusen,2022/2023,Bundesliga,DFL-CLU-00000G,FC Bayern München,home,4-4-2 Double-6 offensive Outliner,4-4-2,"[4, 4, 2]"
DFL-MAT-J03WGC,FC Bayern München:Bayer 04 Leverkusen,2022/2023,Bundesliga,DFL-CLU-00000B,Bayer 04 Leverkusen,guest,4-2-3-1,4-2-3-1,"[4, 2, 3, 1]"
DFL-MAT-J03WGD,RB Leipzig:VfL Bochum 1848,2022/2023,Bundesliga,DFL-CLU-000017,RB Leipzig,home,4-4-2 Double-6 offensive Outliner,4-4-2,"[4, 4, 2]"
DFL-MAT-J03WGD,RB Leipzig:VfL Bochum 1848,2022/2023,Bundesliga,DFL-CLU-00000S,VfL Bochum 1848,guest,3-3-2-2,3-3-2-2,"[3, 3, 2, 2]"
DFL-MAT-J03WGE,Sport-Club Freiburg:1. FSV Mainz 05,2022/2023,Bundesliga,DFL-CLU-00000A,Sport-Club Freiburg,home,4-2-3-1,4-2-3-1,"[4, 2, 3, 1]"
DFL-MAT-J03WGE,Sport-Club Freiburg:1. FSV Mainz 05,2022/2023,Bundesliga,DFL-CLU-000006,1. FSV Mainz 05,guest,3-4-2-1 Double-10,3-4-2-1,"[3, 4, 2, 1]"
DFL-MAT-J03WGF,1. FC Köln:Borussia Dortmund,2022/2023,Bundesliga,DFL-CLU-000008,1. FC Köln,home,4-1-3-2,4-1-3-2,"[4, 1, 3, 2]"
DFL-MAT-J03WGF,1. FC Köln:Borussia Dortmund,2022/2023,Bundesliga,DFL-CLU-000007,Borussia Dortmund,guest,4-2-3-1,4-2-3-1,"[4, 2, 3, 1]"
DFL-MAT-J03WGG,Eintracht Frankfurt:1. FC Union Berlin,2022/2023,Bundesliga,DFL-CLU-00000F,Eintracht Frankfurt,home,3-4-2-1 Double-10,3-4-2-1,"[3, 4, 2, 1]"
DFL-MAT-J03WGG,Eintracht Frankfurt:1. FC Union Berlin,2022/2023,Bundesliga,DFL-CLU-00000V,1. FC Union Berlin,guest,3-3-2-2,3-3-2-2,"[3, 3, 2, 2]"
DFL-MAT-J03WGH,VfL Wolfsburg:VfB Stuttgart,2022/2023,Bundesliga,DFL-CLU-00000D,VfB Stuttgart,guest,4-1-4-1,4-1-4-1,"[4, 1, 4, 1]"
DFL-MAT-J03WGH,VfL Wolfsburg:VfB Stuttgart,2022/2023,Bundesliga,DFL-CLU-000003,VfL Wolfsburg,home,4-5-1 offensive Outliner,4-5-1,"[4, 5, 1]"
DFL-MAT-J03WGI,Hertha BSC:TSG Hoffenheim,2022/2023,Bundesliga,DFL-CLU-00000Z,Hertha BSC,home,4-3-3 with 6,4-3-3,"[4, 3, 3]"
DFL-MAT-J03WGI,Hertha BSC:TSG Hoffenheim,2022/2023,Bundesliga,DFL-CLU-000002,TSG Hoffenheim,guest,3-3-2-2,3-3-2-2,"[3, 3, 2, 2]"
DFL-MAT-J03WGJ,FC Schalke 04:FC Augsburg,2022/2023,Bundesliga,DFL-CLU-000009,FC Schalke 04,home,4-4-2 Double-6 offensive Outliner,4-4-2,"[4, 4, 2]"
DFL-MAT-J03WGJ,FC Schalke 04:FC Augsburg,2022/2023,Bundesliga,DFL-CLU-000010,FC Augsburg,guest,4-4-2 Double-6 offensive Outliner,4-4-2,"[4, 4, 2]"
DFL-MAT-J03WGK,SV Werder Bremen:Borussia Mönchengladbach,2022/2023,Bundesliga,DFL-CLU-00000E,SV Werder Bremen,home,3-3-2-2 Double-10,3-3-2-2,"[3, 3, 2, 2]"
DFL-MAT-J03WGK,SV Werder Bremen:Borussia Mönchengladbach,2022/2023,Bundesliga,DFL-CLU-000004,Borussia Mönchengladbach,guest,4-2-3-1,4-2-3-1,"[4, 2, 3, 1]"
DFL-MAT-J03WGL,Borussia Dortmund:FC Bayern München,2022/2023,Bundesliga,DFL-CLU-00000G,FC Bayern München,guest,4-2-3-1,4-2-3-1,"[4, 2, 3, 1]"
DFL-MAT-J03WGL,Borussia Dortmund:FC Bayern München,2022/2023,Bundesliga,DFL-CLU-000007,Borussia Dortmund,home,4-3-3 with 6,4-3-3,"[4, 3, 3]"
DFL-MAT-J03WGM,Bayer 04 Leverkusen:FC Schalke 04,2022/2023,Bundesliga,DFL-CLU-00000B,Bayer 04 Leverkusen,home,3-4-3 defensive Midfielder,3-4-3,"[3, 4, 3]"
DFL-MAT-J03WGM,Bayer 04 Leverkusen:FC Schalke 04,2022/2023,Bundesliga,DFL-CLU-000009,FC Schalke 04,guest,4-4-2 Double-6 offensive Outliner,4-4-2,"[4, 4, 2]"
DFL-MAT-J03WGN,1. FSV Mainz 05:RB Leipzig,2022/2023,Bundesliga,DFL-CLU-000017,RB Leipzig,guest,4-4-2 Double-6 offensive Outliner,4-4-2,"[4, 4, 2]"
DFL-MAT-J03WGN,1. FSV Mainz 05:RB Leipzig,2022/2023,Bundesliga,DFL-CLU-000006,1. FSV Mainz 05,home,3-4-2-1 Double-10,3-4-2-1,"[3, 4, 2, 1]"
DFL-MAT-J03WGO,TSG Hoffenheim:SV Werder Bremen,2022/2023,Bundesliga,DFL-CLU-00000E,SV Werder Bremen,guest,3-3-2-2 Double-10,3-3-2-2,"[3, 3, 2, 2]"
DFL-MAT-J03WGO,TSG Hoffenheim:SV Werder Bremen,2022/2023,Bundesliga,DFL-CLU-000002,TSG Hoffenheim,home,3-3-2-2,3-3-2-2,"[3, 3, 2, 2]"
DFL-MAT-J03WGP,Borussia Mönchengladbach:1. FC Köln,2022/2023,Bundesliga,DFL-CLU-000008,1. FC Köln,guest,4-1-3-2,4-1-3-2,"[4, 1, 3, 2]"
DFL-MAT-J03WGP,Borussia Mönchengladbach:1. FC Köln,2022/2023,Bundesliga,DFL-CLU-000004,Borussia Mönchengladbach,home,4-2-3-1,4-2-3-1,"[4, 2, 3, 1]"
DFL-MAT-J03WGQ,VfL Bochum 1848:Eintracht Frankfurt,2022/2023,Bundesliga,DFL-CLU-00000F,Eintracht Frankfurt,guest,4-4-2 Double-6 offensive Outliner,4-4-2,"[4, 4, 2]"
DFL-MAT-J03WGQ,VfL Bochum 1848:Eintracht Frankfurt,2022/2023,Bundesliga,DFL-CLU-00000S,VfL Bochum 1848,home,4-3-3 with 6,4-3-3,"[4, 3, 3]"
DFL-MAT-J03WGR,FC Augsburg:VfL Wolfsburg,2022/2023,Bundesliga,DFL-CLU-000003,VfL Wolfsburg,guest,4-5-1 offensive Outliner,4-5-1,"[4, 5, 1]"
DFL-MAT-J03WGR,FC Augsburg:VfL Wolfsburg,2022/2023,Bundesliga,DFL-CLU-000010,FC Augsburg,home,4-4-2 Double-6 offensive Outliner,4-4-2,"[4, 4, 2]"
DFL-MAT-J03WGS,VfB Stuttgart:1. FC Union Berlin,2022/2023,Bundesliga,DFL-CLU-00000D,VfB Stuttgart,home,3-3-2-2,3-3-2-2,"[3, 3, 2, 2]"
DFL-MAT-J03WGS,VfB Stuttgart:1. FC Union Berlin,2022/2023,Bundesliga,DFL-CLU-00000V,1. FC Union Berlin,guest,3-3-2-2,3-3-2-2,"[3, 3, 2, 2]"
DFL-MAT-J03WGT,Hertha BSC:Sport-Club Freiburg,2022/2023,Bundesliga,DFL-CLU-00000A,Sport-Club Freiburg,guest,4-2-3-1,4-2-3-1,"[4, 2, 3, 1]"
DFL-MAT-J03WGT,Hertha BSC:Sport-Club Freiburg,2022/2023,Bundesliga,DFL-CLU-00000Z,Hertha BSC,home,4-3-3 with 6,4-3-3,"[4, 3, 3]"
DFL-MAT-J03WGU,FC Bayern München:Sport-Club Freiburg,2022/2023,Bundesliga,DFL-CLU-00000G,FC Bayern München,home,4-3-3 with 6,4-3-3,"[4, 3, 3]"
DFL-MAT-J03WGU,FC Bayern München:Sport-Club Freiburg,2022/2023,Bundesliga,DFL-CLU-00000A,Sport-Club Freiburg,guest,4-4-2 Double-6 offensive Outliner,4-4-2,"[4, 4, 2]"
DFL-MAT-J03WGV,RB Leipzig:Hertha BSC,2022/2023,Bundesliga,DFL-CLU-000017,RB Leipzig,home,4-4-2 Double-6 offensive Outliner,4-4-2,"[4, 4, 2]"
DFL-MAT-J03WGV,RB Leipzig:Hertha BSC,2022/2023,Bundesliga,DFL-CLU-00000Z,Hertha BSC,guest,4-3-3 with 6,4-3-3,"[4, 3, 3]"
DFL-MAT-J03WGW,1. FC Union Berlin:Borussia Dortmund,2022/2023,Bundesliga,DFL-CLU-000007,Borussia Dortmund,guest,3-4-2-1 Double-10,3-4-2-1,"[3, 4, 2, 1]"
DFL-MAT-J03WGW,1. FC Union Berlin:Borussia Dortmund,2022/2023,Bundesliga,DFL-CLU-00000V,1. FC Union Berlin,home,3-3-2-2,3-3-2-2,"[3, 3, 2, 2]"
DFL-MAT-J03WGX,1. FC Köln:FC Augsburg,2022/2023,Bundesliga,DFL-CLU-000008,1. FC Köln,home,4-4-2 Double-6 offensive Outliner,4-4-2,"[4, 4, 2]"
DFL-MAT-J03WGX,1. FC Köln:FC Augsburg,2022/2023,Bundesliga,DFL-CLU-000010,FC Augsburg,guest,4-4-2 Double-6 offensive Outliner,4-4-2,"[4, 4, 2]"
DFL-MAT-J03WGY,Eintracht Frankfurt:Bayer 04 Leverkusen,2022/2023,Bundesliga,DFL-CLU-00000F,Eintracht Frankfurt,home,3-4-2-1 defensive Midfielder,3-4-2-1,"[3, 4, 2, 1]"
DFL-MAT-J03WGY,Eintracht Frankfurt:Bayer 04 Leverkusen,2022/2023,Bundesliga,DFL-CLU-00000B,Bayer 04 Leverkusen,guest,3-4-3 defensive Midfielder,3-4-3,"[3, 4, 3]"
DFL-MAT-J03WGZ,VfL Wolfsburg:Borussia Mönchengladbach,2022/2023,Bundesliga,DFL-CLU-000004,Borussia Mönchengladbach,guest,4-2-3-1,4-2-3-1,"[4, 2, 3, 1]"
DFL-MAT-J03WGZ,VfL Wolfsburg:Borussia Mönchengladbach,2022/2023,Bundesliga,DFL-CLU-000003,VfL Wolfsburg,home,4-5-1 offensive Outliner,4-5-1,"[4, 5, 1]"
DFL-MAT-J03WH0,VfB Stuttgart:VfL Bochum 1848,2022/2023,Bundesliga,DFL-CLU-00000D,VfB Stuttgart,home,3-3-2-2,3-3-2-2,"[3, 3, 2, 2]"
DFL-MAT-J03WH0,VfB Stuttgart:VfL Bochum 1848,2022/2023,Bundesliga,DFL-CLU-00000S,VfL Bochum 1848,guest,4-3-3 Double-6,4-3-3,"[4, 3, 3]"
DFL-MAT-J03WH1,FC Schalke 04:TSG Hoffenheim,2022/2023,Bundesliga,DFL-CLU-000009,FC Schalke 04,home,4-2-3-1,4-2-3-1,"[4, 2, 3, 1]"
DFL-MAT-J03WH1,FC Schalke 04:TSG Hoffenheim,2022/2023,Bundesliga,DFL-CLU-000002,TSG Hoffenheim,guest,3-3-2-2,3-3-2-2,"[3, 3, 2, 2]"
DFL-MAT-J03WH2,SV Werder Bremen:1. FSV Mainz 05,2022/2023,Bundesliga,DFL-CLU-00000E,SV Werder Bremen,home,3-3-2-2 Double-10,3-3-2-2,"[3, 3, 2, 2]"
DFL-MAT-J03WH2,SV Werder Bremen:1. FSV Mainz 05,2022/2023,Bundesliga,DFL-CLU-000006,1. FSV Mainz 05,guest,3-3-2-2,3-3-2-2,"[3, 3, 2, 2]"
DFL-MAT-J03WH3,Borussia Dortmund:VfB Stuttgart,2022/2023,Bundesliga,DFL-CLU-00000D,VfB Stuttgart,guest,3-3-2-2,3-3-2-2,"[3, 3, 2, 2]"
DFL-MAT-J03WH3,Borussia Dortmund:VfB Stuttgart,2022/2023,Bundesliga,DFL-CLU-000007,Borussia Dortmund,home,4-2-3-1,4-2-3-1,"[4, 2, 3, 1]"
DFL-MAT-J03WH4,Bayer 04 Leverkusen:VfL Wolfsburg,2022/2023,Bundesliga,DFL-CLU-00000B,Bayer 04 Leverkusen,home,3-4-3 defensive Midfielder,3-4-3,"[3, 4, 3]"
DFL-MAT-J03WH4,Bayer 04 Leverkusen:VfL Wolfsburg,2022/2023,Bundesliga,DFL-CLU-000003,VfL Wolfsburg,guest,4-5-1 offensive Outliner,4-5-1,"[4, 5, 1]"
DFL-MAT-J03WH5,Sport-Club Freiburg:SV Werder Bremen,2022/2023,Bundesliga,DFL-CLU-00000E,SV Werder Bremen,guest,3-3-2-2 Double-10,3-3-2-2,"[3, 3, 2, 2]"
DFL-MAT-J03WH5,Sport-Club Freiburg:SV Werder Bremen,2022/2023,Bundesliga,DFL-CLU-00000A,Sport-Club Freiburg,home,3-4-2-1 Double-10,3-4-2-1,"[3, 4, 2, 1]"
DFL-MAT-J03WH6,1. FSV Mainz 05:1. FC Köln,2022/2023,Bundesliga,DFL-CLU-000008,1. FC Köln,guest,4-2-3-1,4-2-3-1,"[4, 2, 3, 1]"
DFL-MAT-J03WH6,1. FSV Mainz 05:1. FC Köln,2022/2023,Bundesliga,DFL-CLU-000006,1. FSV Mainz 05,home,3-3-2-2,3-3-2-2,"[3, 3, 2, 2]"
DFL-MAT-J03WH7,TSG Hoffenheim:FC Bayern München,2022/2023,Bundesliga,DFL-CLU-00000G,FC Bayern München,guest,4-2-3-1,4-2-3-1,"[4, 2, 3, 1]"
DFL-MAT-J03WH7,TSG Hoffenheim:FC Bayern München,2022/2023,Bundesliga,DFL-CLU-000002,TSG Hoffenheim,home,3-3-2-2,3-3-2-2,"[3, 3, 2, 2]"
DFL-MAT-J03WH8,Borussia Mönchengladbach:Eintracht Frankfurt,2022/2023,Bundesliga,DFL-CLU-00000F,Eintracht Frankfurt,guest,3-4-2-1 defensive Midfielder,3-4-2-1,"[3, 4, 2, 1]"
DFL-MAT-J03WH8,Borussia Mönchengladbach:Eintracht Frankfurt,2022/2023,Bundesliga,DFL-CLU-000004,Borussia Mönchengladbach,home,4-2-3-1,4-2-3-1,"[4, 2, 3, 1]"
DFL-MAT-J03WH9,VfL Bochum 1848:1. FC Union Berlin,2022/2023,Bundesliga,DFL-CLU-00000S,VfL Bochum 1848,home,4-3-3 Double-6,4-3-3,"[4, 3, 3]"
DFL-MAT-J03WH9,VfL Bochum 1848:1. FC Union Berlin,2022/2023,Bundesliga,DFL-CLU-00000V,1. FC Union Berlin,guest,3-3-2-2,3-3-2-2,"[3, 3, 2, 2]"
DFL-MAT-J03WHA,FC Augsburg:RB Leipzig,2022/2023,Bundesliga,DFL-CLU-000017,RB Leipzig,guest,4-4-2 Double-6 offensive Outliner,4-4-2,"[4, 4, 2]"
DFL-MAT-J03WHA,FC Augsburg:RB Leipzig,2022/2023,Bundesliga,DFL-CLU-000010,FC Augsburg,home,4-4-2 Double-6 offensive Outliner,4-4-2,"[4, 4, 2]"
DFL-MAT-J03WHB,Hertha BSC:FC Schalke 04,2022/2023,Bundesliga,DFL-CLU-000009,FC Schalke 04,guest,3-3-2-2,3-3-2-2,"[3, 3, 2, 2]"
DFL-MAT-J03WHB,Hertha BSC:FC Schalke 04,2022/2023,Bundesliga,DFL-CLU-00000Z,Hertha BSC,home,4-4-2 Double-6 offensive Outliner,4-4-2,"[4, 4, 2]"
DFL-MAT-J03WHC,FC Bayern München:1. FSV Mainz 05,2022/2023,Bundesliga,DFL-CLU-00000G,FC Bayern München,home,4-2-3-1,4-2-3-1,"[4, 2, 3, 1]"
DFL-MAT-J03WHC,FC Bayern München:1. FSV Mainz 05,2022/2023,Bundesliga,DFL-CLU-000006,1. FSV Mainz 05,guest,3-4-2-1 defensive Midfielder,3-4-2-1,"[3, 4, 2, 1]"
DFL-MAT-J03WHD,RB Leipzig:Bayer 04 Leverkusen,2022/2023,Bundesliga,DFL-CLU-000017,RB Leipzig,home,3-3-2-2,3-3-2-2,"[3, 3, 2, 2]"
DFL-MAT-J03WHD,RB Leipzig:Bayer 04 Leverkusen,2022/2023,Bundesliga,DFL-CLU-00000B,Bayer 04 Leverkusen,guest,3-4-3 defensive Midfielder,3-4-3,"[3, 4, 3]"
DFL-MAT-J03WHE,1. FC Union Berlin:Borussia Mönchengladbach,2022/2023,Bundesliga,DFL-CLU-000004,Borussia Mönchengladbach,guest,4-2-3-1,4-2-3-1,"[4, 2, 3, 1]"
DFL-MAT-J03WHE,1. FC Union Berlin:Borussia Mönchengladbach,2022/2023,Bundesliga,DFL-CLU-00000V,1. FC Union Berlin,home,3-3-2-2,3-3-2-2,"[3, 3, 2, 2]"
DFL-MAT-J03WHF,1. FC Köln:TSG Hoffenheim,2022/2023,Bundesliga,DFL-CLU-000008,1. FC Köln,home,4-2-3-1,4-2-3-1,"[4, 2, 3, 1]"
DFL-MAT-J03WHF,1. FC Köln:TSG Hoffenheim,2022/2023,Bundesliga,DFL-CLU-000002,TSG Hoffenheim,guest,3-3-2-2,3-3-2-2,"[3, 3, 2, 2]"
DFL-MAT-J03WHG,Eintracht Frankfurt:Borussia Dortmund,2022/2023,Bundesliga,DFL-CLU-00000F,Eintracht Frankfurt,home,3-4-2-1 defensive Midfielder,3-4-2-1,"[3, 4, 2, 1]"
DFL-MAT-J03WHG,Eintracht Frankfurt:Borussia Dortmund,2022/2023,Bundesliga,DFL-CLU-000007,Borussia Dortmund,guest,4-2-3-1,4-2-3-1,"[4, 2, 3, 1]"
DFL-MAT-J03WHH,VfL Wolfsburg:VfL Bochum 1848,2022/2023,Bundesliga,DFL-CLU-00000S,VfL Bochum 1848,guest,4-3-3 Double-6,4-3-3,"[4, 3, 3]"
DFL-MAT-J03WHH,VfL Wolfsburg:VfL Bochum 1848,2022/2023,Bundesliga,DFL-CLU-000003,VfL Wolfsburg,home,4-5-1 offensive Outliner,4-5-1,"[4, 5, 1]"
DFL-MAT-J03WHI,VfB Stuttgart:FC Augsburg,2022/2023,Bundesliga,DFL-CLU-00000D,VfB Stuttgart,home,4-4-2 Double-6 offensive Outliner,4-4-2,"[4, 4, 2]"
DFL-MAT-J03WHI,VfB Stuttgart:FC Augsburg,2022/2023,Bundesliga,DFL-CLU-000010,FC Augsburg,guest,4-4-2 Double-6 offensive Outliner,4-4-2,"[4, 4, 2]"
DFL-MAT-J03WHJ,FC Schalke 04:Sport-Club Freiburg,2022/2023,Bundesliga,DFL-CLU-000009,FC Schalke 04,home,4-2-3-1,4-2-3-1,"[4, 2, 3, 1]"
DFL-MAT-J03WHJ,FC Schalke 04:Sport-Club Freiburg,2022/2023,Bundesliga,DFL-CLU-00000A,Sport-Club Freiburg,guest,4-2-3-1,4-2-3-1,"[4, 2, 3, 1]"
DFL-MAT-J03WHK,SV Werder Bremen:Hertha BSC,2022/2023,Bundesliga,DFL-CLU-00000E,SV Werder Bremen,home,3-3-2-2 Double-10,3-3-2-2,"[3, 3, 2, 2]"
DFL-MAT-J03WHK,SV Werder Bremen:Hertha BSC,2022/2023,Bundesliga,DFL-CLU-00000Z,Hertha BSC,guest,4-4-2 Double-6 offensive Outliner,4-4-2,"[4, 4, 2]"
DFL-MAT-J03WHL,Borussia Dortmund:VfL Bochum 1848,2022/2023,Bundesliga,DFL-CLU-000007,Borussia Dortmund,home,4-3-3 with 6,4-3-3,"[4, 3, 3]"
DFL-MAT-J03WHL,Borussia Dortmund:VfL Bochum 1848,2022/2023,Bundesliga,DFL-CLU-00000S,VfL Bochum 1848,guest,4-2-3-1,4-2-3-1,"[4, 2, 3, 1]"
DFL-MAT-J03WHM,Bayer 04 Leverkusen:1. FC Union Berlin,2022/2023,Bundesliga,DFL-CLU-00000B,Bayer 04 Leverkusen,home,3-4-3 defensive Midfielder,3-4-3,"[3, 4, 3]"
DFL-MAT-J03WHM,Bayer 04 Leverkusen:1. FC Union Berlin,2022/2023,Bundesliga,DFL-CLU-00000V,1. FC Union Berlin,guest,3-3-2-2,3-3-2-2,"[3, 3, 2, 2]"
DFL-MAT-J03WHN,Sport-Club Freiburg:1. FC Köln,2022/2023,Bundesliga,DFL-CLU-000008,1. FC Köln,guest,4-2-3-1,4-2-3-1,"[4, 2, 3, 1]"
DFL-MAT-J03WHN,Sport-Club Freiburg:1. FC Köln,2022/2023,Bundesliga,DFL-CLU-00000A,Sport-Club Freiburg,home,4-2-3-1,4-2-3-1,"[4, 2, 3, 1]"
DFL-MAT-J03WHO,1. FSV Mainz 05:VfL Wolfsburg,2022/2023,Bundesliga,DFL-CLU-000006,1. FSV Mainz 05,home,3-3-2-2,3-3-2-2,"[3, 3, 2, 2]"
DFL-MAT-J03WHO,1. FSV Mainz 05:VfL Wolfsburg,2022/2023,Bundesliga,DFL-CLU-000003,VfL Wolfsburg,guest,4-5-1 offensive Outliner,4-5-1,"[4, 5, 1]"
DFL-MAT-J03WHP,TSG Hoffenheim:RB Leipzig,2022/2023,Bundesliga,DFL-CLU-000017,RB Leipzig,guest,4-4-2 Double-6 offensive Outliner,4-4-2,"[4, 4, 2]"
DFL-MAT-J03WHP,TSG Hoffenheim:RB Leipzig,2022/2023,Bundesliga,DFL-CLU-000002,TSG Hoffenheim,home,3-3-2-2,3-3-2-2,"[3, 3, 2, 2]"
DFL-MAT-J03WHQ,Borussia Mönchengladbach:VfB Stuttgart,2022/2023,Bundesliga,DFL-CLU-00000D,VfB Stuttgart,guest,4-4-2 Double-6 offensive Outliner,4-4-2,"[4, 4, 2]"
DFL-MAT-J03WHQ,Borussia Mönchengladbach:VfB Stuttgart,2022/2023,Bundesliga,DFL-CLU-000004,Borussia Mönchengladbach,home,4-2-3-1,4-2-3-1,"[4, 2, 3, 1]"
DFL-MAT-J03WHR,FC Augsburg:Eintracht Frankfurt,2022/2023,Bundesliga,DFL-CLU-00000F,Eintracht Frankfurt,guest,3-4-2-1 defensive Midfielder,3-4-2-1,"[3, 4, 2, 1]"
DFL-MAT-J03WHR,FC Augsburg:Eintracht Frankfurt,2022/2023,Bundesliga,DFL-CLU-000010,FC Augsburg,home,4-4-2 Double-6 offensive Outliner,4-4-2,"[4, 4, 2]"
DFL-MAT-J03WHS,Hertha BSC:FC Bayern München,2022/2023,Bundesliga,DFL-CLU-00000G,FC Bayern München,guest,4-2-3-1,4-2-3-1,"[4, 2, 3, 1]"
DFL-MAT-J03WHS,Hertha BSC:FC Bayern München,2022/2023,Bundesliga,DFL-CLU-00000Z,Hertha BSC,home,4-4-2 Double-6 offensive Outliner,4-4-2,"[4, 4, 2]"
DFL-MAT-J03WHT,SV Werder Bremen:FC Schalke 04,2022/2023,Bundesliga,DFL-CLU-00000E,SV Werder Bremen,home,3-3-2-2 Double-10,3-3-2-2,"[3, 3, 2, 2]"
DFL-MAT-J03WHT,SV Werder Bremen:FC Schalke 04,2022/2023,Bundesliga,DFL-CLU-000009,FC Schalke 04,guest,4-2-3-1,4-2-3-1,"[4, 2, 3, 1]"
DFL-MAT-J03WHU,FC Bayern München:SV Werder Bremen,2022/2023,Bundesliga,DFL-CLU-00000G,FC Bayern München,home,4-2-3-1,4-2-3-1,"[4, 2, 3, 1]"
DFL-MAT-J03WHU,FC Bayern München:SV Werder Bremen,2022/2023,Bundesliga,DFL-CLU-00000E,SV Werder Bremen,guest,3-3-2-2 Double-10,3-3-2-2,"[3, 3, 2, 2]"
DFL-MAT-J03WHV,RB Leipzig:Sport-Club Freiburg,2022/2023,Bundesliga,DFL-CLU-000017,RB Leipzig,home,4-4-2 Double-6 offensive Outliner,4-4-2,"[4, 4, 2]"
DFL-MAT-J03WHV,RB Leipzig:Sport-Club Freiburg,2022/2023,Bundesliga,DFL-CLU-00000A,Sport-Club Freiburg,guest,3-3-2-2,3-3-2-2,"[3, 3, 2, 2]"
DFL-MAT-J03WHW,1. FC Union Berlin:FC Augsburg,2022/2023,Bundesliga,DFL-CLU-000010,FC Augsburg,guest,4-2-3-1,4-2-3-1,"[4, 2, 3, 1]"
DFL-MAT-J03WHW,1. FC Union Berlin:FC Augsburg,2022/2023,Bundesliga,DFL-CLU-00000V,1. FC Union Berlin,home,3-3-2-2,3-3-2-2,"[3, 3, 2, 2]"
DFL-MAT-J03WHX,1. FC Köln:Bayer 04 Leverkusen,2022/2023,Bundesliga,DFL-CLU-000008,1. FC Köln,home,4-2-3-1,4-2-3-1,"[4, 2, 3, 1]"
DFL-MAT-J03WHX,1. FC Köln:Bayer 04 Leverkusen,2022/2023,Bundesliga,DFL-CLU-00000B,Bayer 04 Leverkusen,guest,3-4-3 defensive Midfielder,3-4-3,"[3, 4, 3]"
DFL-MAT-J03WHY,Eintracht Frankfurt:TSG Hoffenheim,2022/2023,Bundesliga,DFL-CLU-00000F,Eintracht Frankfurt,home,3-4-2-1 Double-10,3-4-2-1,"[3, 4, 2, 1]"
DFL-MAT-J03WHY,Eintracht Frankfurt:TSG Hoffenheim,2022/2023,Bundesliga,DFL-CLU-000002,TSG Hoffenheim,guest,3-3-2-2,3-3-2-2,"[3, 3, 2, 2]"
DFL-MAT-J03WHZ,VfL Wolfsburg:Borussia Dortmund,2022/2023,Bundesliga,DFL-CLU-000007,Borussia Dortmund,guest,4-2-3-1,4-2-3-1,"[4, 2, 3, 1]"
DFL-MAT-J03WHZ,VfL Wolfsburg:Borussia Dortmund,2022/2023,Bundesliga,DFL-CLU-000003,VfL Wolfsburg,home,4-5-1 offensive Outliner,4-5-1,"[4, 5, 1]"
DFL-MAT-J03WI0,VfL Bochum 1848:Borussia Mönchengladbach,2022/2023,Bundesliga,DFL-CLU-000004,Borussia Mönchengladbach,guest,4-2-3-1,4-2-3-1,"[4, 2, 3, 1]"
DFL-MAT-J03WI0,VfL Bochum 1848:Borussia Mönchengladbach,2022/2023,Bundesliga,DFL-CLU-00000S,VfL Bochum 1848,home,4-3-3 with 6,4-3-3,"[4, 3, 3]"
DFL-MAT-J03WI1,VfB Stuttgart:Hertha BSC,2022/2023,Bundesliga,DFL-CLU-00000D,VfB Stuttgart,home,4-2-3-1,4-2-3-1,"[4, 2, 3, 1]"
DFL-MAT-J03WI1,VfB Stuttgart:Hertha BSC,2022/2023,Bundesliga,DFL-CLU-00000Z,Hertha BSC,guest,4-4-2 Double-6 offensive Outliner,4-4-2,"[4, 4, 2]"
DFL-MAT-J03WI2,FC Schalke 04:1. FSV Mainz 05,2022/2023,Bundesliga,DFL-CLU-000009,FC Schalke 04,home,4-2-3-1,4-2-3-1,"[4, 2, 3, 1]"
DFL-MAT-J03WI2,FC Schalke 04:1. FSV Mainz 05,2022/2023,Bundesliga,DFL-CLU-000006,1. FSV Mainz 05,guest,3-3-2-2,3-3-2-2,"[3, 3, 2, 2]"
DFL-MAT-J03WI3,Bayer 04 Leverkusen:VfB Stuttgart,2022/2023,Bundesliga,DFL-CLU-00000D,VfB Stuttgart,guest,3-4-2-1 Double-10,3-4-2-1,"[3, 4, 2, 1]"
DFL-MAT-J03WI3,Bayer 04 Leverkusen:VfB Stuttgart,2022/2023,Bundesliga,DFL-CLU-00000B,Bayer 04 Leverkusen,home,3-4-3 defensive Midfielder,3-4-3,"[3, 4, 3]"
DFL-MAT-J03WI4,Sport-Club Freiburg:1. FC Union Berlin,2022/2023,Bundesliga,DFL-CLU-00000A,Sport-Club Freiburg,home,3-4-3 defensive Midfielder,3-4-3,"[3, 4, 3]"
DFL-MAT-J03WI4,Sport-Club Freiburg:1. FC Union Berlin,2022/2023,Bundesliga,DFL-CLU-00000V,1. FC Union Berlin,guest,3-3-2-2,3-3-2-2,"[3, 3, 2, 2]"
DFL-MAT-J03WI5,1. FSV Mainz 05:Eintracht Frankfurt,2022/2023,Bundesliga,DFL-CLU-00000F,Eintracht Frankfurt,guest,3-4-2-1 Double-10,3-4-2-1,"[3, 4, 2, 1]"
DFL-MAT-J03WI5,1. FSV Mainz 05:Eintracht Frankfurt,2022/2023,Bundesliga,DFL-CLU-000006,1. FSV Mainz 05,home,3-4-2-1 Double-10,3-4-2-1,"[3, 4, 2, 1]"
DFL-MAT-J03WI6,TSG Hoffenheim:VfL Wolfsburg,2022/2023,Bundesliga,DFL-CLU-000003,VfL Wolfsburg,guest,4-3-3 with 6,4-3-3,"[4, 3, 3]"
DFL-MAT-J03WI6,TSG Hoffenheim:VfL Wolfsburg,2022/2023,Bundesliga,DFL-CLU-000002,TSG Hoffenheim,home,3-4-1-2 defensive Midfielder,3-4-1-2,"[3, 4, 1, 2]"
DFL-MAT-J03WI7,Borussia Mönchengladbach:Borussia Dortmund,2022/2023,Bundesliga,DFL-CLU-000004,Borussia Mönchengladbach,home,4-2-3-1,4-2-3-1,"[4, 2, 3, 1]"
DFL-MAT-J03WI7,Borussia Mönchengladbach:Borussia Dortmund,2022/2023,Bundesliga,DFL-CLU-000007,Borussia Dortmund,guest,4-2-3-1,4-2-3-1,"[4, 2, 3, 1]"
DFL-MAT-J03WI8,FC Augsburg:VfL Bochum 1848,2022/2023,Bundesliga,DFL-CLU-00000S,VfL Bochum 1848,guest,4-3-3 with 6,4-3-3,"[4, 3, 3]"
DFL-MAT-J03WI8,FC Augsburg:VfL Bochum 1848,2022/2023,Bundesliga,DFL-CLU-000010,FC Augsburg,home,3-4-1-2 defensive Midfielder,3-4-1-2,"[3, 4, 1, 2]"
DFL-MAT-J03WI9,Hertha BSC:1. FC Köln,2022/2023,Bundesliga,DFL-CLU-000008,1. FC Köln,guest,4-4-2 Double-6 offensive Outliner,4-4-2,"[4, 4, 2]"
DFL-MAT-J03WI9,Hertha BSC:1. FC Köln,2022/2023,Bundesliga,DFL-CLU-00000Z,Hertha BSC,home,4-3-3 with 6,4-3-3,"[4, 3, 3]"
DFL-MAT-J03WIA,FC Schalke 04:FC Bayern München,2022/2023,Bundesliga,DFL-CLU-00000G,FC Bayern München,guest,4-1-4-1 offensive Midfielder,4-1-4-1,"[4, 1, 4, 1]"
DFL-MAT-J03WIA,FC Schalke 04:FC Bayern München,2022/2023,Bundesliga,DFL-CLU-000009,FC Schalke 04,home,4-2-3-1,4-2-3-1,"[4, 2, 3, 1]"
DFL-MAT-J03WIB,SV Werder Bremen:RB Leipzig,2022/2023,Bundesliga,DFL-CLU-000017,RB Leipzig,guest,4-4-2 Double-6 offensive Outliner,4-4-2,"[4, 4, 2]"
DFL-MAT-J03WIB,SV Werder Bremen:RB Leipzig,2022/2023,Bundesliga,DFL-CLU-00000E,SV Werder Bremen,home,3-3-2-2 Double-10,3-3-2-2,"[3, 3, 2, 2]"
DFL-MAT-J03WIC,Borussia Dortmund:FC Augsburg,2022/2023,Bundesliga,DFL-CLU-000007,Borussia Dortmund,home,4-1-4-1 offensive Midfielder,4-1-4-1,"[4, 1, 4, 1]"
DFL-MAT-J03WIC,Borussia Dortmund:FC Augsburg,2022/2023,Bundesliga,DFL-CLU-000010,FC Augsburg,guest,4-4-2 Double-6,4-4-2,"[4, 4, 2]"
DFL-MAT-J03WID,RB Leipzig:FC Bayern München,2022/2023,Bundesliga,DFL-CLU-000017,RB Leipzig,home,4-4-2 Double-6 offensive Outliner,4-4-2,"[4, 4, 2]"
DFL-MAT-J03WID,RB Leipzig:FC Bayern München,2022/2023,Bundesliga,DFL-CLU-00000G,FC Bayern München,guest,4-2-3-1,4-2-3-1,"[4, 2, 3, 1]"
DFL-MAT-J03WIE,1. FC Union Berlin:TSG Hoffenheim,2022/2023,Bundesliga,DFL-CLU-00000V,1. FC Union Berlin,home,3-3-2-2,3-3-2-2,"[3, 3, 2, 2]"
DFL-MAT-J03WIE,1. FC Union Berlin:TSG Hoffenheim,2022/2023,Bundesliga,DFL-CLU-000002,TSG Hoffenheim,guest,3-4-2-1 Double-10,3-4-2-1,"[3, 4, 2, 1]"
DFL-MAT-J03WIF,1. FC Köln:SV Werder Bremen,2022/2023,Bundesliga,DFL-CLU-00000E,SV Werder Bremen,guest,3-3-2-2 Double-10,3-3-2-2,"[3, 3, 2, 2]"
DFL-MAT-J03WIF,1. FC Köln:SV Werder Bremen,2022/2023,Bundesliga,DFL-CLU-000008,1. FC Köln,home,4-2-3-1,4-2-3-1,"[4, 2, 3, 1]"
DFL-MAT-J03WIG,Borussia Mönchengladbach:Bayer 04 Leverkusen,2022/2023,Bundesliga,DFL-CLU-00000B,Bayer 04 Leverkusen,guest,3-4-3 defensive Midfielder,3-4-3,"[3, 4, 3]"
DFL-MAT-J03WIG,Borussia Mönchengladbach:Bayer 04 Leverkusen,2022/2023,Bundesliga,DFL-CLU-000004,Borussia Mönchengladbach,home,4-2-3-1,4-2-3-1,"[4, 2, 3, 1]"
DFL-MAT-J03WIH,Eintracht Frankfurt:FC Schalke 04,2022/2023,Bundesliga,DFL-CLU-00000F,Eintracht Frankfurt,home,3-4-2-1 Double-10,3-4-2-1,"[3, 4, 2, 1]"
DFL-MAT-J03WIH,Eintracht Frankfurt:FC Schalke 04,2022/2023,Bundesliga,DFL-CLU-000009,FC Schalke 04,guest,4-5-1 offensive Outliner,4-5-1,"[4, 5, 1]"
DFL-MAT-J03WII,VfL Wolfsburg:Sport-Club Freiburg,2022/2023,Bundesliga,DFL-CLU-00000A,Sport-Club Freiburg,guest,4-2-3-1,4-2-3-1,"[4, 2, 3, 1]"
DFL-MAT-J03WII,VfL Wolfsburg:Sport-Club Freiburg,2022/2023,Bundesliga,DFL-CLU-000003,VfL Wolfsburg,home,4-5-1 offensive Outliner,4-5-1,"[4, 5, 1]"
DFL-MAT-J03WIJ,VfL Bochum 1848:Hertha BSC,2022/2023,Bundesliga,DFL-CLU-00000S,VfL Bochum 1848,home,4-3-3 with 6,4-3-3,"[4, 3, 3]"
DFL-MAT-J03WIJ,VfL Bochum 1848:Hertha BSC,2022/2023,Bundesliga,DFL-CLU-00000Z,Hertha BSC,guest,4-3-3 Double-6,4-3-3,"[4, 3, 3]"
DFL-MAT-J03WIK,VfB Stuttgart:1. FSV Mainz 05,2022/2023,Bundesliga,DFL-CLU-00000D,VfB Stuttgart,home,4-3-3 with 6,4-3-3,"[4, 3, 3]"
DFL-MAT-J03WIK,VfB Stuttgart:1. FSV Mainz 05,2022/2023,Bundesliga,DFL-CLU-000006,1. FSV Mainz 05,guest,3-3-2-2,3-3-2-2,"[3, 3, 2, 2]"
DFL-MAT-J03WIL,FC Bayern München:1. FC Köln,2022/2023,Bundesliga,DFL-CLU-00000G,FC Bayern München,home,4-2-3-1,4-2-3-1,"[4, 2, 3, 1]"
DFL-MAT-J03WIL,FC Bayern München:1. FC Köln,2022/2023,Bundesliga,DFL-CLU-000008,1. FC Köln,guest,4-1-3-2,4-1-3-2,"[4, 1, 3, 2]"
DFL-MAT-J03WIM,Bayer 04 Leverkusen:VfL Bochum 1848,2022/2023,Bundesliga,DFL-CLU-00000B,Bayer 04 Leverkusen,home,4-2-3-1,4-2-3-1,"[4, 2, 3, 1]"
DFL-MAT-J03WIM,Bayer 04 Leverkusen:VfL Bochum 1848,2022/2023,Bundesliga,DFL-CLU-00000S,VfL Bochum 1848,guest,4-2-3-1,4-2-3-1,"[4, 2, 3, 1]"
DFL-MAT-J03WIN,Sport-Club Freiburg:Eintracht Frankfurt,2022/2023,Bundesliga,DFL-CLU-00000F,Eintracht Frankfurt,guest,3-4-2-1 Double-10,3-4-2-1,"[3, 4, 2, 1]"
DFL-MAT-J03WIN,Sport-Club Freiburg:Eintracht Frankfurt,2022/2023,Bundesliga,DFL-CLU-00000A,Sport-Club Freiburg,home,3-4-3 defensive Midfielder,3-4-3,"[3, 4, 3]"
DFL-MAT-J03WIO,1. FSV Mainz 05:Borussia Dortmund,2022/2023,Bundesliga,DFL-CLU-000007,Borussia Dortmund,guest,4-5-1 offensive Outliner,4-5-1,"[4, 5, 1]"
DFL-MAT-J03WIO,1. FSV Mainz 05:Borussia Dortmund,2022/2023,Bundesliga,DFL-CLU-000006,1. FSV Mainz 05,home,3-3-2-2,3-3-2-2,"[3, 3, 2, 2]"
DFL-MAT-J03WIP,TSG Hoffenheim:VfB Stuttgart,2022/2023,Bundesliga,DFL-CLU-00000D,VfB Stuttgart,guest,4-3-3 with 6,4-3-3,"[4, 3, 3]"
DFL-MAT-J03WIP,TSG Hoffenheim:VfB Stuttgart,2022/2023,Bundesliga,DFL-CLU-000002,TSG Hoffenheim,home,3-4-1-2 defensive Midfielder,3-4-1-2,"[3, 4, 1, 2]"
DFL-MAT-J03WIQ,FC Augsburg:Borussia Mönchengladbach,2022/2023,Bundesliga,DFL-CLU-000004,Borussia Mönchengladbach,guest,4-2-3-1,4-2-3-1,"[4, 2, 3, 1]"
DFL-MAT-J03WIQ,FC Augsburg:Borussia Mönchengladbach,2022/2023,Bundesliga,DFL-CLU-000010,FC Augsburg,home,4-4-2 Double-6,4-4-2,"[4, 4, 2]"
DFL-MAT-J03WIR,Hertha BSC:VfL Wolfsburg,2022/2023,Bundesliga,DFL-CLU-00000Z,Hertha BSC,home,4-3-3 Double-6,4-3-3,"[4, 3, 3]"
DFL-MAT-J03WIR,Hertha BSC:VfL Wolfsburg,2022/2023,Bundesliga,DFL-CLU-000003,VfL Wolfsburg,guest,4-5-1 offensive Outliner,4-5-1,"[4, 5, 1]"
DFL-MAT-J03WIS,FC Schalke 04:RB Leipzig,2022/2023,Bundesliga,DFL-CLU-000017,RB Leipzig,guest,4-4-2 Double-6 offensive Outliner,4-4-2,"[4, 4, 2]"
DFL-MAT-J03WIS,FC Schalke 04:RB Leipzig,2022/2023,Bundesliga,DFL-CLU-000009,FC Schalke 04,home,4-2-3-1,4-2-3-1,"[4, 2, 3, 1]"
DFL-MAT-J03WIT,SV Werder Bremen:1. FC Union Berlin,2022/2023,Bundesliga,DFL-CLU-00000E,SV Werder Bremen,home,3-3-2-2 Double-10,3-3-2-2,"[3, 3, 2, 2]"
DFL-MAT-J03WIT,SV Werder Bremen:1. FC Union Berlin,2022/2023,Bundesliga,DFL-CLU-00000V,1. FC Union Berlin,guest,3-3-2-2,3-3-2-2,"[3, 3, 2, 2]"
DFL-MAT-J03WIU,FC Bayern München:Eintracht Frankfurt,2022/2023,Bundesliga,DFL-CLU-00000G,FC Bayern München,home,4-2-3-1,4-2-3-1,"[4, 2, 3, 1]"
DFL-MAT-J03WIU,FC Bayern München:Eintracht Frankfurt,2022/2023,Bundesliga,DFL-CLU-00000F,Eintracht Frankfurt,guest,3-4-2-1 Double-10,3-4-2-1,"[3, 4, 2, 1]"
DFL-MAT-J03WIV,Bayer 04 Leverkusen:Borussia Dortmund,2022/2023,Bundesliga,DFL-CLU-00000B,Bayer 04 Leverkusen,home,4-3-3 with 6,4-3-3,"[4, 3, 3]"
DFL-MAT-J03WIV,Bayer 04 Leverkusen:Borussia Dortmund,2022/2023,Bundesliga,DFL-CLU-000007,Borussia Dortmund,guest,4-5-1 offensive Outliner,4-5-1,"[4, 5, 1]"
DFL-MAT-J03WIW,RB Leipzig:VfB Stuttgart,2022/2023,Bundesliga,DFL-CLU-000017,RB Leipzig,home,4-4-2 Double-6 offensive Outliner,4-4-2,"[4, 4, 2]"
DFL-MAT-J03WIW,RB Leipzig:VfB Stuttgart,2022/2023,Bundesliga,DFL-CLU-00000D,VfB Stuttgart,guest,4-2-3-1,4-2-3-1,"[4, 2, 3, 1]"
DFL-MAT-J03WIX,Sport-Club Freiburg:FC Augsburg,2022/2023,Bundesliga,DFL-CLU-00000A,Sport-Club Freiburg,home,3-4-3 defensive Midfielder,3-4-3,"[3, 4, 3]"
DFL-MAT-J03WIX,Sport-Club Freiburg:FC Augsburg,2022/2023,Bundesliga,DFL-CLU-000010,FC Augsburg,guest,4-4-2 Double-6,4-4-2,"[4, 4, 2]"
DFL-MAT-J03WIY,1. FSV Mainz 05:VfL Bochum 1848,2022/2023,Bundesliga,DFL-CLU-00000S,VfL Bochum 1848,guest,4-3-3 with 6,4-3-3,"[4, 3, 3]"
DFL-MAT-J03WIY,1. FSV Mainz 05:VfL Bochum 1848,2022/2023,Bundesliga,DFL-CLU-000006,1. FSV Mainz 05,home,3-4-2-1 Double-10,3-4-2-1,"[3, 4, 2, 1]"
DFL-MAT-J03WIZ,TSG Hoffenheim:Borussia Mönchengladbach,2022/2023,Bundesliga,DFL-CLU-000004,Borussia Mönchengladbach,guest,4-2-3-1,4-2-3-1,"[4, 2, 3, 1]"
DFL-MAT-J03WIZ,TSG Hoffenheim:Borussia Mönchengladbach,2022/2023,Bundesliga,DFL-CLU-000002,TSG Hoffenheim,home,3-3-2-2,3-3-2-2,"[3, 3, 2, 2]"
DFL-MAT-J03WJ0,Hertha BSC:1. FC Union Berlin,2022/2023,Bundesliga,DFL-CLU-00000Z,Hertha BSC,home,4-3-3 with 6,4-3-3,"[4, 3, 3]"
DFL-MAT-J03WJ0,Hertha BSC:1. FC Union Berlin,2022/2023,Bundesliga,DFL-CLU-00000V,1. FC Union Berlin,guest,3-3-2-2,3-3-2-2,"[3, 3, 2, 2]"
DFL-MAT-J03WJ1,FC Schalke 04:1. FC Köln,2022/2023,Bundesliga,DFL-CLU-000008,1. FC Köln,guest,4-1-3-2,4-1-3-2,"[4, 1, 3, 2]"
DFL-MAT-J03WJ1,FC Schalke 04:1. FC Köln,2022/2023,Bundesliga,DFL-CLU-000009,FC Schalke 04,home,4-2-3-1,4-2-3-1,"[4, 2, 3, 1]"
DFL-MAT-J03WJ2,SV Werder Bremen:VfL Wolfsburg,2022/2023,Bundesliga,DFL-CLU-00000E,SV Werder Bremen,home,3-3-2-2 Double-10,3-3-2-2,"[3, 3, 2, 2]"
DFL-MAT-J03WJ2,SV Werder Bremen:VfL Wolfsburg,2022/2023,Bundesliga,DFL-CLU-000003,VfL Wolfsburg,guest,4-5-1 offensive Outliner,4-5-1,"[4, 5, 1]"
DFL-MAT-J03WJ3,Borussia Dortmund:Sport-Club Freiburg,2022/2023,Bundesliga,DFL-CLU-000007,Borussia Dortmund,home,4-5-1 offensive Outliner,4-5-1,"[4, 5, 1]"
DFL-MAT-J03WJ3,Borussia Dortmund:Sport-Club Freiburg,2022/2023,Bundesliga,DFL-CLU-00000A,Sport-Club Freiburg,guest,3-3-2-2,3-3-2-2,"[3, 3, 2, 2]"
DFL-MAT-J03WJ4,1. FC Union Berlin:1. FSV Mainz 05,2022/2023,Bundesliga,DFL-CLU-000006,1. FSV Mainz 05,guest,3-3-2-2,3-3-2-2,"[3, 3, 2, 2]"
DFL-MAT-J03WJ4,1. FC Union Berlin:1. FSV Mainz 05,2022/2023,Bundesliga,DFL-CLU-00000V,1. FC Union Berlin,home,3-3-2-2,3-3-2-2,"[3, 3, 2, 2]"
DFL-MAT-J03WJ5,1. FC Köln:RB Leipzig,2022/2023,Bundesliga,DFL-CLU-000017,RB Leipzig,guest,3-4-2-1 Double-10,3-4-2-1,"[3, 4, 2, 1]"
DFL-MAT-J03WJ5,1. FC Köln:RB Leipzig,2022/2023,Bundesliga,DFL-CLU-000008,1. FC Köln,home,4-2-3-1,4-2-3-1,"[4, 2, 3, 1]"
DFL-MAT-J03WJ6,Borussia Mönchengladbach:FC Schalke 04,2022/2023,Bundesliga,DFL-CLU-000004,Borussia Mönchengladbach,home,4-2-3-1,4-2-3-1,"[4, 2, 3, 1]"
DFL-MAT-J03WJ6,Borussia Mönchengladbach:FC Schalke 04,2022/2023,Bundesliga,DFL-CLU-000009,FC Schalke 04,guest,4-2-3-1,4-2-3-1,"[4, 2, 3, 1]"
DFL-MAT-J03WJ7,Eintracht Frankfurt:Hertha BSC,2022/2023,Bundesliga,DFL-CLU-00000F,Eintracht Frankfurt,home,3-4-2-1 Double-10,3-4-2-1,"[3, 4, 2, 1]"
DFL-MAT-J03WJ7,Eintracht Frankfurt:Hertha BSC,2022/2023,Bundesliga,DFL-CLU-00000Z,Hertha BSC,guest,4-3-3 with 6,4-3-3,"[4, 3, 3]"
DFL-MAT-J03WJ8,VfL Wolfsburg:FC Bayern München,2022/2023,Bundesliga,DFL-CLU-00000G,FC Bayern München,guest,4-2-3-1,4-2-3-1,"[4, 2, 3, 1]"
DFL-MAT-J03WJ8,VfL Wolfsburg:FC Bayern München,2022/2023,Bundesliga,DFL-CLU-000003,VfL Wolfsburg,home,3-4-2-1 Double-10,3-4-2-1,"[3, 4, 2, 1]"
DFL-MAT-J03WJ9,VfL Bochum 1848:TSG Hoffenheim,2022/2023,Bundesliga,DFL-CLU-00000S,VfL Bochum 1848,home,4-3-3 Double-6,4-3-3,"[4, 3, 3]"
DFL-MAT-J03WJ9,VfL Bochum 1848:TSG Hoffenheim,2022/2023,Bundesliga,DFL-CLU-000002,TSG Hoffenheim,guest,3-4-1-2 defensive Midfielder,3-4-1-2,"[3, 4, 1, 2]"
DFL-MAT-J03WJA,FC Augsburg:Bayer 04 Leverkusen,2022/2023,Bundesliga,DFL-CLU-00000B,Bayer 04 Leverkusen,guest,3-4-3,3-4-3,"[3, 4, 3]"
DFL-MAT-J03WJA,FC Augsburg:Bayer 04 Leverkusen,2022/2023,Bundesliga,DFL-CLU-000010,FC Augsburg,home,4-4-2 Double-6,4-4-2,"[4, 4, 2]"
DFL-MAT-J03WJB,VfB Stuttgart:SV Werder Bremen,2022/2023,Bundesliga,DFL-CLU-00000E,SV Werder Bremen,guest,3-3-2-2 Double-10,3-3-2-2,"[3, 3, 2, 2]"
DFL-MAT-J03WJB,VfB Stuttgart:SV Werder Bremen,2022/2023,Bundesliga,DFL-CLU-00000D,VfB Stuttgart,home,4-3-3 with 6,4-3-3,"[4, 3, 3]"
DFL-MAT-J03WJC,FC Bayern München:VfL Bochum 1848,2022/2023,Bundesliga,DFL-CLU-00000G,FC Bayern München,home,3-3-2-2 Double-10,3-3-2-2,"[3, 3, 2, 2]"
DFL-MAT-J03WJC,FC Bayern München:VfL Bochum 1848,2022/2023,Bundesliga,DFL-CLU-00000S,VfL Bochum 1848,guest,4-3-3 Double-6,4-3-3,"[4, 3, 3]"
DFL-MAT-J03WJD,RB Leipzig:1. FC Union Berlin,2022/2023,Bundesliga,DFL-CLU-000017,RB Leipzig,home,3-4-2-1 Double-10,3-4-2-1,"[3, 4, 2, 1]"
DFL-MAT-J03WJD,RB Leipzig:1. FC Union Berlin,2022/2023,Bundesliga,DFL-CLU-00000V,1. FC Union Berlin,guest,3-3-2-2,3-3-2-2,"[3, 3, 2, 2]"
DFL-MAT-J03WJE,Sport-Club Freiburg:VfB Stuttgart,2022/2023,Bundesliga,DFL-CLU-00000D,VfB Stuttgart,guest,4-3-3 with 6,4-3-3,"[4, 3, 3]"
DFL-MAT-J03WJE,Sport-Club Freiburg:VfB Stuttgart,2022/2023,Bundesliga,DFL-CLU-00000A,Sport-Club Freiburg,home,4-4-2 Double-6 offensive Outliner,4-4-2,"[4, 4, 2]"
DFL-MAT-J03WJF,1. FC Köln:Eintracht Frankfurt,2022/2023,Bundesliga,DFL-CLU-00000F,Eintracht Frankfurt,guest,3-4-2-1 Double-10,3-4-2-1,"[3, 4, 2, 1]"
DFL-MAT-J03WJF,1. FC Köln:Eintracht Frankfurt,2022/2023,Bundesliga,DFL-CLU-000008,1. FC Köln,home,4-2-3-1,4-2-3-1,"[4, 2, 3, 1]"
DFL-MAT-J03WJG,1. FSV Mainz 05:FC Augsburg,2022/2023,Bundesliga,DFL-CLU-000006,1. FSV Mainz 05,home,3-4-1-2 defensive Midfielder,3-4-1-2,"[3, 4, 1, 2]"
DFL-MAT-J03WJG,1. FSV Mainz 05:FC Augsburg,2022/2023,Bundesliga,DFL-CLU-000010,FC Augsburg,guest,4-4-2 Double-6,4-4-2,"[4, 4, 2]"
DFL-MAT-J03WJH,TSG Hoffenheim:Bayer 04 Leverkusen,2022/2023,Bundesliga,DFL-CLU-00000B,Bayer 04 Leverkusen,guest,3-4-3 defensive Midfielder,3-4-3,"[3, 4, 3]"
DFL-MAT-J03WJH,TSG Hoffenheim:Bayer 04 Leverkusen,2022/2023,Bundesliga,DFL-CLU-000002,TSG Hoffenheim,home,3-4-2-1 Double-10,3-4-2-1,"[3, 4, 2, 1]"
DFL-MAT-J03WJI,Hertha BSC:Borussia Mönchengladbach,2022/2023,Bundesliga,DFL-CLU-000004,Borussia Mönchengladbach,guest,4-2-3-1,4-2-3-1,"[4, 2, 3, 1]"
DFL-MAT-J03WJI,Hertha BSC:Borussia Mönchengladbach,2022/2023,Bundesliga,DFL-CLU-00000Z,Hertha BSC,home,3-3-2-2,3-3-2-2,"[3, 3, 2, 2]"
DFL-MAT-J03WJJ,FC Schalke 04:VfL Wolfsburg,2022/2023,Bundesliga,DFL-CLU-000009,FC Schalke 04,home,4-2-3-1,4-2-3-1,"[4, 2, 3, 1]"
DFL-MAT-J03WJJ,FC Schalke 04:VfL Wolfsburg,2022/2023,Bundesliga,DFL-CLU-000003,VfL Wolfsburg,guest,4-3-3 with 6,4-3-3,"[4, 3, 3]"
DFL-MAT-J03WJK,SV Werder Bremen:Borussia Dortmund,2022/2023,Bundesliga,DFL-CLU-00000E,SV Werder Bremen,home,3-3-2-2 Double-10,3-3-2-2,"[3, 3, 2, 2]"
DFL-MAT-J03WJK,SV Werder Bremen:Borussia Dortmund,2022/2023,Bundesliga,DFL-CLU-000007,Borussia Dortmund,guest,4-5-1 offensive Outliner,4-5-1,"[4, 5, 1]"
DFL-MAT-J03WJL,Borussia Dortmund:Hertha BSC,2022/2023,Bundesliga,DFL-CLU-000007,Borussia Dortmund,home,4-2-3-1,4-2-3-1,"[4, 2, 3, 1]"
DFL-MAT-J03WJL,Borussia Dortmund:Hertha BSC,2022/2023,Bundesliga,DFL-CLU-00000Z,Hertha BSC,guest,3-3-2-2,3-3-2-2,"[3, 3, 2, 2]"
DFL-MAT-J03WJM,Bayer 04 Leverkusen:1. FSV Mainz 05,2022/2023,Bundesliga,DFL-CLU-00000B,Bayer 04 Leverkusen,home,4-3-3 with 6,4-3-3,"[4, 3, 3]"
DFL-MAT-J03WJM,Bayer 04 Leverkusen:1. FSV Mainz 05,2022/2023,Bundesliga,DFL-CLU-000006,1. FSV Mainz 05,guest,3-4-1-2 defensive Midfielder,3-4-1-2,"[3, 4, 1, 2]"
DFL-MAT-J03WJN,1. FC Union Berlin:FC Schalke 04,2022/2023,Bundesliga,DFL-CLU-000009,FC Schalke 04,guest,4-2-3-1,4-2-3-1,"[4, 2, 3, 1]"
DFL-MAT-J03WJN,1. FC Union Berlin:FC Schalke 04,2022/2023,Bundesliga,DFL-CLU-00000V,1. FC Union Berlin,home,3-3-2-2,3-3-2-2,"[3, 3, 2, 2]"
DFL-MAT-J03WJO,Borussia Mönchengladbach:FC Bayern München,2022/2023,Bundesliga,DFL-CLU-00000G,FC Bayern München,guest,3-3-2-2 Double-10,3-3-2-2,"[3, 3, 2, 2]"
DFL-MAT-J03WJO,Borussia Mönchengladbach:FC Bayern München,2022/2023,Bundesliga,DFL-CLU-000004,Borussia Mönchengladbach,home,4-2-3-1,4-2-3-1,"[4, 2, 3, 1]"
DFL-MAT-J03WJP,Eintracht Frankfurt:SV Werder Bremen,2022/2023,Bundesliga,DFL-CLU-00000E,SV Werder Bremen,guest,3-3-2-2 Double-10,3-3-2-2,"[3, 3, 2, 2]"
DFL-MAT-J03WJP,Eintracht Frankfurt:SV Werder Bremen,2022/2023,Bundesliga,DFL-CLU-00000F,Eintracht Frankfurt,home,3-4-2-1 Double-10,3-4-2-1,"[3, 4, 2, 1]"
DFL-MAT-J03WJQ,VfL Wolfsburg:RB Leipzig,2022/2023,Bundesliga,DFL-CLU-000017,RB Leipzig,guest,4-2-3-1,4-2-3-1,"[4, 2, 3, 1]"
DFL-MAT-J03WJQ,VfL Wolfsburg:RB Leipzig,2022/2023,Bundesliga,DFL-CLU-000003,VfL Wolfsburg,home,4-3-3 with 6,4-3-3,"[4, 3, 3]"
DFL-MAT-J03WJR,VfL Bochum 1848:Sport-Club Freiburg,2022/2023,Bundesliga,DFL-CLU-00000S,VfL Bochum 1848,home,4-3-3 Double-6,4-3-3,"[4, 3, 3]"
DFL-MAT-J03WJR,VfL Bochum 1848:Sport-Club Freiburg,2022/2023,Bundesliga,DFL-CLU-00000A,Sport-Club Freiburg,guest,4-4-1-1,4-4-1-1,"[4, 4, 1, 1]"
DFL-MAT-J03WJS,FC Augsburg:TSG Hoffenheim,2022/2023,Bundesliga,DFL-CLU-000010,FC Augsburg,home,4-4-2 Double-6,4-4-2,"[4, 4, 2]"
DFL-MAT-J03WJS,FC Augsburg:TSG Hoffenheim,2022/2023,Bundesliga,DFL-CLU-000002,TSG Hoffenheim,guest,3-4-1-2,3-4-1-2,"[3, 4, 1, 2]"
DFL-MAT-J03WJT,VfB Stuttgart:1. FC Köln,2022/2023,Bundesliga,DFL-CLU-00000D,VfB Stuttgart,home,4-3-3 with 6,4-3-3,"[4, 3, 3]"
DFL-MAT-J03WJT,VfB Stuttgart:1. FC Köln,2022/2023,Bundesliga,DFL-CLU-000008,1. FC Köln,guest,4-1-3-2,4-1-3-2,"[4, 1, 3, 2]"
DFL-MAT-J03WJU,FC Bayern München:1. FC Union Berlin,2022/2023,Bundesliga,DFL-CLU-00000G,FC Bayern München,home,4-2-3-1,4-2-3-1,"[4, 2, 3, 1]"
DFL-MAT-J03WJU,FC Bayern München:1. FC Union Berlin,2022/2023,Bundesliga,DFL-CLU-00000V,1. FC Union Berlin,guest,3-3-2-2,3-3-2-2,"[3, 3, 2, 2]"
DFL-MAT-J03WJV,RB Leipzig:Eintracht Frankfurt,2022/2023,Bundesliga,DFL-CLU-000017,RB Leipzig,home,4-4-2 Double-6 offensive Outliner,4-4-2,"[4, 4, 2]"
DFL-MAT-J03WJV,RB Leipzig:Eintracht Frankfurt,2022/2023,Bundesliga,DFL-CLU-00000F,Eintracht Frankfurt,guest,3-4-2-1 Double-10,3-4-2-1,"[3, 4, 2, 1]"
DFL-MAT-J03WJW,Sport-Club Freiburg:Bayer 04 Leverkusen,2022/2023,Bundesliga,DFL-CLU-00000B,Bayer 04 Leverkusen,guest,3-4-3 defensive Midfielder,3-4-3,"[3, 4, 3]"
DFL-MAT-J03WJW,Sport-Club Freiburg:Bayer 04 Leverkusen,2022/2023,Bundesliga,DFL-CLU-00000A,Sport-Club Freiburg,home,4-4-2 Double-6 offensive Outliner,4-4-2,"[4, 4, 2]"
DFL-MAT-J03WJX,1. FC Köln:VfL Wolfsburg,2022/2023,Bundesliga,DFL-CLU-000008,1. FC Köln,home,4-1-3-2,4-1-3-2,"[4, 1, 3, 2]"
DFL-MAT-J03WJX,1. FC Köln:VfL Wolfsburg,2022/2023,Bundesliga,DFL-CLU-000003,VfL Wolfsburg,guest,4-3-3 with 6,4-3-3,"[4, 3, 3]"
DFL-MAT-J03WJY,1. FSV Mainz 05:Borussia Mönchengladbach,2022/2023,Bundesliga,DFL-CLU-000004,Borussia Mönchengladbach,guest,4-2-3-1,4-2-3-1,"[4, 2, 3, 1]"
DFL-MAT-J03WJY,1. FSV Mainz 05:Borussia Mönchengladbach,2022/2023,Bundesliga,DFL-CLU-000006,1. FSV Mainz 05,home,3-4-2-1 Double-10,3-4-2-1,"[3, 4, 2, 1]"
DFL-MAT-J03WJZ,TSG Hoffenheim:Borussia Dortmund,2022/2023,Bundesliga,DFL-CLU-000007,Borussia Dortmund,guest,4-1-4-1 offensive Midfielder,4-1-4-1,"[4, 1, 4, 1]"
DFL-MAT-J03WJZ,TSG Hoffenheim:Borussia Dortmund,2022/2023,Bundesliga,DFL-CLU-000002,TSG Hoffenheim,home,3-3-2-2,3-3-2-2,"[3, 3, 2, 2]"
DFL-MAT-J03WK0,Hertha BSC:FC Augsburg,2022/2023,Bundesliga,DFL-CLU-00000Z,Hertha BSC,home,3-3-2-2,3-3-2-2,"[3, 3, 2, 2]"
DFL-MAT-J03WK0,Hertha BSC:FC Augsburg,2022/2023,Bundesliga,DFL-CLU-000010,FC Augsburg,guest,4-4-2 Double-6,4-4-2,"[4, 4, 2]"
DFL-MAT-J03WK1,FC Schalke 04:VfB Stuttgart,2022/2023,Bundesliga,DFL-CLU-00000D,VfB Stuttgart,guest,4-3-3 with 6,4-3-3,"[4, 3, 3]"
DFL-MAT-J03WK1,FC Schalke 04:VfB Stuttgart,2022/2023,Bundesliga,DFL-CLU-000009,FC Schalke 04,home,4-2-3-1,4-2-3-1,"[4, 2, 3, 1]"
DFL-MAT-J03WK2,SV Werder Bremen:VfL Bochum 1848,2022/2023,Bundesliga,DFL-CLU-00000E,SV Werder Bremen,home,3-3-2-2 Double-10,3-3-2-2,"[3, 3, 2, 2]"
DFL-MAT-J03WK2,SV Werder Bremen:VfL Bochum 1848,2022/2023,Bundesliga,DFL-CLU-00000S,VfL Bochum 1848,guest,3-4-3 defensive Midfielder,3-4-3,"[3, 4, 3]"
DFL-MAT-J03WK3,Borussia Dortmund:RB Leipzig,2022/2023,Bundesliga,DFL-CLU-000017,RB Leipzig,guest,4-4-2 Double-6 offensive Outliner,4-4-2,"[4, 4, 2]"
DFL-MAT-J03WK3,Borussia Dortmund:RB Leipzig,2022/2023,Bundesliga,DFL-CLU-000007,Borussia Dortmund,home,4-1-4-1 offensive Midfielder,4-1-4-1,"[4, 1, 4, 1]"
DFL-MAT-J03WK4,Bayer 04 Leverkusen:Hertha BSC,2022/2023,Bundesliga,DFL-CLU-00000B,Bayer 04 Leverkusen,home,3-4-3 defensive Midfielder,3-4-3,"[3, 4, 3]"
DFL-MAT-J03WK4,Bayer 04 Leverkusen:Hertha BSC,2022/2023,Bundesliga,DFL-CLU-00000Z,Hertha BSC,guest,3-3-2-2,3-3-2-2,"[3, 3, 2, 2]"
DFL-MAT-J03WK5,1. FC Union Berlin:1. FC Köln,2022/2023,Bundesliga,DFL-CLU-000008,1. FC Köln,guest,4-2-3-1,4-2-3-1,"[4, 2, 3, 1]"
DFL-MAT-J03WK5,1. FC Union Berlin:1. FC Köln,2022/2023,Bundesliga,DFL-CLU-00000V,1. FC Union Berlin,home,3-3-2-2,3-3-2-2,"[3, 3, 2, 2]"
DFL-MAT-J03WK6,1. FSV Mainz 05:TSG Hoffenheim,2022/2023,Bundesliga,DFL-CLU-000006,1. FSV Mainz 05,home,3-4-2-1 Double-10,3-4-2-1,"[3, 4, 2, 1]"
DFL-MAT-J03WK6,1. FSV Mainz 05:TSG Hoffenheim,2022/2023,Bundesliga,DFL-CLU-000002,TSG Hoffenheim,guest,3-4-2-1 Double-10,3-4-2-1,"[3, 4, 2, 1]"
DFL-MAT-J03WK7,Borussia Mönchengladbach:Sport-Club Freiburg,2022/2023,Bundesliga,DFL-CLU-000004,Borussia Mönchengladbach,home,4-2-3-1,4-2-3-1,"[4, 2, 3, 1]"
DFL-MAT-J03WK7,Borussia Mönchengladbach:Sport-Club Freiburg,2022/2023,Bundesliga,DFL-CLU-00000A,Sport-Club Freiburg,guest,3-3-2-2,3-3-2-2,"[3, 3, 2, 2]"
DFL-MAT-J03WK8,VfL Wolfsburg:Eintracht Frankfurt,2022/2023,Bundesliga,DFL-CLU-00000F,Eintracht Frankfurt,guest,3-4-2-1 Double-10,3-4-2-1,"[3, 4, 2, 1]"
DFL-MAT-J03WK8,VfL Wolfsburg:Eintracht Frankfurt,2022/2023,Bundesliga,DFL-CLU-000003,VfL Wolfsburg,home,4-3-3 with 6,4-3-3,"[4, 3, 3]"
DFL-MAT-J03WK9,VfL Bochum 1848:FC Schalke 04,2022/2023,Bundesliga,DFL-CLU-00000S,VfL Bochum 1848,home,4-3-3 Double-6,4-3-3,"[4, 3, 3]"
DFL-MAT-J03WK9,VfL Bochum 1848:FC Schalke 04,2022/2023,Bundesliga,DFL-CLU-000009,FC Schalke 04,guest,4-3-3 with 6,4-3-3,"[4, 3, 3]"
DFL-MAT-J03WKA,FC Augsburg:SV Werder Bremen,2022/2023,Bundesliga,DFL-CLU-00000E,SV Werder Bremen,guest,3-3-2-2 Double-10,3-3-2-2,"[3, 3, 2, 2]"
DFL-MAT-J03WKA,FC Augsburg:SV Werder Bremen,2022/2023,Bundesliga,DFL-CLU-000010,FC Augsburg,home,4-4-2 Double-6,4-4-2,"[4, 4, 2]"
DFL-MAT-J03WKB,VfB Stuttgart:FC Bayern München,2022/2023,Bundesliga,DFL-CLU-00000G,FC Bayern München,guest,3-4-2-1,3-4-2-1,"[3, 4, 2, 1]"
DFL-MAT-J03WKB,VfB Stuttgart:FC Bayern München,2022/2023,Bundesliga,DFL-CLU-00000D,VfB Stuttgart,home,4-3-3 with 6,4-3-3,"[4, 3, 3]"
DFL-MAT-J03WKC,FC Bayern München:FC Augsburg,2022/2023,Bundesliga,DFL-CLU-00000G,FC Bayern München,home,3-3-2-2 Double-10,3-3-2-2,"[3, 3, 2, 2]"
DFL-MAT-J03WKC,FC Bayern München:FC Augsburg,2022/2023,Bundesliga,DFL-CLU-000010,FC Augsburg,guest,4-4-2 Double-6,4-4-2,"[4, 4, 2]"
DFL-MAT-J03WKD,RB Leipzig:Borussia Mönchengladbach,2022/2023,Bundesliga,DFL-CLU-000017,RB Leipzig,home,4-4-2 Double-6 offensive Outliner,4-4-2,"[4, 4, 2]"
DFL-MAT-J03WKD,RB Leipzig:Borussia Mönchengladbach,2022/2023,Bundesliga,DFL-CLU-000004,Borussia Mönchengladbach,guest,4-2-3-1,4-2-3-1,"[4, 2, 3, 1]"
DFL-MAT-J03WKE,Sport-Club Freiburg:TSG Hoffenheim,2022/2023,Bundesliga,DFL-CLU-00000A,Sport-Club Freiburg,home,4-2-3-1,4-2-3-1,"[4, 2, 3, 1]"
DFL-MAT-J03WKE,Sport-Club Freiburg:TSG Hoffenheim,2022/2023,Bundesliga,DFL-CLU-000002,TSG Hoffenheim,guest,3-3-2-2 Double-10,3-3-2-2,"[3, 3, 2, 2]"
DFL-MAT-J03WKF,1. FC Köln:VfL Bochum 1848,2022/2023,Bundesliga,DFL-CLU-000008,1. FC Köln,home,4-4-2 Double-6 offensive Outliner,4-4-2,"[4, 4, 2]"
DFL-MAT-J03WKF,1. FC Köln:VfL Bochum 1848,2022/2023,Bundesliga,DFL-CLU-00000S,VfL Bochum 1848,guest,4-3-3 Double-6,4-3-3,"[4, 3, 3]"
DFL-MAT-J03WKG,Eintracht Frankfurt:VfB Stuttgart,2022/2023,Bundesliga,DFL-CLU-00000F,Eintracht Frankfurt,home,3-4-2-1 Double-10,3-4-2-1,"[3, 4, 2, 1]"
DFL-MAT-J03WKG,Eintracht Frankfurt:VfB Stuttgart,2022/2023,Bundesliga,DFL-CLU-00000D,VfB Stuttgart,guest,4-3-3 with 6,4-3-3,"[4, 3, 3]"
DFL-MAT-J03WKH,VfL Wolfsburg:1. FC Union Berlin,2022/2023,Bundesliga,DFL-CLU-000003,VfL Wolfsburg,home,4-2-3-1,4-2-3-1,"[4, 2, 3, 1]"
DFL-MAT-J03WKH,VfL Wolfsburg:1. FC Union Berlin,2022/2023,Bundesliga,DFL-CLU-00000V,1. FC Union Berlin,guest,3-3-2-2,3-3-2-2,"[3, 3, 2, 2]"
DFL-MAT-J03WKI,Hertha BSC:1. FSV Mainz 05,2022/2023,Bundesliga,DFL-CLU-000006,1. FSV Mainz 05,guest,3-4-2-1 Double-10,3-4-2-1,"[3, 4, 2, 1]"
DFL-MAT-J03WKI,Hertha BSC:1. FSV Mainz 05,2022/2023,Bundesliga,DFL-CLU-00000Z,Hertha BSC,home,3-3-2-2,3-3-2-2,"[3, 3, 2, 2]"
DFL-MAT-J03WKJ,FC Schalke 04:Borussia Dortmund,2022/2023,Bundesliga,DFL-CLU-000007,Borussia Dortmund,guest,4-5-1 offensive Outliner,4-5-1,"[4, 5, 1]"
DFL-MAT-J03WKJ,FC Schalke 04:Borussia Dortmund,2022/2023,Bundesliga,DFL-CLU-000009,FC Schalke 04,home,4-2-3-1,4-2-3-1,"[4, 2, 3, 1]"
DFL-MAT-J03WKK,SV Werder Bremen:Bayer 04 Leverkusen,2022/2023,Bundesliga,DFL-CLU-00000E,SV Werder Bremen,home,3-3-2-2 Double-10,3-3-2-2,"[3, 3, 2, 2]"
DFL-MAT-J03WKK,SV Werder Bremen:Bayer 04 Leverkusen,2022/2023,Bundesliga,DFL-CLU-00000B,Bayer 04 Leverkusen,guest,3-4-3 defensive Midfielder,3-4-3,"[3, 4, 3]"
DFL-MAT-J03WKL,Borussia Dortmund:1. FC Köln,2022/2023,Bundesliga,DFL-CLU-000008,1. FC Köln,guest,4-1-3-2,4-1-3-2,"[4, 1, 3, 2]"
DFL-MAT-J03WKL,Borussia Dortmund:1. FC Köln,2022/2023,Bundesliga,DFL-CLU-000007,Borussia Dortmund,home,4-5-1 offensive Outliner,4-5-1,"[4, 5, 1]"
DFL-MAT-J03WKM,Bayer 04 Leverkusen:FC Bayern München,2022/2023,Bundesliga,DFL-CLU-00000G,FC Bayern München,guest,3-3-2-2,3-3-2-2,"[3, 3, 2, 2]"
DFL-MAT-J03WKM,Bayer 04 Leverkusen:FC Bayern München,2022/2023,Bundesliga,DFL-CLU-00000B,Bayer 04 Leverkusen,home,3-4-3 defensive Midfielder,3-4-3,"[3, 4, 3]"
DFL-MAT-J03WKN,1. FC Union Berlin:Eintracht Frankfurt,2022/2023,Bundesliga,DFL-CLU-00000F,Eintracht Frankfurt,guest,3-4-2-1 Double-10,3-4-2-1,"[3, 4, 2, 1]"
DFL-MAT-J03WKN,1. FC Union Berlin:Eintracht Frankfurt,2022/2023,Bundesliga,DFL-CLU-00000V,1. FC Union Berlin,home,3-3-2-2,3-3-2-2,"[3, 3, 2, 2]"
DFL-MAT-J03WKO,1. FSV Mainz 05:Sport-Club Freiburg,2022/2023,Bundesliga,DFL-CLU-00000A,Sport-Club Freiburg,guest,3-4-3 defensive Midfielder,3-4-3,"[3, 4, 3]"
DFL-MAT-J03WKO,1. FSV Mainz 05:Sport-Club Freiburg,2022/2023,Bundesliga,DFL-CLU-000006,1. FSV Mainz 05,home,3-4-2-1 Double-10,3-4-2-1,"[3, 4, 2, 1]"
DFL-MAT-J03WKP,TSG Hoffenheim:Hertha BSC,2022/2023,Bundesliga,DFL-CLU-00000Z,Hertha BSC,guest,3-3-2-2,3-3-2-2,"[3, 3, 2, 2]"
DFL-MAT-J03WKP,TSG Hoffenheim:Hertha BSC,2022/2023,Bundesliga,DFL-CLU-000002,TSG Hoffenheim,home,3-3-2-2,3-3-2-2,"[3, 3, 2, 2]"
DFL-MAT-J03WKQ,Borussia Mönchengladbach:SV Werder Bremen,2022/2023,Bundesliga,DFL-CLU-00000E,SV Werder Bremen,guest,3-3-2-2 Double-10,3-3-2-2,"[3, 3, 2, 2]"
DFL-MAT-J03WKQ,Borussia Mönchengladbach:SV Werder Bremen,2022/2023,Bundesliga,DFL-CLU-000004,Borussia Mönchengladbach,home,4-2-3-1,4-2-3-1,"[4, 2, 3, 1]"
DFL-MAT-J03WKR,VfL Bochum 1848:RB Leipzig,2022/2023,Bundesliga,DFL-CLU-000017,RB Leipzig,guest,4-4-2 Double-6 offensive Outliner,4-4-2,"[4, 4, 2]"
DFL-MAT-J03WKR,VfL Bochum 1848:RB Leipzig,2022/2023,Bundesliga,DFL-CLU-00000S,VfL Bochum 1848,home,4-4-2 Diamond,4-4-2,"[4, 4, 2]"
DFL-MAT-J03WKS,FC Augsburg:FC Schalke 04,2022/2023,Bundesliga,DFL-CLU-000009,FC Schalke 04,guest,4-5-1 offensive Outliner,4-5-1,"[4, 5, 1]"
DFL-MAT-J03WKS,FC Augsburg:FC Schalke 04,2022/2023,Bundesliga,DFL-CLU-000010,FC Augsburg,home,4-4-2 Double-6,4-4-2,"[4, 4, 2]"
DFL-MAT-J03WKT,VfB Stuttgart:VfL Wolfsburg,2022/2023,Bundesliga,DFL-CLU-00000D,VfB Stuttgart,home,4-3-3 with 6,4-3-3,"[4, 3, 3]"
DFL-MAT-J03WKT,VfB Stuttgart:VfL Wolfsburg,2022/2023,Bundesliga,DFL-CLU-000003,VfL Wolfsburg,guest,4-3-3 with 6,4-3-3,"[4, 3, 3]"
DFL-MAT-J03WKU,FC Bayern München:Borussia Dortmund,2022/2023,Bundesliga,DFL-CLU-00000G,FC Bayern München,home,4-2-3-1,4-2-3-1,"[4, 2, 3, 1]"
DFL-MAT-J03WKU,FC Bayern München:Borussia Dortmund,2022/2023,Bundesliga,DFL-CLU-000007,Borussia Dortmund,guest,4-5-1 offensive Outliner,4-5-1,"[4, 5, 1]"
DFL-MAT-J03WKV,RB Leipzig:1. FSV Mainz 05,2022/2023,Bundesliga,DFL-CLU-000017,RB Leipzig,home,4-4-2 Double-6 offensive Outliner,4-4-2,"[4, 4, 2]"
DFL-MAT-J03WKV,RB Leipzig:1. FSV Mainz 05,2022/2023,Bundesliga,DFL-CLU-000006,1. FSV Mainz 05,guest,3-4-2-1 Double-10,3-4-2-1,"[3, 4, 2, 1]"
DFL-MAT-J03WKW,1. FC Union Berlin:VfB Stuttgart,2022/2023,Bundesliga,DFL-CLU-00000D,VfB Stuttgart,guest,4-3-3 with 6,4-3-3,"[4, 3, 3]"
DFL-MAT-J03WKW,1. FC Union Berlin:VfB Stuttgart,2022/2023,Bundesliga,DFL-CLU-00000V,1. FC Union Berlin,home,3-3-2-2,3-3-2-2,"[3, 3, 2, 2]"
DFL-MAT-J03WKX,Sport-Club Freiburg:Hertha BSC,2022/2023,Bundesliga,DFL-CLU-00000A,Sport-Club Freiburg,home,3-4-3 defensive Midfielder,3-4-3,"[3, 4, 3]"
DFL-MAT-J03WKX,Sport-Club Freiburg:Hertha BSC,2022/2023,Bundesliga,DFL-CLU-00000Z,Hertha BSC,guest,3-3-2-2,3-3-2-2,"[3, 3, 2, 2]"
DFL-MAT-J03WKY,1. FC Köln:Borussia Mönchengladbach,2022/2023,Bundesliga,DFL-CLU-000008,1. FC Köln,home,4-1-4-1 offensive Midfielder,4-1-4-1,"[4, 1, 4, 1]"
DFL-MAT-J03WKY,1. FC Köln:Borussia Mönchengladbach,2022/2023,Bundesliga,DFL-CLU-000004,Borussia Mönchengladbach,guest,4-2-3-1,4-2-3-1,"[4, 2, 3, 1]"
DFL-MAT-J03WKZ,Eintracht Frankfurt:VfL Bochum 1848,2022/2023,Bundesliga,DFL-CLU-00000F,Eintracht Frankfurt,home,3-4-2-1 Double-10,3-4-2-1,"[3, 4, 2, 1]"
DFL-MAT-J03WKZ,Eintracht Frankfurt:VfL Bochum 1848,2022/2023,Bundesliga,DFL-CLU-00000S,VfL Bochum 1848,guest,4-3-3 Double-6,4-3-3,"[4, 3, 3]"
DFL-MAT-J03WL0,VfL Wolfsburg:FC Augsburg,2022/2023,Bundesliga,DFL-CLU-000003,VfL Wolfsburg,home,4-3-3 with 6,4-3-3,"[4, 3, 3]"
DFL-MAT-J03WL0,VfL Wolfsburg:FC Augsburg,2022/2023,Bundesliga,DFL-CLU-000010,FC Augsburg,guest,4-4-2 Double-6,4-4-2,"[4, 4, 2]"
DFL-MAT-J03WL1,FC Schalke 04:Bayer 04 Leverkusen,2022/2023,Bundesliga,DFL-CLU-00000B,Bayer 04 Leverkusen,guest,3-4-1-2 defensive Midfielder,3-4-1-2,"[3, 4, 1, 2]"
DFL-MAT-J03WL1,FC Schalke 04:Bayer 04 Leverkusen,2022/2023,Bundesliga,DFL-CLU-000009,FC Schalke 04,home,4-5-1 offensive Outliner,4-5-1,"[4, 5, 1]"
DFL-MAT-J03WL2,SV Werder Bremen:TSG Hoffenheim,2022/2023,Bundesliga,DFL-CLU-00000E,SV Werder Bremen,home,3-3-2-2 Double-10,3-3-2-2,"[3, 3, 2, 2]"
DFL-MAT-J03WL2,SV Werder Bremen:TSG Hoffenheim,2022/2023,Bundesliga,DFL-CLU-000002,TSG Hoffenheim,guest,3-3-2-2,3-3-2-2,"[3, 3, 2, 2]"
DFL-MAT-J03WL3,Borussia Dortmund:1. FC Union Berlin,2022/2023,Bundesliga,DFL-CLU-000007,Borussia Dortmund,home,4-5-1 offensive Outliner,4-5-1,"[4, 5, 1]"
DFL-MAT-J03WL3,Borussia Dortmund:1. FC Union Berlin,2022/2023,Bundesliga,DFL-CLU-00000V,1. FC Union Berlin,guest,3-3-2-2,3-3-2-2,"[3, 3, 2, 2]"
DFL-MAT-J03WL4,Bayer 04 Leverkusen:Eintracht Frankfurt,2022/2023,Bundesliga,DFL-CLU-00000F,Eintracht Frankfurt,guest,3-4-2-1 Double-10,3-4-2-1,"[3, 4, 2, 1]"
DFL-MAT-J03WL4,Bayer 04 Leverkusen:Eintracht Frankfurt,2022/2023,Bundesliga,DFL-CLU-00000B,Bayer 04 Leverkusen,home,3-4-1-2 defensive Midfielder,3-4-1-2,"[3, 4, 1, 2]"
DFL-MAT-J03WL5,Sport-Club Freiburg:FC Bayern München,2022/2023,Bundesliga,DFL-CLU-00000G,FC Bayern München,guest,4-2-3-1,4-2-3-1,"[4, 2, 3, 1]"
DFL-MAT-J03WL5,Sport-Club Freiburg:FC Bayern München,2022/2023,Bundesliga,DFL-CLU-00000A,Sport-Club Freiburg,home,4-4-2 Double-6 offensive Outliner,4-4-2,"[4, 4, 2]"
DFL-MAT-J03WL6,1. FSV Mainz 05:SV Werder Bremen,2022/2023,Bundesliga,DFL-CLU-00000E,SV Werder Bremen,guest,3-3-2-2 Double-10,3-3-2-2,"[3, 3, 2, 2]"
DFL-MAT-J03WL6,1. FSV Mainz 05:SV Werder Bremen,2022/2023,Bundesliga,DFL-CLU-000006,1. FSV Mainz 05,home,3-4-2-1 Double-10,3-4-2-1,"[3, 4, 2, 1]"
DFL-MAT-J03WL7,TSG Hoffenheim:FC Schalke 04,2022/2023,Bundesliga,DFL-CLU-000009,FC Schalke 04,guest,4-2-3-1,4-2-3-1,"[4, 2, 3, 1]"
DFL-MAT-J03WL7,TSG Hoffenheim:FC Schalke 04,2022/2023,Bundesliga,DFL-CLU-000002,TSG Hoffenheim,home,3-3-2-2,3-3-2-2,"[3, 3, 2, 2]"
DFL-MAT-J03WL8,Borussia Mönchengladbach:VfL Wolfsburg,2022/2023,Bundesliga,DFL-CLU-000004,Borussia Mönchengladbach,home,4-2-3-1,4-2-3-1,"[4, 2, 3, 1]"
DFL-MAT-J03WL8,Borussia Mönchengladbach:VfL Wolfsburg,2022/2023,Bundesliga,DFL-CLU-000003,VfL Wolfsburg,guest,4-3-3 with 6,4-3-3,"[4, 3, 3]"
DFL-MAT-J03WL9,VfL Bochum 1848:VfB Stuttgart,2022/2023,Bundesliga,DFL-CLU-00000D,VfB Stuttgart,guest,3-4-2-1 Double-10,3-4-2-1,"[3, 4, 2, 1]"
DFL-MAT-J03WL9,VfL Bochum 1848:VfB Stuttgart,2022/2023,Bundesliga,DFL-CLU-00000S,VfL Bochum 1848,home,4-3-3 Double-6,4-3-3,"[4, 3, 3]"
DFL-MAT-J03WLA,FC Augsburg:1. FC Köln,2022/2023,Bundesliga,DFL-CLU-000008,1. FC Köln,guest,4-1-4-1 offensive Midfielder,4-1-4-1,"[4, 1, 4, 1]"
DFL-MAT-J03WLA,FC Augsburg:1. FC Köln,2022/2023,Bundesliga,DFL-CLU-000010,FC Augsburg,home,4-4-2 Double-6,4-4-2,"[4, 4, 2]"
DFL-MAT-J03WLB,Hertha BSC:RB Leipzig,2022/2023,Bundesliga,DFL-CLU-000017,RB Leipzig,guest,3-4-3 defensive Midfielder,3-4-3,"[3, 4, 3]"
DFL-MAT-J03WLB,Hertha BSC:RB Leipzig,2022/2023,Bundesliga,DFL-CLU-00000Z,Hertha BSC,home,3-3-2-2,3-3-2-2,"[3, 3, 2, 2]"
DFL-MAT-J03WLC,FC Bayern München:TSG Hoffenheim,2022/2023,Bundesliga,DFL-CLU-00000G,FC Bayern München,home,4-2-3-1,4-2-3-1,"[4, 2, 3, 1]"
DFL-MAT-J03WLC,FC Bayern München:TSG Hoffenheim,2022/2023,Bundesliga,DFL-CLU-000002,TSG Hoffenheim,guest,3-3-2-2,3-3-2-2,"[3, 3, 2, 2]"
DFL-MAT-J03WLD,RB Leipzig:FC Augsburg,2022/2023,Bundesliga,DFL-CLU-000017,RB Leipzig,home,3-4-3 defensive Midfielder,3-4-3,"[3, 4, 3]"
DFL-MAT-J03WLD,RB Leipzig:FC Augsburg,2022/2023,Bundesliga,DFL-CLU-000010,FC Augsburg,guest,3-4-2-1 defensive Midfielder,3-4-2-1,"[3, 4, 2, 1]"
DFL-MAT-J03WLE,1. FC Union Berlin:VfL Bochum 1848,2022/2023,Bundesliga,DFL-CLU-00000S,VfL Bochum 1848,guest,4-3-3 Double-6,4-3-3,"[4, 3, 3]"
DFL-MAT-J03WLE,1. FC Union Berlin:VfL Bochum 1848,2022/2023,Bundesliga,DFL-CLU-00000V,1. FC Union Berlin,home,3-3-2-2,3-3-2-2,"[3, 3, 2, 2]"
DFL-MAT-J03WLF,1. FC Köln:1. FSV Mainz 05,2022/2023,Bundesliga,DFL-CLU-000008,1. FC Köln,home,4-2-3-1,4-2-3-1,"[4, 2, 3, 1]"
DFL-MAT-J03WLF,1. FC Köln:1. FSV Mainz 05,2022/2023,Bundesliga,DFL-CLU-000006,1. FSV Mainz 05,guest,3-4-2-1 Double-10,3-4-2-1,"[3, 4, 2, 1]"
DFL-MAT-J03WLG,Eintracht Frankfurt:Borussia Mönchengladbach,2022/2023,Bundesliga,DFL-CLU-00000F,Eintracht Frankfurt,home,3-4-2-1 Double-10,3-4-2-1,"[3, 4, 2, 1]"
DFL-MAT-J03WLG,Eintracht Frankfurt:Borussia Mönchengladbach,2022/2023,Bundesliga,DFL-CLU-000004,Borussia Mönchengladbach,guest,4-2-3-1,4-2-3-1,"[4, 2, 3, 1]"
DFL-MAT-J03WLH,VfL Wolfsburg:Bayer 04 Leverkusen,2022/2023,Bundesliga,DFL-CLU-00000B,Bayer 04 Leverkusen,guest,3-4-3 defensive Midfielder,3-4-3,"[3, 4, 3]"
DFL-MAT-J03WLH,VfL Wolfsburg:Bayer 04 Leverkusen,2022/2023,Bundesliga,DFL-CLU-000003,VfL Wolfsburg,home,3-4-3 defensive Midfielder,3-4-3,"[3, 4, 3]"
DFL-MAT-J03WLI,VfB Stuttgart:Borussia Dortmund,2022/2023,Bundesliga,DFL-CLU-00000D,VfB Stuttgart,home,3-4-2-1 Double-10,3-4-2-1,"[3, 4, 2, 1]"
DFL-MAT-J03WLI,VfB Stuttgart:Borussia Dortmund,2022/2023,Bundesliga,DFL-CLU-000007,Borussia Dortmund,guest,4-5-1 offensive Outliner,4-5-1,"[4, 5, 1]"
DFL-MAT-J03WLJ,FC Schalke 04:Hertha BSC,2022/2023,Bundesliga,DFL-CLU-000009,FC Schalke 04,home,4-2-3-1,4-2-3-1,"[4, 2, 3, 1]"
DFL-MAT-J03WLJ,FC Schalke 04:Hertha BSC,2022/2023,Bundesliga,DFL-CLU-00000Z,Hertha BSC,guest,3-3-2-2,3-3-2-2,"[3, 3, 2, 2]"
DFL-MAT-J03WLK,SV Werder Bremen:Sport-Club Freiburg,2022/2023,Bundesliga,DFL-CLU-00000E,SV Werder Bremen,home,3-3-2-2 Double-10,3-3-2-2,"[3, 3, 2, 2]"
DFL-MAT-J03WLK,SV Werder Bremen:Sport-Club Freiburg,2022/2023,Bundesliga,DFL-CLU-00000A,Sport-Club Freiburg,guest,4-4-2 Double-6 offensive Outliner,4-4-2,"[4, 4, 2]"
DFL-MAT-J03WLL,Borussia Dortmund:Eintracht Frankfurt,2022/2023,Bundesliga,DFL-CLU-00000F,Eintracht Frankfurt,guest,3-4-2-1 Double-10,3-4-2-1,"[3, 4, 2, 1]"
DFL-MAT-J03WLL,Borussia Dortmund:Eintracht Frankfurt,2022/2023,Bundesliga,DFL-CLU-000007,Borussia Dortmund,home,4-5-1 offensive Outliner,4-5-1,"[4, 5, 1]"
DFL-MAT-J03WLM,Bayer 04 Leverkusen:RB Leipzig,2022/2023,Bundesliga,DFL-CLU-000017,RB Leipzig,guest,3-4-3 defensive Midfielder,3-4-3,"[3, 4, 3]"
DFL-MAT-J03WLM,Bayer 04 Leverkusen:RB Leipzig,2022/2023,Bundesliga,DFL-CLU-00000B,Bayer 04 Leverkusen,home,3-4-3 defensive Midfielder,3-4-3,"[3, 4, 3]"
DFL-MAT-J03WLN,Sport-Club Freiburg:FC Schalke 04,2022/2023,Bundesliga,DFL-CLU-000009,FC Schalke 04,guest,4-2-3-1,4-2-3-1,"[4, 2, 3, 1]"
DFL-MAT-J03WLN,Sport-Club Freiburg:FC Schalke 04,2022/2023,Bundesliga,DFL-CLU-00000A,Sport-Club Freiburg,home,4-4-2 Double-6 offensive Outliner,4-4-2,"[4, 4, 2]"
DFL-MAT-J03WLO,1. FSV Mainz 05:FC Bayern München,2022/2023,Bundesliga,DFL-CLU-00000G,FC Bayern München,guest,3-1-4-2,3-1-4-2,"[3, 1, 4, 2]"
DFL-MAT-J03WLO,1. FSV Mainz 05:FC Bayern München,2022/2023,Bundesliga,DFL-CLU-000006,1. FSV Mainz 05,home,3-4-2-1 Double-10,3-4-2-1,"[3, 4, 2, 1]"
DFL-MAT-J03WLP,TSG Hoffenheim:1. FC Köln,2022/2023,Bundesliga,DFL-CLU-000008,1. FC Köln,guest,4-2-3-1,4-2-3-1,"[4, 2, 3, 1]"
DFL-MAT-J03WLP,TSG Hoffenheim:1. FC Köln,2022/2023,Bundesliga,DFL-CLU-000002,TSG Hoffenheim,home,3-3-2-2,3-3-2-2,"[3, 3, 2, 2]"
DFL-MAT-J03WLQ,Borussia Mönchengladbach:1. FC Union Berlin,2022/2023,Bundesliga,DFL-CLU-000004,Borussia Mönchengladbach,home,4-2-3-1,4-2-3-1,"[4, 2, 3, 1]"
DFL-MAT-J03WLQ,Borussia Mönchengladbach:1. FC Union Berlin,2022/2023,Bundesliga,DFL-CLU-00000V,1. FC Union Berlin,guest,3-3-2-2,3-3-2-2,"[3, 3, 2, 2]"
DFL-MAT-J03WLR,VfL Bochum 1848:VfL Wolfsburg,2022/2023,Bundesliga,DFL-CLU-00000S,VfL Bochum 1848,home,4-3-3 Double-6,4-3-3,"[4, 3, 3]"
DFL-MAT-J03WLR,VfL Bochum 1848:VfL Wolfsburg,2022/2023,Bundesliga,DFL-CLU-000003,VfL Wolfsburg,guest,4-3-3 with 6,4-3-3,"[4, 3, 3]"
DFL-MAT-J03WLS,FC Augsburg:VfB Stuttgart,2022/2023,Bundesliga,DFL-CLU-00000D,VfB Stuttgart,guest,3-4-2-1 Double-10,3-4-2-1,"[3, 4, 2, 1]"
DFL-MAT-J03WLS,FC Augsburg:VfB Stuttgart,2022/2023,Bundesliga,DFL-CLU-000010,FC Augsburg,home,4-4-2 Double-6,4-4-2,"[4, 4, 2]"
DFL-MAT-J03WLT,Hertha BSC:SV Werder Bremen,2022/2023,Bundesliga,DFL-CLU-00000E,SV Werder Bremen,guest,3-3-2-2,3-3-2-2,"[3, 3, 2, 2]"
DFL-MAT-J03WLT,Hertha BSC:SV Werder Bremen,2022/2023,Bundesliga,DFL-CLU-00000Z,Hertha BSC,home,4-2-3-1,4-2-3-1,"[4, 2, 3, 1]"
DFL-MAT-J03WLU,FC Bayern München:Hertha BSC,2022/2023,Bundesliga,DFL-CLU-00000G,FC Bayern München,home,4-2-3-1,4-2-3-1,"[4, 2, 3, 1]"
DFL-MAT-J03WLU,FC Bayern München:Hertha BSC,2022/2023,Bundesliga,DFL-CLU-00000Z,Hertha BSC,guest,4-4-2 Double-6,4-4-2,"[4, 4, 2]"
DFL-MAT-J03WLV,RB Leipzig:TSG Hoffenheim,2022/2023,Bundesliga,DFL-CLU-000017,RB Leipzig,home,3-4-3 defensive Midfielder,3-4-3,"[3, 4, 3]"
DFL-MAT-J03WLV,RB Leipzig:TSG Hoffenheim,2022/2023,Bundesliga,DFL-CLU-000002,TSG Hoffenheim,guest,3-3-2-2,3-3-2-2,"[3, 3, 2, 2]"
DFL-MAT-J03WLW,1. FC Union Berlin:Bayer 04 Leverkusen,2022/2023,Bundesliga,DFL-CLU-00000B,Bayer 04 Leverkusen,guest,3-4-3 defensive Midfielder,3-4-3,"[3, 4, 3]"
DFL-MAT-J03WLW,1. FC Union Berlin:Bayer 04 Leverkusen,2022/2023,Bundesliga,DFL-CLU-00000V,1. FC Union Berlin,home,3-3-2-2,3-3-2-2,"[3, 3, 2, 2]"
DFL-MAT-J03WLX,1. FC Köln:Sport-Club Freiburg,2022/2023,Bundesliga,DFL-CLU-000008,1. FC Köln,home,4-2-3-1,4-2-3-1,"[4, 2, 3, 1]"
DFL-MAT-J03WLX,1. FC Köln:Sport-Club Freiburg,2022/2023,Bundesliga,DFL-CLU-00000A,Sport-Club Freiburg,guest,4-4-2 Double-6 offensive Outliner,4-4-2,"[4, 4, 2]"
DFL-MAT-J03WLY,Eintracht Frankfurt:FC Augsburg,2022/2023,Bundesliga,DFL-CLU-00000F,Eintracht Frankfurt,home,3-4-2-1 Double-10,3-4-2-1,"[3, 4, 2, 1]"
DFL-MAT-J03WLY,Eintracht Frankfurt:FC Augsburg,2022/2023,Bundesliga,DFL-CLU-000010,FC Augsburg,guest,4-4-2 Double-6,4-4-2,"[4, 4, 2]"
DFL-MAT-J03WLZ,VfL Wolfsburg:1. FSV Mainz 05,2022/2023,Bundesliga,DFL-CLU-000006,1. FSV Mainz 05,guest,3-4-2-1 Double-10,3-4-2-1,"[3, 4, 2, 1]"
DFL-MAT-J03WLZ,VfL Wolfsburg:1. FSV Mainz 05,2022/2023,Bundesliga,DFL-CLU-000003,VfL Wolfsburg,home,3-1-4-2,3-1-4-2,"[3, 1, 4, 2]"
DFL-MAT-J03WM0,VfL Bochum 1848:Borussia Dortmund,2022/2023,Bundesliga,DFL-CLU-000007,Borussia Dortmund,guest,4-5-1 offensive Outliner,4-5-1,"[4, 5, 1]"
DFL-MAT-J03WM0,VfL Bochum 1848:Borussia Dortmund,2022/2023,Bundesliga,DFL-CLU-00000S,VfL Bochum 1848,home,4-3-3 Double-6,4-3-3,"[4, 3, 3]"
DFL-MAT-J03WM1,VfB Stuttgart:Borussia Mönchengladbach,2022/2023,Bundesliga,DFL-CLU-00000D,VfB Stuttgart,home,3-3-2-2,3-3-2-2,"[3, 3, 2, 2]"
DFL-MAT-J03WM1,VfB Stuttgart:Borussia Mönchengladbach,2022/2023,Bundesliga,DFL-CLU-000004,Borussia Mönchengladbach,guest,4-2-3-1,4-2-3-1,"[4, 2, 3, 1]"
DFL-MAT-J03WM2,FC Schalke 04:SV Werder Bremen,2022/2023,Bundesliga,DFL-CLU-00000E,SV Werder Bremen,guest,3-3-2-2 Double-10,3-3-2-2,"[3, 3, 2, 2]"
DFL-MAT-J03WM2,FC Schalke 04:SV Werder Bremen,2022/2023,Bundesliga,DFL-CLU-000009,FC Schalke 04,home,4-2-3-1,4-2-3-1,"[4, 2, 3, 1]"
DFL-MAT-J03WM3,Borussia Dortmund:VfL Wolfsburg,2022/2023,Bundesliga,DFL-CLU-000007,Borussia Dortmund,home,4-3-3 with 6,4-3-3,"[4, 3, 3]"
DFL-MAT-J03WM3,Borussia Dortmund:VfL Wolfsburg,2022/2023,Bundesliga,DFL-CLU-000003,VfL Wolfsburg,guest,3-1-4-2,3-1-4-2,"[3, 1, 4, 2]"
DFL-MAT-J03WM4,Bayer 04 Leverkusen:1. FC Köln,2022/2023,Bundesliga,DFL-CLU-000008,1. FC Köln,guest,4-2-3-1,4-2-3-1,"[4, 2, 3, 1]"
DFL-MAT-J03WM4,Bayer 04 Leverkusen:1. FC Köln,2022/2023,Bundesliga,DFL-CLU-00000B,Bayer 04 Leverkusen,home,3-4-3 Diamond,3-4-3,"[3, 4, 3]"
DFL-MAT-J03WM5,Sport-Club Freiburg:RB Leipzig,2022/2023,Bundesliga,DFL-CLU-000017,RB Leipzig,guest,4-4-2 Double-6 offensive Outliner,4-4-2,"[4, 4, 2]"
DFL-MAT-J03WM5,Sport-Club Freiburg:RB Leipzig,2022/2023,Bundesliga,DFL-CLU-00000A,Sport-Club Freiburg,home,4-4-2 Double-6 offensive Outliner,4-4-2,"[4, 4, 2]"
DFL-MAT-J03WM6,1. FSV Mainz 05:FC Schalke 04,2022/2023,Bundesliga,DFL-CLU-000009,FC Schalke 04,guest,4-2-3-1,4-2-3-1,"[4, 2, 3, 1]"
DFL-MAT-J03WM6,1. FSV Mainz 05:FC Schalke 04,2022/2023,Bundesliga,DFL-CLU-000006,1. FSV Mainz 05,home,3-3-2-2,3-3-2-2,"[3, 3, 2, 2]"
DFL-MAT-J03WM7,TSG Hoffenheim:Eintracht Frankfurt,2022/2023,Bundesliga,DFL-CLU-00000F,Eintracht Frankfurt,guest,3-4-2-1 Double-10,3-4-2-1,"[3, 4, 2, 1]"
DFL-MAT-J03WM7,TSG Hoffenheim:Eintracht Frankfurt,2022/2023,Bundesliga,DFL-CLU-000002,TSG Hoffenheim,home,3-3-2-2,3-3-2-2,"[3, 3, 2, 2]"
DFL-MAT-J03WM8,Borussia Mönchengladbach:VfL Bochum 1848,2022/2023,Bundesliga,DFL-CLU-000004,Borussia Mönchengladbach,home,4-2-3-1,4-2-3-1,"[4, 2, 3, 1]"
DFL-MAT-J03WM8,Borussia Mönchengladbach:VfL Bochum 1848,2022/2023,Bundesliga,DFL-CLU-00000S,VfL Bochum 1848,guest,4-3-3 Double-6,4-3-3,"[4, 3, 3]"
DFL-MAT-J03WM9,FC Augsburg:1. FC Union Berlin,2022/2023,Bundesliga,DFL-CLU-000010,FC Augsburg,home,3-4-3 defensive Midfielder,3-4-3,"[3, 4, 3]"
DFL-MAT-J03WM9,FC Augsburg:1. FC Union Berlin,2022/2023,Bundesliga,DFL-CLU-00000V,1. FC Union Berlin,guest,3-3-2-2,3-3-2-2,"[3, 3, 2, 2]"
DFL-MAT-J03WMA,Hertha BSC:VfB Stuttgart,2022/2023,Bundesliga,DFL-CLU-00000D,VfB Stuttgart,guest,3-3-2-2,3-3-2-2,"[3, 3, 2, 2]"
DFL-MAT-J03WMA,Hertha BSC:VfB Stuttgart,2022/2023,Bundesliga,DFL-CLU-00000Z,Hertha BSC,home,4-4-2 Double-6 offensive Outliner,4-4-2,"[4, 4, 2]"
DFL-MAT-J03WMB,SV Werder Bremen:FC Bayern München,2022/2023,Bundesliga,DFL-CLU-00000G,FC Bayern München,guest,4-2-3-1,4-2-3-1,"[4, 2, 3, 1]"
DFL-MAT-J03WMB,SV Werder Bremen:FC Bayern München,2022/2023,Bundesliga,DFL-CLU-00000E,SV Werder Bremen,home,3-3-2-2 Double-10,3-3-2-2,"[3, 3, 2, 2]"
DFL-MAT-J03WMC,FC Bayern München:FC Schalke 04,2022/2023,Bundesliga,DFL-CLU-00000G,FC Bayern München,home,4-1-4-1 offensive Midfielder,4-1-4-1,"[4, 1, 4, 1]"
DFL-MAT-J03WMC,FC Bayern München:FC Schalke 04,2022/2023,Bundesliga,DFL-CLU-000009,FC Schalke 04,guest,4-2-3-1,4-2-3-1,"[4, 2, 3, 1]"
DFL-MAT-J03WMD,Borussia Dortmund:Borussia Mönchengladbach,2022/2023,Bundesliga,DFL-CLU-000004,Borussia Mönchengladbach,guest,4-2-3-1,4-2-3-1,"[4, 2, 3, 1]"
DFL-MAT-J03WMD,Borussia Dortmund:Borussia Mönchengladbach,2022/2023,Bundesliga,DFL-CLU-000007,Borussia Dortmund,home,4-5-1 offensive Outliner,4-5-1,"[4, 5, 1]"
DFL-MAT-J03WME,RB Leipzig:SV Werder Bremen,2022/2023,Bundesliga,DFL-CLU-000017,RB Leipzig,home,4-4-2 Double-6 offensive Outliner,4-4-2,"[4, 4, 2]"
DFL-MAT-J03WME,RB Leipzig:SV Werder Bremen,2022/2023,Bundesliga,DFL-CLU-00000E,SV Werder Bremen,guest,3-3-2-2 Double-10,3-3-2-2,"[3, 3, 2, 2]"
DFL-MAT-J03WMF,1. FC Union Berlin:Sport-Club Freiburg,2022/2023,Bundesliga,DFL-CLU-00000A,Sport-Club Freiburg,guest,3-4-2-1 Double-10,3-4-2-1,"[3, 4, 2, 1]"
DFL-MAT-J03WMF,1. FC Union Berlin:Sport-Club Freiburg,2022/2023,Bundesliga,DFL-CLU-00000V,1. FC Union Berlin,home,3-3-2-2,3-3-2-2,"[3, 3, 2, 2]"
DFL-MAT-J03WMG,1. FC Köln:Hertha BSC,2022/2023,Bundesliga,DFL-CLU-000008,1. FC Köln,home,4-2-3-1,4-2-3-1,"[4, 2, 3, 1]"
DFL-MAT-J03WMG,1. FC Köln:Hertha BSC,2022/2023,Bundesliga,DFL-CLU-00000Z,Hertha BSC,guest,4-4-2 Double-6 offensive Outliner,4-4-2,"[4, 4, 2]"
DFL-MAT-J03WMH,Eintracht Frankfurt:1. FSV Mainz 05,2022/2023,Bundesliga,DFL-CLU-00000F,Eintracht Frankfurt,home,3-4-2-1 Double-10,3-4-2-1,"[3, 4, 2, 1]"
DFL-MAT-J03WMH,Eintracht Frankfurt:1. FSV Mainz 05,2022/2023,Bundesliga,DFL-CLU-000006,1. FSV Mainz 05,guest,3-4-2-1 Double-10,3-4-2-1,"[3, 4, 2, 1]"
DFL-MAT-J03WMI,VfL Wolfsburg:TSG Hoffenheim,2022/2023,Bundesliga,DFL-CLU-000003,VfL Wolfsburg,home,3-3-2-2,3-3-2-2,"[3, 3, 2, 2]"
DFL-MAT-J03WMI,VfL Wolfsburg:TSG Hoffenheim,2022/2023,Bundesliga,DFL-CLU-000002,TSG Hoffenheim,guest,3-3-2-2,3-3-2-2,"[3, 3, 2, 2]"
DFL-MAT-J03WMJ,VfL Bochum 1848:FC Augsburg,2022/2023,Bundesliga,DFL-CLU-00000S,VfL Bochum 1848,home,4-3-3 with 6,4-3-3,"[4, 3, 3]"
DFL-MAT-J03WMJ,VfL Bochum 1848:FC Augsburg,2022/2023,Bundesliga,DFL-CLU-000010,FC Augsburg,guest,3-4-3 defensive Midfielder,3-4-3,"[3, 4, 3]"
DFL-MAT-J03WMK,VfB Stuttgart:Bayer 04 Leverkusen,2022/2023,Bundesliga,DFL-CLU-00000D,VfB Stuttgart,home,3-4-2-1 Double-10,3-4-2-1,"[3, 4, 2, 1]"
DFL-MAT-J03WMK,VfB Stuttgart:Bayer 04 Leverkusen,2022/2023,Bundesliga,DFL-CLU-00000B,Bayer 04 Leverkusen,guest,3-4-1-2,3-4-1-2,"[3, 4, 1, 2]"
DFL-MAT-J03WML,FC Bayern München:RB Leipzig,2022/2023,Bundesliga,DFL-CLU-000017,RB Leipzig,guest,4-4-2 Double-6 offensive Outliner,4-4-2,"[4, 4, 2]"
DFL-MAT-J03WML,FC Bayern München:RB Leipzig,2022/2023,Bundesliga,DFL-CLU-00000G,FC Bayern München,home,4-2-3-1,4-2-3-1,"[4, 2, 3, 1]"
DFL-MAT-J03WMM,Bayer 04 Leverkusen:Borussia Mönchengladbach,2022/2023,Bundesliga,DFL-CLU-00000B,Bayer 04 Leverkusen,home,3-4-3,3-4-3,"[3, 4, 3]"
DFL-MAT-J03WMM,Bayer 04 Leverkusen:Borussia Mönchengladbach,2022/2023,Bundesliga,DFL-CLU-000004,Borussia Mönchengladbach,guest,3-4-2-1 Double-10,3-4-2-1,"[3, 4, 2, 1]"
DFL-MAT-J03WMN,Sport-Club Freiburg:VfL Wolfsburg,2022/2023,Bundesliga,DFL-CLU-00000A,Sport-Club Freiburg,home,3-4-2-1 Double-10,3-4-2-1,"[3, 4, 2, 1]"
DFL-MAT-J03WMN,Sport-Club Freiburg:VfL Wolfsburg,2022/2023,Bundesliga,DFL-CLU-000003,VfL Wolfsburg,guest,3-3-2-2,3-3-2-2,"[3, 3, 2, 2]"
DFL-MAT-J03WMO,1. FSV Mainz 05:VfB Stuttgart,2022/2023,Bundesliga,DFL-CLU-00000D,VfB Stuttgart,guest,3-4-3 defensive Midfielder,3-4-3,"[3, 4, 3]"
DFL-MAT-J03WMO,1. FSV Mainz 05:VfB Stuttgart,2022/2023,Bundesliga,DFL-CLU-000006,1. FSV Mainz 05,home,3-3-2-2,3-3-2-2,"[3, 3, 2, 2]"
DFL-MAT-J03WMP,TSG Hoffenheim:1. FC Union Berlin,2022/2023,Bundesliga,DFL-CLU-00000V,1. FC Union Berlin,guest,3-3-2-2,3-3-2-2,"[3, 3, 2, 2]"
DFL-MAT-J03WMP,TSG Hoffenheim:1. FC Union Berlin,2022/2023,Bundesliga,DFL-CLU-000002,TSG Hoffenheim,home,3-3-2-2,3-3-2-2,"[3, 3, 2, 2]"
DFL-MAT-J03WMQ,FC Augsburg:Borussia Dortmund,2022/2023,Bundesliga,DFL-CLU-000007,Borussia Dortmund,guest,4-5-1 offensive Outliner,4-5-1,"[4, 5, 1]"
DFL-MAT-J03WMQ,FC Augsburg:Borussia Dortmund,2022/2023,Bundesliga,DFL-CLU-000010,FC Augsburg,home,4-2-3-1,4-2-3-1,"[4, 2, 3, 1]"
DFL-MAT-J03WMR,Hertha BSC:VfL Bochum 1848,2022/2023,Bundesliga,DFL-CLU-00000S,VfL Bochum 1848,guest,4-3-3 Double-6,4-3-3,"[4, 3, 3]"
DFL-MAT-J03WMR,Hertha BSC:VfL Bochum 1848,2022/2023,Bundesliga,DFL-CLU-00000Z,Hertha BSC,home,4-2-3-1,4-2-3-1,"[4, 2, 3, 1]"
DFL-MAT-J03WMS,FC Schalke 04:Eintracht Frankfurt,2022/2023,Bundesliga,DFL-CLU-00000F,Eintracht Frankfurt,guest,3-4-2-1 Double-10,3-4-2-1,"[3, 4, 2, 1]"
DFL-MAT-J03WMS,FC Schalke 04:Eintracht Frankfurt,2022/2023,Bundesliga,DFL-CLU-000009,FC Schalke 04,home,4-2-3-1,4-2-3-1,"[4, 2, 3, 1]"
DFL-MAT-J03WMT,SV Werder Bremen:1. FC Köln,2022/2023,Bundesliga,DFL-CLU-00000E,SV Werder Bremen,home,3-3-2-2 Double-10,3-3-2-2,"[3, 3, 2, 2]"
DFL-MAT-J03WMT,SV Werder Bremen:1. FC Köln,2022/2023,Bundesliga,DFL-CLU-000008,1. FC Köln,guest,4-2-3-1,4-2-3-1,"[4, 2, 3, 1]"
DFL-MAT-J03WMU,Borussia Dortmund:1. FSV Mainz 05,2022/2023,Bundesliga,DFL-CLU-000007,Borussia Dortmund,home,4-5-1 offensive Outliner,4-5-1,"[4, 5, 1]"
DFL-MAT-J03WMU,Borussia Dortmund:1. FSV Mainz 05,2022/2023,Bundesliga,DFL-CLU-000006,1. FSV Mainz 05,guest,3-4-2-1 Double-10,3-4-2-1,"[3, 4, 2, 1]"
DFL-MAT-J03WMV,RB Leipzig:FC Schalke 04,2022/2023,Bundesliga,DFL-CLU-000017,RB Leipzig,home,4-4-2 Double-6 offensive Outliner,4-4-2,"[4, 4, 2]"
DFL-MAT-J03WMV,RB Leipzig:FC Schalke 04,2022/2023,Bundesliga,DFL-CLU-000009,FC Schalke 04,guest,4-2-3-1,4-2-3-1,"[4, 2, 3, 1]"
DFL-MAT-J03WMW,1. FC Union Berlin:SV Werder Bremen,2022/2023,Bundesliga,DFL-CLU-00000E,SV Werder Bremen,guest,3-3-2-2 Double-10,3-3-2-2,"[3, 3, 2, 2]"
DFL-MAT-J03WMW,1. FC Union Berlin:SV Werder Bremen,2022/2023,Bundesliga,DFL-CLU-00000V,1. FC Union Berlin,home,3-3-2-2,3-3-2-2,"[3, 3, 2, 2]"
DFL-MAT-J03WMX,1. FC Köln:FC Bayern München,2022/2023,Bundesliga,DFL-CLU-00000G,FC Bayern München,guest,4-2-3-1,4-2-3-1,"[4, 2, 3, 1]"
DFL-MAT-J03WMX,1. FC Köln:FC Bayern München,2022/2023,Bundesliga,DFL-CLU-000008,1. FC Köln,home,4-2-3-1,4-2-3-1,"[4, 2, 3, 1]"
DFL-MAT-J03WMY,Borussia Mönchengladbach:FC Augsburg,2022/2023,Bundesliga,DFL-CLU-000004,Borussia Mönchengladbach,home,3-3-2-2 Double-10,3-3-2-2,"[3, 3, 2, 2]"
DFL-MAT-J03WMY,Borussia Mönchengladbach:FC Augsburg,2022/2023,Bundesliga,DFL-CLU-000010,FC Augsburg,guest,4-4-2 Double-6,4-4-2,"[4, 4, 2]"
DFL-MAT-J03WMZ,Eintracht Frankfurt:Sport-Club Freiburg,2022/2023,Bundesliga,DFL-CLU-00000F,Eintracht Frankfurt,home,3-4-2-1 Double-10,3-4-2-1,"[3, 4, 2, 1]"
DFL-MAT-J03WMZ,Eintracht Frankfurt:Sport-Club Freiburg,2022/2023,Bundesliga,DFL-CLU-00000A,Sport-Club Freiburg,guest,3-4-2-1 Double-10,3-4-2-1,"[3, 4, 2, 1]"
DFL-MAT-J03WN0,VfL Wolfsburg:Hertha BSC,2022/2023,Bundesliga,DFL-CLU-00000Z,Hertha BSC,guest,4-2-3-1,4-2-3-1,"[4, 2, 3, 1]"
DFL-MAT-J03WN0,VfL Wolfsburg:Hertha BSC,2022/2023,Bundesliga,DFL-CLU-000003,VfL Wolfsburg,home,4-5-1 offensive Outliner,4-5-1,"[4, 5, 1]"
DFL-MAT-J03WN1,VfL Bochum 1848:Bayer 04 Leverkusen,2022/2023,Bundesliga,DFL-CLU-00000B,Bayer 04 Leverkusen,guest,4-2-3-1,4-2-3-1,"[4, 2, 3, 1]"
DFL-MAT-J03WN1,VfL Bochum 1848:Bayer 04 Leverkusen,2022/2023,Bundesliga,DFL-CLU-00000S,VfL Bochum 1848,home,4-3-3 Double-6,4-3-3,"[4, 3, 3]"
DFL-MAT-J03WN2,VfB Stuttgart:TSG Hoffenheim,2022/2023,Bundesliga,DFL-CLU-00000D,VfB Stuttgart,home,3-4-3 defensive Midfielder,3-4-3,"[3, 4, 3]"
DFL-MAT-J03WN2,VfB Stuttgart:TSG Hoffenheim,2022/2023,Bundesliga,DFL-CLU-000002,TSG Hoffenheim,guest,3-3-2-2,3-3-2-2,"[3, 3, 2, 2]"
DFL-MAT-J03WN3,SpVgg Greuther Fürth:Holstein Kiel,2022/2023,2. Bundesliga,DFL-CLU-000N5P,Holstein Kiel,guest,3-1-4-2,3-1-4-2,"[3, 1, 4, 2]"
DFL-MAT-J03WN3,SpVgg Greuther Fürth:Holstein Kiel,2022/2023,2. Bundesliga,DFL-CLU-00000W,SpVgg Greuther Fürth,home,4-4-2 Diamond,4-4-2,"[4, 4, 2]"
DFL-MAT-J03WN4,FC St. Pauli:1. FC Nürnberg,2022/2023,2. Bundesliga,DFL-CLU-000005,1. FC Nürnberg,guest,4-4-2 Diamond,4-4-2,"[4, 4, 2]"
DFL-MAT-J03WN4,FC St. Pauli:1. FC Nürnberg,2022/2023,2. Bundesliga,DFL-CLU-00000H,FC St. Pauli,home,4-4-2 Diamond,4-4-2,"[4, 4, 2]"
DFL-MAT-J03WN5,SC Paderborn 07:Karlsruher SC,2022/2023,2. Bundesliga,DFL-CLU-00000T,Karlsruher SC,guest,4-2-3-1,4-2-3-1,"[4, 2, 3, 1]"
DFL-MAT-J03WN5,SC Paderborn 07:Karlsruher SC,2022/2023,2. Bundesliga,DFL-CLU-00000L,SC Paderborn 07,home,3-1-4-2,3-1-4-2,"[3, 1, 4, 2]"
DFL-MAT-J03WN6,F.C. Hansa Rostock:1. FC Heidenheim 1846,2022/2023,2. Bundesliga,DFL-CLU-000018,1. FC Heidenheim 1846,guest,4-3-3 with 6,4-3-3,"[4, 3, 3]"
DFL-MAT-J03WN6,F.C. Hansa Rostock:1. FC Heidenheim 1846,2022/2023,2. Bundesliga,DFL-CLU-00000Q,F.C. Hansa Rostock,home,3-3-2-2,3-3-2-2,"[3, 3, 2, 2]"
DFL-MAT-J03WN7,SV Sandhausen:DSC Arminia Bielefeld,2022/2023,2. Bundesliga,DFL-CLU-000015,DSC Arminia Bielefeld,guest,3-3-2-2,3-3-2-2,"[3, 3, 2, 2]"
DFL-MAT-J03WN7,SV Sandhausen:DSC Arminia Bielefeld,2022/2023,2. Bundesliga,DFL-CLU-000012,SV Sandhausen,home,4-2-3-1,4-2-3-1,"[4, 2, 3, 1]"
DFL-MAT-J03WN8,SSV Jahn Regensburg:SV Darmstadt 98,2022/2023,2. Bundesliga,DFL-CLU-000016,SV Darmstadt 98,guest,4-1-4-1 central Double-10,4-1-4-1,"[4, 1, 4, 1]"
DFL-MAT-J03WN8,SSV Jahn Regensburg:SV Darmstadt 98,2022/2023,2. Bundesliga,DFL-CLU-000011,SSV Jahn Regensburg,home,4-4-2 Double-6 offensive Outliner,4-4-2,"[4, 4, 2]"
DFL-MAT-J03WN9,1. FC Magdeburg:Fortuna Düsseldorf,2022/2023,2. Bundesliga,DFL-CLU-00000P,Fortuna Düsseldorf,guest,4-4-2 Double-6 offensive Outliner,4-4-2,"[4, 4, 2]"
DFL-MAT-J03WN9,1. FC Magdeburg:Fortuna Düsseldorf,2022/2023,2. Bundesliga,DFL-CLU-000N5D,1. FC Magdeburg,home,4-3-3 with 6,4-3-3,"[4, 3, 3]"
DFL-MAT-J03WNA,Eintracht Braunschweig:Hamburger SV,2022/2023,2. Bundesliga,DFL-CLU-00000C,Hamburger SV,guest,4-3-3 with 6,4-3-3,"[4, 3, 3]"
DFL-MAT-J03WNA,Eintracht Braunschweig:Hamburger SV,2022/2023,2. Bundesliga,DFL-CLU-00000X,Eintracht Braunschweig,home,5-3-2 mit Doppelsechs,5-3-2,"[5, 3, 2]"
DFL-MAT-J03WNB,1. FC Kaiserslautern:Hannover 96,2022/2023,2. Bundesliga,DFL-CLU-00000I,1. FC Kaiserslautern,home,4-2-3-1,4-2-3-1,"[4, 2, 3, 1]"
DFL-MAT-J03WNB,1. FC Kaiserslautern:Hannover 96,2022/2023,2. Bundesliga,DFL-CLU-000001,Hannover 96,guest,4-4-2 Diamond,4-4-2,"[4, 4, 2]"
DFL-MAT-J03WNC,DSC Arminia Bielefeld:SSV Jahn Regensburg,2022/2023,2. Bundesliga,DFL-CLU-000015,DSC Arminia Bielefeld,home,3-3-2-2,3-3-2-2,"[3, 3, 2, 2]"
DFL-MAT-J03WNC,DSC Arminia Bielefeld:SSV Jahn Regensburg,2022/2023,2. Bundesliga,DFL-CLU-000011,SSV Jahn Regensburg,guest,4-2-3-1,4-2-3-1,"[4, 2, 3, 1]"
DFL-MAT-J03WND,Hamburger SV:F.C. Hansa Rostock,2022/2023,2. Bundesliga,DFL-CLU-00000C,Hamburger SV,home,4-3-3 with 6,4-3-3,"[4, 3, 3]"
DFL-MAT-J03WND,Hamburger SV:F.C. Hansa Rostock,2022/2023,2. Bundesliga,DFL-CLU-00000Q,F.C. Hansa Rostock,guest,3-3-2-2,3-3-2-2,"[3, 3, 2, 2]"
DFL-MAT-J03WNE,SV Darmstadt 98:SV Sandhausen,2022/2023,2. Bundesliga,DFL-CLU-000016,SV Darmstadt 98,home,3-4-1-2 defensive Midfielder,3-4-1-2,"[3, 4, 1, 2]"
DFL-MAT-J03WNE,SV Darmstadt 98:SV Sandhausen,2022/2023,2. Bundesliga,DFL-CLU-000012,SV Sandhausen,guest,4-2-3-1,4-2-3-1,"[4, 2, 3, 1]"
DFL-MAT-J03WNF,1. FC Heidenheim 1846:Eintracht Braunschweig,2022/2023,2. Bundesliga,DFL-CLU-000018,1. FC Heidenheim 1846,home,4-3-3 with 6,4-3-3,"[4, 3, 3]"
DFL-MAT-J03WNF,1. FC Heidenheim 1846:Eintracht Braunschweig,2022/2023,2. Bundesliga,DFL-CLU-00000X,Eintracht Braunschweig,guest,3-4-1-2 defensive Midfielder,3-4-1-2,"[3, 4, 1, 2]"
DFL-MAT-J03WNG,1. FC Nürnberg:SpVgg Greuther Fürth,2022/2023,2. Bundesliga,DFL-CLU-000005,1. FC Nürnberg,home,4-4-2 Diamond,4-4-2,"[4, 4, 2]"
DFL-MAT-J03WNG,1. FC Nürnberg:SpVgg Greuther Fürth,2022/2023,2. Bundesliga,DFL-CLU-00000W,SpVgg Greuther Fürth,guest,4-4-2 Diamond,4-4-2,"[4, 4, 2]"
DFL-MAT-J03WNH,Holstein Kiel:1. FC Kaiserslautern,2022/2023,2. Bundesliga,DFL-CLU-00000I,1. FC Kaiserslautern,guest,4-2-3-1,4-2-3-1,"[4, 2, 3, 1]"
DFL-MAT-J03WNH,Holstein Kiel:1. FC Kaiserslautern,2022/2023,2. Bundesliga,DFL-CLU-000N5P,Holstein Kiel,home,3-1-4-2,3-1-4-2,"[3, 1, 4, 2]"
DFL-MAT-J03WNI,Fortuna Düsseldorf:SC Paderborn 07,2022/2023,2. Bundesliga,DFL-CLU-00000P,Fortuna Düsseldorf,home,4-4-2 Double-6 offensive Outliner,4-4-2,"[4, 4, 2]"
DFL-MAT-J03WNI,Fortuna Düsseldorf:SC Paderborn 07,2022/2023,2. Bundesliga,DFL-CLU-00000L,SC Paderborn 07,guest,3-1-4-2,3-1-4-2,"[3, 1, 4, 2]"
DFL-MAT-J03WNJ,Hannover 96:FC St. Pauli,2022/2023,2. Bundesliga,DFL-CLU-00000H,FC St. Pauli,guest,4-4-2 Diamond,4-4-2,"[4, 4, 2]"
DFL-MAT-J03WNJ,Hannover 96:FC St. Pauli,2022/2023,2. Bundesliga,DFL-CLU-000001,Hannover 96,home,4-4-2 Diamond,4-4-2,"[4, 4, 2]"
DFL-MAT-J03WNK,Karlsruher SC:1. FC Magdeburg,2022/2023,2. Bundesliga,DFL-CLU-00000T,Karlsruher SC,home,4-3-3 with 6,4-3-3,"[4, 3, 3]"
DFL-MAT-J03WNK,Karlsruher SC:1. FC Magdeburg,2022/2023,2. Bundesliga,DFL-CLU-000N5D,1. FC Magdeburg,guest,4-3-3 with 6,4-3-3,"[4, 3, 3]"
DFL-MAT-J03WNL,SpVgg Greuther Fürth:Karlsruher SC,2022/2023,2. Bundesliga,DFL-CLU-00000T,Karlsruher SC,guest,4-4-2 Diamond,4-4-2,"[4, 4, 2]"
DFL-MAT-J03WNL,SpVgg Greuther Fürth:Karlsruher SC,2022/2023,2. Bundesliga,DFL-CLU-00000W,SpVgg Greuther Fürth,home,4-4-2 Diamond,4-4-2,"[4, 4, 2]"
DFL-MAT-J03WNM,Hamburger SV:1. FC Heidenheim 1846,2022/2023,2. Bundesliga,DFL-CLU-000018,1. FC Heidenheim 1846,guest,4-2-3-1,4-2-3-1,"[4, 2, 3, 1]"
DFL-MAT-J03WNM,Hamburger SV:1. FC Heidenheim 1846,2022/2023,2. Bundesliga,DFL-CLU-00000C,Hamburger SV,home,4-3-3 with 6,4-3-3,"[4, 3, 3]"
DFL-MAT-J03WNN,SC Paderborn 07:Hannover 96,2022/2023,2. Bundesliga,DFL-CLU-000001,Hannover 96,guest,4-4-2 Diamond,4-4-2,"[4, 4, 2]"
DFL-MAT-J03WNN,SC Paderborn 07:Hannover 96,2022/2023,2. Bundesliga,DFL-CLU-00000L,SC Paderborn 07,home,3-1-4-2,3-1-4-2,"[3, 1, 4, 2]"
DFL-MAT-J03WNO,F.C. Hansa Rostock:DSC Arminia Bielefeld,2022/2023,2. Bundesliga,DFL-CLU-00000Q,F.C. Hansa Rostock,home,3-4-3 defensive Midfielder,3-4-3,"[3, 4, 3]"
DFL-MAT-J03WNO,F.C. Hansa Rostock:DSC Arminia Bielefeld,2022/2023,2. Bundesliga,DFL-CLU-000015,DSC Arminia Bielefeld,guest,4-4-2 Double-6 offensive Outliner,4-4-2,"[4, 4, 2]"
DFL-MAT-J03WNP,SV Sandhausen:Fortuna Düsseldorf,2022/2023,2. Bundesliga,DFL-CLU-00000P,Fortuna Düsseldorf,guest,3-3-2-2,3-3-2-2,"[3, 3, 2, 2]"
DFL-MAT-J03WNP,SV Sandhausen:Fortuna Düsseldorf,2022/2023,2. Bundesliga,DFL-CLU-000012,SV Sandhausen,home,4-2-3-1,4-2-3-1,"[4, 2, 3, 1]"
DFL-MAT-J03WNQ,SSV Jahn Regensburg:1. FC Nürnberg,2022/2023,2. Bundesliga,DFL-CLU-000005,1. FC Nürnberg,guest,4-2-3-1,4-2-3-1,"[4, 2, 3, 1]"
DFL-MAT-J03WNQ,SSV Jahn Regensburg:1. FC Nürnberg,2022/2023,2. Bundesliga,DFL-CLU-000011,SSV Jahn Regensburg,home,4-2-3-1,4-2-3-1,"[4, 2, 3, 1]"
DFL-MAT-J03WNR,1. FC Magdeburg:Holstein Kiel,2022/2023,2. Bundesliga,DFL-CLU-000N5P,Holstein Kiel,guest,3-1-4-2,3-1-4-2,"[3, 1, 4, 2]"
DFL-MAT-J03WNR,1. FC Magdeburg:Holstein Kiel,2022/2023,2. Bundesliga,DFL-CLU-000N5D,1. FC Magdeburg,home,4-3-3 with 6,4-3-3,"[4, 3, 3]"
DFL-MAT-J03WNS,Eintracht Braunschweig:SV Darmstadt 98,2022/2023,2. Bundesliga,DFL-CLU-000016,SV Darmstadt 98,guest,3-4-1-2 defensive Midfielder,3-4-1-2,"[3, 4, 1, 2]"
DFL-MAT-J03WNS,Eintracht Braunschweig:SV Darmstadt 98,2022/2023,2. Bundesliga,DFL-CLU-00000X,Eintracht Braunschweig,home,4-3-3 with 6,4-3-3,"[4, 3, 3]"
DFL-MAT-J03WNT,1. FC Kaiserslautern:FC St. Pauli,2022/2023,2. Bundesliga,DFL-CLU-00000I,1. FC Kaiserslautern,home,4-2-3-1,4-2-3-1,"[4, 2, 3, 1]"
DFL-MAT-J03WNT,1. FC Kaiserslautern:FC St. Pauli,2022/2023,2. Bundesliga,DFL-CLU-00000H,FC St. Pauli,guest,4-4-2 Diamond,4-4-2,"[4, 4, 2]"
DFL-MAT-J03WNU,DSC Arminia Bielefeld:Hamburger SV,2022/2023,2. Bundesliga,DFL-CLU-00000C,Hamburger SV,guest,4-3-3 with 6,4-3-3,"[4, 3, 3]"
DFL-MAT-J03WNU,DSC Arminia Bielefeld:Hamburger SV,2022/2023,2. Bundesliga,DFL-CLU-000015,DSC Arminia Bielefeld,home,4-4-2 Double-6 offensive Outliner,4-4-2,"[4, 4, 2]"
DFL-MAT-J03WNV,SV Darmstadt 98:F.C. Hansa Rostock,2022/2023,2. Bundesliga,DFL-CLU-00000Q,F.C. Hansa Rostock,guest,3-4-3 defensive Midfielder,3-4-3,"[3, 4, 3]"
DFL-MAT-J03WNV,SV Darmstadt 98:F.C. Hansa Rostock,2022/2023,2. Bundesliga,DFL-CLU-000016,SV Darmstadt 98,home,3-4-1-2 defensive Midfielder,3-4-1-2,"[3, 4, 1, 2]"
DFL-MAT-J03WNW,FC St. Pauli:1. FC Magdeburg,2022/2023,2. Bundesliga,DFL-CLU-00000H,FC St. Pauli,home,4-4-2 Double-6 offensive Outliner,4-4-2,"[4, 4, 2]"
DFL-MAT-J03WNW,FC St. Pauli:1. FC Magdeburg,2022/2023,2. Bundesliga,DFL-CLU-000N5D,1. FC Magdeburg,guest,4-3-3 with 6,4-3-3,"[4, 3, 3]"
DFL-MAT-J03WNX,1. FC Nürnberg:1. FC Heidenheim 1846,2022/2023,2. Bundesliga,DFL-CLU-000018,1. FC Heidenheim 1846,guest,4-1-4-1,4-1-4-1,"[4, 1, 4, 1]"
DFL-MAT-J03WNX,1. FC Nürnberg:1. FC Heidenheim 1846,2022/2023,2. Bundesliga,DFL-CLU-000005,1. FC Nürnberg,home,4-4-2 Diamond,4-4-2,"[4, 4, 2]"
DFL-MAT-J03WNY,Holstein Kiel:Eintracht Braunschweig,2022/2023,2. Bundesliga,DFL-CLU-00000X,Eintracht Braunschweig,guest,4-3-3 with 6,4-3-3,"[4, 3, 3]"
DFL-MAT-J03WNY,Holstein Kiel:Eintracht Braunschweig,2022/2023,2. Bundesliga,DFL-CLU-000N5P,Holstein Kiel,home,3-1-4-2,3-1-4-2,"[3, 1, 4, 2]"
DFL-MAT-J03WNZ,Fortuna Düsseldorf:SpVgg Greuther Fürth,2022/2023,2. Bundesliga,DFL-CLU-00000P,Fortuna Düsseldorf,home,4-4-2 Diamond,4-4-2,"[4, 4, 2]"
DFL-MAT-J03WNZ,Fortuna Düsseldorf:SpVgg Greuther Fürth,2022/2023,2. Bundesliga,DFL-CLU-00000W,SpVgg Greuther Fürth,guest,4-4-2 Diamond,4-4-2,"[4, 4, 2]"
DFL-MAT-J03WO0,Hannover 96:SSV Jahn Regensburg,2022/2023,2. Bundesliga,DFL-CLU-000001,Hannover 96,home,4-4-2 Diamond,4-4-2,"[4, 4, 2]"
DFL-MAT-J03WO0,Hannover 96:SSV Jahn Regensburg,2022/2023,2. Bundesliga,DFL-CLU-000011,SSV Jahn Regensburg,guest,4-2-3-1,4-2-3-1,"[4, 2, 3, 1]"
DFL-MAT-J03WO1,Karlsruher SC:SV Sandhausen,2022/2023,2. Bundesliga,DFL-CLU-00000T,Karlsruher SC,home,4-4-2 Diamond,4-4-2,"[4, 4, 2]"
DFL-MAT-J03WO1,Karlsruher SC:SV Sandhausen,2022/2023,2. Bundesliga,DFL-CLU-000012,SV Sandhausen,guest,4-4-1-1,4-4-1-1,"[4, 4, 1, 1]"
DFL-MAT-J03WO2,1. FC Kaiserslautern:SC Paderborn 07,2022/2023,2. Bundesliga,DFL-CLU-00000I,1. FC Kaiserslautern,home,4-2-3-1,4-2-3-1,"[4, 2, 3, 1]"
DFL-MAT-J03WO2,1. FC Kaiserslautern:SC Paderborn 07,2022/2023,2. Bundesliga,DFL-CLU-00000L,SC Paderborn 07,guest,3-4-2-1,3-4-2-1,"[3, 4, 2, 1]"
DFL-MAT-J03WO3,SpVgg Greuther Fürth:1. FC Kaiserslautern,2022/2023,2. Bundesliga,DFL-CLU-00000I,1. FC Kaiserslautern,guest,4-2-3-1,4-2-3-1,"[4, 2, 3, 1]"
DFL-MAT-J03WO3,SpVgg Greuther Fürth:1. FC Kaiserslautern,2022/2023,2. Bundesliga,DFL-CLU-00000W,SpVgg Greuther Fürth,home,4-4-2 Diamond,4-4-2,"[4, 4, 2]"
DFL-MAT-J03WO4,Hamburger SV:SV Darmstadt 98,2022/2023,2. Bundesliga,DFL-CLU-00000C,Hamburger SV,home,4-3-3 with 6,4-3-3,"[4, 3, 3]"
DFL-MAT-J03WO4,Hamburger SV:SV Darmstadt 98,2022/2023,2. Bundesliga,DFL-CLU-000016,SV Darmstadt 98,guest,3-4-1-2 defensive Midfielder,3-4-1-2,"[3, 4, 1, 2]"
DFL-MAT-J03WO5,1. FC Heidenheim 1846:DSC Arminia Bielefeld,2022/2023,2. Bundesliga,DFL-CLU-000018,1. FC Heidenheim 1846,home,4-1-4-1,4-1-4-1,"[4, 1, 4, 1]"
DFL-MAT-J03WO5,1. FC Heidenheim 1846:DSC Arminia Bielefeld,2022/2023,2. Bundesliga,DFL-CLU-000015,DSC Arminia Bielefeld,guest,4-4-2 Double-6 offensive Outliner,4-4-2,"[4, 4, 2]"
DFL-MAT-J03WO6,SC Paderborn 07:Holstein Kiel,2022/2023,2. Bundesliga,DFL-CLU-000N5P,Holstein Kiel,guest,3-1-4-2,3-1-4-2,"[3, 1, 4, 2]"
DFL-MAT-J03WO6,SC Paderborn 07:Holstein Kiel,2022/2023,2. Bundesliga,DFL-CLU-00000L,SC Paderborn 07,home,4-4-2 Double-6 offensive Outliner,4-4-2,"[4, 4, 2]"
DFL-MAT-J03WO7,F.C. Hansa Rostock:FC St. Pauli,2022/2023,2. Bundesliga,DFL-CLU-00000Q,F.C. Hansa Rostock,home,3-3-2-2,3-3-2-2,"[3, 3, 2, 2]"
DFL-MAT-J03WO7,F.C. Hansa Rostock:FC St. Pauli,2022/2023,2. Bundesliga,DFL-CLU-00000H,FC St. Pauli,guest,4-4-2 Double-6 offensive Outliner,4-4-2,"[4, 4, 2]"
DFL-MAT-J03WO8,SV Sandhausen:1. FC Nürnberg,2022/2023,2. Bundesliga,DFL-CLU-000005,1. FC Nürnberg,guest,4-2-3-1,4-2-3-1,"[4, 2, 3, 1]"
DFL-MAT-J03WO8,SV Sandhausen:1. FC Nürnberg,2022/2023,2. Bundesliga,DFL-CLU-000012,SV Sandhausen,home,4-2-3-1,4-2-3-1,"[4, 2, 3, 1]"
DFL-MAT-J03WO9,SSV Jahn Regensburg:Karlsruher SC,2022/2023,2. Bundesliga,DFL-CLU-00000T,Karlsruher SC,guest,4-4-2 Diamond,4-4-2,"[4, 4, 2]"
DFL-MAT-J03WO9,SSV Jahn Regensburg:Karlsruher SC,2022/2023,2. Bundesliga,DFL-CLU-000011,SSV Jahn Regensburg,home,4-2-3-1,4-2-3-1,"[4, 2, 3, 1]"
DFL-MAT-J03WOA,1. FC Magdeburg:Hannover 96,2022/2023,2. Bundesliga,DFL-CLU-000001,Hannover 96,guest,3-4-1-2 defensive Midfielder,3-4-1-2,"[3, 4, 1, 2]"
DFL-MAT-J03WOA,1. FC Magdeburg:Hannover 96,2022/2023,2. Bundesliga,DFL-CLU-000N5D,1. FC Magdeburg,home,4-3-3 with 6,4-3-3,"[4, 3, 3]"
DFL-MAT-J03WOB,Eintracht Braunschweig:Fortuna Düsseldorf,2022/2023,2. Bundesliga,DFL-CLU-00000P,Fortuna Düsseldorf,guest,4-2-3-1,4-2-3-1,"[4, 2, 3, 1]"
DFL-MAT-J03WOB,Eintracht Braunschweig:Fortuna Düsseldorf,2022/2023,2. Bundesliga,DFL-CLU-00000X,Eintracht Braunschweig,home,3-3-2-2,3-3-2-2,"[3, 3, 2, 2]"
DFL-MAT-J03WOC,DSC Arminia Bielefeld:Eintracht Braunschweig,2022/2023,2. Bundesliga,DFL-CLU-00000X,Eintracht Braunschweig,guest,3-3-2-2,3-3-2-2,"[3, 3, 2, 2]"
DFL-MAT-J03WOC,DSC Arminia Bielefeld:Eintracht Braunschweig,2022/2023,2. Bundesliga,DFL-CLU-000015,DSC Arminia Bielefeld,home,4-2-3-1,4-2-3-1,"[4, 2, 3, 1]"
DFL-MAT-J03WOD,SV Darmstadt 98:1. FC Heidenheim 1846,2022/2023,2. Bundesliga,DFL-CLU-000018,1. FC Heidenheim 1846,guest,4-5-1 offensive Outliner,4-5-1,"[4, 5, 1]"
DFL-MAT-J03WOD,SV Darmstadt 98:1. FC Heidenheim 1846,2022/2023,2. Bundesliga,DFL-CLU-000016,SV Darmstadt 98,home,3-4-1-2 defensive Midfielder,3-4-1-2,"[3, 4, 1, 2]"
DFL-MAT-J03WOE,FC St. Pauli:SC Paderborn 07,2022/2023,2. Bundesliga,DFL-CLU-00000H,FC St. Pauli,home,4-4-2 Diamond,4-4-2,"[4, 4, 2]"
DFL-MAT-J03WOE,FC St. Pauli:SC Paderborn 07,2022/2023,2. Bundesliga,DFL-CLU-00000L,SC Paderborn 07,guest,3-3-2-2,3-3-2-2,"[3, 3, 2, 2]"
DFL-MAT-J03WOF,1. FC Nürnberg:Hamburger SV,2022/2023,2. Bundesliga,DFL-CLU-00000C,Hamburger SV,guest,4-3-3 with 6,4-3-3,"[4, 3, 3]"
DFL-MAT-J03WOF,1. FC Nürnberg:Hamburger SV,2022/2023,2. Bundesliga,DFL-CLU-000005,1. FC Nürnberg,home,4-2-3-1,4-2-3-1,"[4, 2, 3, 1]"
DFL-MAT-J03WOG,Holstein Kiel:SV Sandhausen,2022/2023,2. Bundesliga,DFL-CLU-000N5P,Holstein Kiel,home,3-4-1-2,3-4-1-2,"[3, 4, 1, 2]"
DFL-MAT-J03WOG,Holstein Kiel:SV Sandhausen,2022/2023,2. Bundesliga,DFL-CLU-000012,SV Sandhausen,guest,4-4-2 Diamond,4-4-2,"[4, 4, 2]"
DFL-MAT-J03WOH,Fortuna Düsseldorf:SSV Jahn Regensburg,2022/2023,2. Bundesliga,DFL-CLU-00000P,Fortuna Düsseldorf,home,4-2-3-1,4-2-3-1,"[4, 2, 3, 1]"
DFL-MAT-J03WOH,Fortuna Düsseldorf:SSV Jahn Regensburg,2022/2023,2. Bundesliga,DFL-CLU-000011,SSV Jahn Regensburg,guest,4-2-3-1,4-2-3-1,"[4, 2, 3, 1]"
DFL-MAT-J03WOI,Hannover 96:SpVgg Greuther Fürth,2022/2023,2. Bundesliga,DFL-CLU-000001,Hannover 96,home,3-4-1-2 defensive Midfielder,3-4-1-2,"[3, 4, 1, 2]"
DFL-MAT-J03WOI,Hannover 96:SpVgg Greuther Fürth,2022/2023,2. Bundesliga,DFL-CLU-00000W,SpVgg Greuther Fürth,guest,4-2-3-1,4-2-3-1,"[4, 2, 3, 1]"
DFL-MAT-J03WOJ,Karlsruher SC:F.C. Hansa Rostock,2022/2023,2. Bundesliga,DFL-CLU-00000T,Karlsruher SC,home,4-4-2 Diamond,4-4-2,"[4, 4, 2]"
DFL-MAT-J03WOJ,Karlsruher SC:F.C. Hansa Rostock,2022/2023,2. Bundesliga,DFL-CLU-00000Q,F.C. Hansa Rostock,guest,3-3-2-2,3-3-2-2,"[3, 3, 2, 2]"
DFL-MAT-J03WOK,1. FC Kaiserslautern:1. FC Magdeburg,2022/2023,2. Bundesliga,DFL-CLU-00000I,1. FC Kaiserslautern,home,4-2-3-1,4-2-3-1,"[4, 2, 3, 1]"
DFL-MAT-J03WOK,1. FC Kaiserslautern:1. FC Magdeburg,2022/2023,2. Bundesliga,DFL-CLU-000N5D,1. FC Magdeburg,guest,4-3-3 with 6,4-3-3,"[4, 3, 3]"
DFL-MAT-J03WOL,SpVgg Greuther Fürth:FC St. Pauli,2022/2023,2. Bundesliga,DFL-CLU-00000H,FC St. Pauli,guest,4-4-2 Diamond,4-4-2,"[4, 4, 2]"
DFL-MAT-J03WOL,SpVgg Greuther Fürth:FC St. Pauli,2022/2023,2. Bundesliga,DFL-CLU-00000W,SpVgg Greuther Fürth,home,4-4-2 Double-6 offensive Outliner,4-4-2,"[4, 4, 2]"
DFL-MAT-J03WOM,Hamburger SV:Karlsruher SC,2022/2023,2. Bundesliga,DFL-CLU-00000C,Hamburger SV,home,4-3-3 with 6,4-3-3,"[4, 3, 3]"
DFL-MAT-J03WOM,Hamburger SV:Karlsruher SC,2022/2023,2. Bundesliga,DFL-CLU-00000T,Karlsruher SC,guest,4-4-2 Diamond,4-4-2,"[4, 4, 2]"
DFL-MAT-J03WON,SV Darmstadt 98:DSC Arminia Bielefeld,2022/2023,2. Bundesliga,DFL-CLU-000016,SV Darmstadt 98,home,3-4-1-2 defensive Midfielder,3-4-1-2,"[3, 4, 1, 2]"
DFL-MAT-J03WON,SV Darmstadt 98:DSC Arminia Bielefeld,2022/2023,2. Bundesliga,DFL-CLU-000015,DSC Arminia Bielefeld,guest,4-1-3-2,4-1-3-2,"[4, 1, 3, 2]"
DFL-MAT-J03WOO,1. FC Heidenheim 1846:Fortuna Düsseldorf,2022/2023,2. Bundesliga,DFL-CLU-000018,1. FC Heidenheim 1846,home,4-1-4-1 offensive Midfielder,4-1-4-1,"[4, 1, 4, 1]"
DFL-MAT-J03WOO,1. FC Heidenheim 1846:Fortuna Düsseldorf,2022/2023,2. Bundesliga,DFL-CLU-00000P,Fortuna Düsseldorf,guest,4-2-3-1,4-2-3-1,"[4, 2, 3, 1]"
DFL-MAT-J03WOP,SC Paderborn 07:1. FC Magdeburg,2022/2023,2. Bundesliga,DFL-CLU-000N5D,1. FC Magdeburg,guest,4-3-3 Double-6,4-3-3,"[4, 3, 3]"
DFL-MAT-J03WOP,SC Paderborn 07:1. FC Magdeburg,2022/2023,2. Bundesliga,DFL-CLU-00000L,SC Paderborn 07,home,3-4-2-1 Double-10,3-4-2-1,"[3, 4, 2, 1]"
DFL-MAT-J03WOQ,F.C. Hansa Rostock:Hannover 96,2022/2023,2. Bundesliga,DFL-CLU-00000Q,F.C. Hansa Rostock,home,3-3-2-2,3-3-2-2,"[3, 3, 2, 2]"
DFL-MAT-J03WOQ,F.C. Hansa Rostock:Hannover 96,2022/2023,2. Bundesliga,DFL-CLU-000001,Hannover 96,guest,3-4-1-2 defensive Midfielder,3-4-1-2,"[3, 4, 1, 2]"
DFL-MAT-J03WOR,SV Sandhausen:1. FC Kaiserslautern,2022/2023,2. Bundesliga,DFL-CLU-00000I,1. FC Kaiserslautern,guest,4-2-3-1,4-2-3-1,"[4, 2, 3, 1]"
DFL-MAT-J03WOR,SV Sandhausen:1. FC Kaiserslautern,2022/2023,2. Bundesliga,DFL-CLU-000012,SV Sandhausen,home,4-4-2 Diamond,4-4-2,"[4, 4, 2]"
DFL-MAT-J03WOS,SSV Jahn Regensburg:Holstein Kiel,2022/2023,2. Bundesliga,DFL-CLU-000N5P,Holstein Kiel,guest,3-3-2-2,3-3-2-2,"[3, 3, 2, 2]"
DFL-MAT-J03WOS,SSV Jahn Regensburg:Holstein Kiel,2022/2023,2. Bundesliga,DFL-CLU-000011,SSV Jahn Regensburg,home,3-4-3,3-4-3,"[3, 4, 3]"
DFL-MAT-J03WOT,Eintracht Braunschweig:1. FC Nürnberg,2022/2023,2. Bundesliga,DFL-CLU-000005,1. FC Nürnberg,guest,4-2-3-1,4-2-3-1,"[4, 2, 3, 1]"
DFL-MAT-J03WOT,Eintracht Braunschweig:1. FC Nürnberg,2022/2023,2. Bundesliga,DFL-CLU-00000X,Eintracht Braunschweig,home,3-4-2-1 Double-10,3-4-2-1,"[3, 4, 2, 1]"
DFL-MAT-J03WOU,FC St. Pauli:SV Sandhausen,2022/2023,2. Bundesliga,DFL-CLU-00000H,FC St. Pauli,home,4-4-2 Diamond,4-4-2,"[4, 4, 2]"
DFL-MAT-J03WOU,FC St. Pauli:SV Sandhausen,2022/2023,2. Bundesliga,DFL-CLU-000012,SV Sandhausen,guest,4-4-2 Diamond,4-4-2,"[4, 4, 2]"
DFL-MAT-J03WOV,SC Paderborn 07:SSV Jahn Regensburg,2022/2023,2. Bundesliga,DFL-CLU-000011,SSV Jahn Regensburg,guest,3-4-2-1 Double-10,3-4-2-1,"[3, 4, 2, 1]"
DFL-MAT-J03WOV,SC Paderborn 07:SSV Jahn Regensburg,2022/2023,2. Bundesliga,DFL-CLU-00000L,SC Paderborn 07,home,3-3-2-2,3-3-2-2,"[3, 3, 2, 2]"
DFL-MAT-J03WOW,1. FC Nürnberg:DSC Arminia Bielefeld,2022/2023,2. Bundesliga,DFL-CLU-000005,1. FC Nürnberg,home,4-2-3-1,4-2-3-1,"[4, 2, 3, 1]"
DFL-MAT-J03WOW,1. FC Nürnberg:DSC Arminia Bielefeld,2022/2023,2. Bundesliga,DFL-CLU-000015,DSC Arminia Bielefeld,guest,4-2-3-1,4-2-3-1,"[4, 2, 3, 1]"
DFL-MAT-J03WOX,Holstein Kiel:Hamburger SV,2022/2023,2. Bundesliga,DFL-CLU-00000C,Hamburger SV,guest,4-3-3 with 6,4-3-3,"[4, 3, 3]"
DFL-MAT-J03WOX,Holstein Kiel:Hamburger SV,2022/2023,2. Bundesliga,DFL-CLU-000N5P,Holstein Kiel,home,4-4-2 Diamond,4-4-2,"[4, 4, 2]"
DFL-MAT-J03WOY,Fortuna Düsseldorf:F.C. Hansa Rostock,2022/2023,2. Bundesliga,DFL-CLU-00000P,Fortuna Düsseldorf,home,4-2-3-1,4-2-3-1,"[4, 2, 3, 1]"
DFL-MAT-J03WOY,Fortuna Düsseldorf:F.C. Hansa Rostock,2022/2023,2. Bundesliga,DFL-CLU-00000Q,F.C. Hansa Rostock,guest,3-3-2-2,3-3-2-2,"[3, 3, 2, 2]"
DFL-MAT-J03WOZ,Hannover 96:Eintracht Braunschweig,2022/2023,2. Bundesliga,DFL-CLU-000001,Hannover 96,home,3-4-1-2 defensive Midfielder,3-4-1-2,"[3, 4, 1, 2]"
DFL-MAT-J03WOZ,Hannover 96:Eintracht Braunschweig,2022/2023,2. Bundesliga,DFL-CLU-00000X,Eintracht Braunschweig,guest,3-4-2-1 Double-10,3-4-2-1,"[3, 4, 2, 1]"
DFL-MAT-J03WP0,Karlsruher SC:1. FC Heidenheim 1846,2022/2023,2. Bundesliga,DFL-CLU-000018,1. FC Heidenheim 1846,guest,4-1-4-1 offensive Midfielder,4-1-4-1,"[4, 1, 4, 1]"
DFL-MAT-J03WP0,Karlsruher SC:1. FC Heidenheim 1846,2022/2023,2. Bundesliga,DFL-CLU-00000T,Karlsruher SC,home,4-4-2 Diamond,4-4-2,"[4, 4, 2]"
DFL-MAT-J03WP1,1. FC Magdeburg:SpVgg Greuther Fürth,2022/2023,2. Bundesliga,DFL-CLU-000N5D,1. FC Magdeburg,home,4-3-3 Double-6,4-3-3,"[4, 3, 3]"
DFL-MAT-J03WP1,1. FC Magdeburg:SpVgg Greuther Fürth,2022/2023,2. Bundesliga,DFL-CLU-00000W,SpVgg Greuther Fürth,guest,4-4-2 Diamond,4-4-2,"[4, 4, 2]"
DFL-MAT-J03WP2,1. FC Kaiserslautern:SV Darmstadt 98,2022/2023,2. Bundesliga,DFL-CLU-00000I,1. FC Kaiserslautern,home,4-2-3-1,4-2-3-1,"[4, 2, 3, 1]"
DFL-MAT-J03WP2,1. FC Kaiserslautern:SV Darmstadt 98,2022/2023,2. Bundesliga,DFL-CLU-000016,SV Darmstadt 98,guest,3-4-1-2 defensive Midfielder,3-4-1-2,"[3, 4, 1, 2]"
DFL-MAT-J03WP3,DSC Arminia Bielefeld:Holstein Kiel,2022/2023,2. Bundesliga,DFL-CLU-000015,DSC Arminia Bielefeld,home,4-5-1 offensive Outliner,4-5-1,"[4, 5, 1]"
DFL-MAT-J03WP3,DSC Arminia Bielefeld:Holstein Kiel,2022/2023,2. Bundesliga,DFL-CLU-000N5P,Holstein Kiel,guest,4-4-2 Diamond,4-4-2,"[4, 4, 2]"
DFL-MAT-J03WP4,SpVgg Greuther Fürth:SC Paderborn 07,2022/2023,2. Bundesliga,DFL-CLU-00000W,SpVgg Greuther Fürth,home,4-2-3-1,4-2-3-1,"[4, 2, 3, 1]"
DFL-MAT-J03WP4,SpVgg Greuther Fürth:SC Paderborn 07,2022/2023,2. Bundesliga,DFL-CLU-00000L,SC Paderborn 07,guest,3-1-4-2,3-1-4-2,"[3, 1, 4, 2]"
DFL-MAT-J03WP5,Hamburger SV:Fortuna Düsseldorf,2022/2023,2. Bundesliga,DFL-CLU-00000C,Hamburger SV,home,4-3-3 with 6,4-3-3,"[4, 3, 3]"
DFL-MAT-J03WP5,Hamburger SV:Fortuna Düsseldorf,2022/2023,2. Bundesliga,DFL-CLU-00000P,Fortuna Düsseldorf,guest,4-2-3-1,4-2-3-1,"[4, 2, 3, 1]"
DFL-MAT-J03WP6,SV Darmstadt 98:1. FC Nürnberg,2022/2023,2. Bundesliga,DFL-CLU-000005,1. FC Nürnberg,guest,4-2-3-1,4-2-3-1,"[4, 2, 3, 1]"
DFL-MAT-J03WP6,SV Darmstadt 98:1. FC Nürnberg,2022/2023,2. Bundesliga,DFL-CLU-000016,SV Darmstadt 98,home,3-4-1-2 defensive Midfielder,3-4-1-2,"[3, 4, 1, 2]"
DFL-MAT-J03WP7,1. FC Heidenheim 1846:1. FC Kaiserslautern,2022/2023,2. Bundesliga,DFL-CLU-000018,1. FC Heidenheim 1846,home,4-1-4-1 offensive Midfielder,4-1-4-1,"[4, 1, 4, 1]"
DFL-MAT-J03WP7,1. FC Heidenheim 1846:1. FC Kaiserslautern,2022/2023,2. Bundesliga,DFL-CLU-00000I,1. FC Kaiserslautern,guest,4-2-3-1,4-2-3-1,"[4, 2, 3, 1]"
DFL-MAT-J03WP8,F.C. Hansa Rostock:1. FC Magdeburg,2022/2023,2. Bundesliga,DFL-CLU-00000Q,F.C. Hansa Rostock,home,4-2-3-1,4-2-3-1,"[4, 2, 3, 1]"
DFL-MAT-J03WP8,F.C. Hansa Rostock:1. FC Magdeburg,2022/2023,2. Bundesliga,DFL-CLU-000N5D,1. FC Magdeburg,guest,4-3-3 with 6,4-3-3,"[4, 3, 3]"
DFL-MAT-J03WP9,SV Sandhausen:Hannover 96,2022/2023,2. Bundesliga,DFL-CLU-000001,Hannover 96,guest,3-4-2-1 Double-10,3-4-2-1,"[3, 4, 2, 1]"
DFL-MAT-J03WP9,SV Sandhausen:Hannover 96,2022/2023,2. Bundesliga,DFL-CLU-000012,SV Sandhausen,home,4-2-3-1,4-2-3-1,"[4, 2, 3, 1]"
DFL-MAT-J03WPA,SSV Jahn Regensburg:FC St. Pauli,2022/2023,2. Bundesliga,DFL-CLU-00000H,FC St. Pauli,guest,4-4-2 Double-6 offensive Outliner,4-4-2,"[4, 4, 2]"
DFL-MAT-J03WPA,SSV Jahn Regensburg:FC St. Pauli,2022/2023,2. Bundesliga,DFL-CLU-000011,SSV Jahn Regensburg,home,4-2-3-1,4-2-3-1,"[4, 2, 3, 1]"
DFL-MAT-J03WPB,Eintracht Braunschweig:Karlsruher SC,2022/2023,2. Bundesliga,DFL-CLU-00000T,Karlsruher SC,guest,4-4-2 Diamond,4-4-2,"[4, 4, 2]"
DFL-MAT-J03WPB,Eintracht Braunschweig:Karlsruher SC,2022/2023,2. Bundesliga,DFL-CLU-00000X,Eintracht Braunschweig,home,3-4-1-2 defensive Midfielder,3-4-1-2,"[3, 4, 1, 2]"
DFL-MAT-J03WPC,SpVgg Greuther Fürth:SV Sandhausen,2022/2023,2. Bundesliga,DFL-CLU-000012,SV Sandhausen,guest,4-2-3-1,4-2-3-1,"[4, 2, 3, 1]"
DFL-MAT-J03WPC,SpVgg Greuther Fürth:SV Sandhausen,2022/2023,2. Bundesliga,DFL-CLU-00000W,SpVgg Greuther Fürth,home,4-2-3-1,4-2-3-1,"[4, 2, 3, 1]"
DFL-MAT-J03WPD,FC St. Pauli:1. FC Heidenheim 1846,2022/2023,2. Bundesliga,DFL-CLU-000018,1. FC Heidenheim 1846,guest,4-1-4-1 offensive Midfielder,4-1-4-1,"[4, 1, 4, 1]"
DFL-MAT-J03WPD,FC St. Pauli:1. FC Heidenheim 1846,2022/2023,2. Bundesliga,DFL-CLU-00000H,FC St. Pauli,home,4-4-2 Double-6 offensive Outliner,4-4-2,"[4, 4, 2]"
DFL-MAT-J03WPE,SC Paderborn 07:SV Darmstadt 98,2022/2023,2. Bundesliga,DFL-CLU-000016,SV Darmstadt 98,guest,3-4-1-2 defensive Midfielder,3-4-1-2,"[3, 4, 1, 2]"
DFL-MAT-J03WPE,SC Paderborn 07:SV Darmstadt 98,2022/2023,2. Bundesliga,DFL-CLU-00000L,SC Paderborn 07,home,3-4-2-1 Double-10,3-4-2-1,"[3, 4, 2, 1]"
DFL-MAT-J03WPF,Holstein Kiel:F.C. Hansa Rostock,2022/2023,2. Bundesliga,DFL-CLU-00000Q,F.C. Hansa Rostock,guest,4-2-3-1,4-2-3-1,"[4, 2, 3, 1]"
DFL-MAT-J03WPF,Holstein Kiel:F.C. Hansa Rostock,2022/2023,2. Bundesliga,DFL-CLU-000N5P,Holstein Kiel,home,4-4-2 Diamond,4-4-2,"[4, 4, 2]"
DFL-MAT-J03WPG,Fortuna Düsseldorf:DSC Arminia Bielefeld,2022/2023,2. Bundesliga,DFL-CLU-00000P,Fortuna Düsseldorf,home,4-2-3-1,4-2-3-1,"[4, 2, 3, 1]"
DFL-MAT-J03WPG,Fortuna Düsseldorf:DSC Arminia Bielefeld,2022/2023,2. Bundesliga,DFL-CLU-000015,DSC Arminia Bielefeld,guest,4-5-1 offensive Outliner,4-5-1,"[4, 5, 1]"
DFL-MAT-J03WPH,Hannover 96:Hamburger SV,2022/2023,2. Bundesliga,DFL-CLU-00000C,Hamburger SV,guest,4-3-3 with 6,4-3-3,"[4, 3, 3]"
DFL-MAT-J03WPH,Hannover 96:Hamburger SV,2022/2023,2. Bundesliga,DFL-CLU-000001,Hannover 96,home,3-4-1-2 defensive Midfielder,3-4-1-2,"[3, 4, 1, 2]"
DFL-MAT-J03WPI,Karlsruher SC:1. FC Nürnberg,2022/2023,2. Bundesliga,DFL-CLU-00000T,Karlsruher SC,home,4-4-2 Diamond,4-4-2,"[4, 4, 2]"
DFL-MAT-J03WPI,Karlsruher SC:1. FC Nürnberg,2022/2023,2. Bundesliga,DFL-CLU-000005,1. FC Nürnberg,guest,4-2-3-1,4-2-3-1,"[4, 2, 3, 1]"
DFL-MAT-J03WPJ,1. FC Magdeburg:SSV Jahn Regensburg,2022/2023,2. Bundesliga,DFL-CLU-000011,SSV Jahn Regensburg,guest,3-4-2-1 Double-10,3-4-2-1,"[3, 4, 2, 1]"
DFL-MAT-J03WPJ,1. FC Magdeburg:SSV Jahn Regensburg,2022/2023,2. Bundesliga,DFL-CLU-000N5D,1. FC Magdeburg,home,4-3-3 Double-6,4-3-3,"[4, 3, 3]"
DFL-MAT-J03WPK,1. FC Kaiserslautern:Eintracht Braunschweig,2022/2023,2. Bundesliga,DFL-CLU-00000I,1. FC Kaiserslautern,home,4-1-4-1 offensive Midfielder,4-1-4-1,"[4, 1, 4, 1]"
DFL-MAT-J03WPK,1. FC Kaiserslautern:Eintracht Braunschweig,2022/2023,2. Bundesliga,DFL-CLU-00000X,Eintracht Braunschweig,guest,3-4-1-2 defensive Midfielder,3-4-1-2,"[3, 4, 1, 2]"
DFL-MAT-J03WPL,DSC Arminia Bielefeld:Karlsruher SC,2022/2023,2. Bundesliga,DFL-CLU-00000T,Karlsruher SC,guest,4-4-2 Diamond,4-4-2,"[4, 4, 2]"
DFL-MAT-J03WPL,DSC Arminia Bielefeld:Karlsruher SC,2022/2023,2. Bundesliga,DFL-CLU-000015,DSC Arminia Bielefeld,home,4-4-1-1,4-4-1-1,"[4, 4, 1, 1]"
DFL-MAT-J03WPM,Hamburger SV:1. FC Kaiserslautern,2022/2023,2. Bundesliga,DFL-CLU-00000I,1. FC Kaiserslautern,guest,3-4-1-2 defensive Midfielder,3-4-1-2,"[3, 4, 1, 2]"
DFL-MAT-J03WPM,Hamburger SV:1. FC Kaiserslautern,2022/2023,2. Bundesliga,DFL-CLU-00000C,Hamburger SV,home,4-3-3 with 6,4-3-3,"[4, 3, 3]"
DFL-MAT-J03WPN,SV Darmstadt 98:Fortuna Düsseldorf,2022/2023,2. Bundesliga,DFL-CLU-00000P,Fortuna Düsseldorf,guest,4-2-3-1,4-2-3-1,"[4, 2, 3, 1]"
DFL-MAT-J03WPN,SV Darmstadt 98:Fortuna Düsseldorf,2022/2023,2. Bundesliga,DFL-CLU-000016,SV Darmstadt 98,home,4-4-2 Diamond,4-4-2,"[4, 4, 2]"
DFL-MAT-J03WPO,1. FC Heidenheim 1846:Hannover 96,2022/2023,2. Bundesliga,DFL-CLU-000018,1. FC Heidenheim 1846,home,4-1-4-1 offensive Midfielder,4-1-4-1,"[4, 1, 4, 1]"
DFL-MAT-J03WPO,1. FC Heidenheim 1846:Hannover 96,2022/2023,2. Bundesliga,DFL-CLU-000001,Hannover 96,guest,3-4-1-2 defensive Midfielder,3-4-1-2,"[3, 4, 1, 2]"
DFL-MAT-J03WPP,1. FC Nürnberg:Holstein Kiel,2022/2023,2. Bundesliga,DFL-CLU-000005,1. FC Nürnberg,home,4-2-3-1,4-2-3-1,"[4, 2, 3, 1]"
DFL-MAT-J03WPP,1. FC Nürnberg:Holstein Kiel,2022/2023,2. Bundesliga,DFL-CLU-000N5P,Holstein Kiel,guest,4-4-2 Diamond,4-4-2,"[4, 4, 2]"
DFL-MAT-J03WPQ,F.C. Hansa Rostock:SC Paderborn 07,2022/2023,2. Bundesliga,DFL-CLU-00000Q,F.C. Hansa Rostock,home,4-2-3-1,4-2-3-1,"[4, 2, 3, 1]"
DFL-MAT-J03WPQ,F.C. Hansa Rostock:SC Paderborn 07,2022/2023,2. Bundesliga,DFL-CLU-00000L,SC Paderborn 07,guest,4-3-3 with 6,4-3-3,"[4, 3, 3]"
DFL-MAT-J03WPR,SV Sandhausen:1. FC Magdeburg,2022/2023,2. Bundesliga,DFL-CLU-000N5D,1. FC Magdeburg,guest,4-3-3 Double-6,4-3-3,"[4, 3, 3]"
DFL-MAT-J03WPR,SV Sandhausen:1. FC Magdeburg,2022/2023,2. Bundesliga,DFL-CLU-000012,SV Sandhausen,home,4-4-2 Double-6 offensive Outliner,4-4-2,"[4, 4, 2]"
DFL-MAT-J03WPS,SSV Jahn Regensburg:SpVgg Greuther Fürth,2022/2023,2. Bundesliga,DFL-CLU-000011,SSV Jahn Regensburg,home,4-2-3-1,4-2-3-1,"[4, 2, 3, 1]"
DFL-MAT-J03WPS,SSV Jahn Regensburg:SpVgg Greuther Fürth,2022/2023,2. Bundesliga,DFL-CLU-00000W,SpVgg Greuther Fürth,guest,4-2-3-1,4-2-3-1,"[4, 2, 3, 1]"
DFL-MAT-J03WPT,Eintracht Braunschweig:FC St. Pauli,2022/2023,2. Bundesliga,DFL-CLU-00000H,FC St. Pauli,guest,4-2-3-1,4-2-3-1,"[4, 2, 3, 1]"
DFL-MAT-J03WPT,Eintracht Braunschweig:FC St. Pauli,2022/2023,2. Bundesliga,DFL-CLU-00000X,Eintracht Braunschweig,home,3-3-2-2,3-3-2-2,"[3, 3, 2, 2]"
DFL-MAT-J03WPU,SpVgg Greuther Fürth:F.C. Hansa Rostock,2022/2023,2. Bundesliga,DFL-CLU-00000Q,F.C. Hansa Rostock,guest,4-4-2 Double-6,4-4-2,"[4, 4, 2]"
DFL-MAT-J03WPU,SpVgg Greuther Fürth:F.C. Hansa Rostock,2022/2023,2. Bundesliga,DFL-CLU-00000W,SpVgg Greuther Fürth,home,4-1-3-2,4-1-3-2,"[4, 1, 3, 2]"
DFL-MAT-J03WPV,FC St. Pauli:Hamburger SV,2022/2023,2. Bundesliga,DFL-CLU-00000C,Hamburger SV,guest,4-3-3 with 6,4-3-3,"[4, 3, 3]"
DFL-MAT-J03WPV,FC St. Pauli:Hamburger SV,2022/2023,2. Bundesliga,DFL-CLU-00000H,FC St. Pauli,home,3-3-2-2,3-3-2-2,"[3, 3, 2, 2]"
DFL-MAT-J03WPW,SC Paderborn 07:SV Sandhausen,2022/2023,2. Bundesliga,DFL-CLU-000012,SV Sandhausen,guest,4-2-3-1,4-2-3-1,"[4, 2, 3, 1]"
DFL-MAT-J03WPW,SC Paderborn 07:SV Sandhausen,2022/2023,2. Bundesliga,DFL-CLU-00000L,SC Paderborn 07,home,3-1-4-2,3-1-4-2,"[3, 1, 4, 2]"
DFL-MAT-J03WPX,Holstein Kiel:1. FC Heidenheim 1846,2022/2023,2. Bundesliga,DFL-CLU-000018,1. FC Heidenheim 1846,guest,4-1-4-1 offensive Midfielder,4-1-4-1,"[4, 1, 4, 1]"
DFL-MAT-J03WPX,Holstein Kiel:1. FC Heidenheim 1846,2022/2023,2. Bundesliga,DFL-CLU-000N5P,Holstein Kiel,home,3-3-2-2,3-3-2-2,"[3, 3, 2, 2]"
DFL-MAT-J03WPY,Fortuna Düsseldorf:1. FC Nürnberg,2022/2023,2. Bundesliga,DFL-CLU-000005,1. FC Nürnberg,guest,4-1-3-2,4-1-3-2,"[4, 1, 3, 2]"
DFL-MAT-J03WPY,Fortuna Düsseldorf:1. FC Nürnberg,2022/2023,2. Bundesliga,DFL-CLU-00000P,Fortuna Düsseldorf,home,4-2-3-1,4-2-3-1,"[4, 2, 3, 1]"
DFL-MAT-J03WPZ,Hannover 96:DSC Arminia Bielefeld,2022/2023,2. Bundesliga,DFL-CLU-000001,Hannover 96,home,4-4-2 Diamond,4-4-2,"[4, 4, 2]"
DFL-MAT-J03WPZ,Hannover 96:DSC Arminia Bielefeld,2022/2023,2. Bundesliga,DFL-CLU-000015,DSC Arminia Bielefeld,guest,4-5-1 offensive Outliner,4-5-1,"[4, 5, 1]"
DFL-MAT-J03WQ0,Karlsruher SC:SV Darmstadt 98,2022/2023,2. Bundesliga,DFL-CLU-00000T,Karlsruher SC,home,4-4-2 Diamond,4-4-2,"[4, 4, 2]"
DFL-MAT-J03WQ0,Karlsruher SC:SV Darmstadt 98,2022/2023,2. Bundesliga,DFL-CLU-000016,SV Darmstadt 98,guest,3-4-1-2 defensive Midfielder,3-4-1-2,"[3, 4, 1, 2]"
DFL-MAT-J03WQ1,1. FC Magdeburg:Eintracht Braunschweig,2022/2023,2. Bundesliga,DFL-CLU-00000X,Eintracht Braunschweig,guest,3-3-2-2,3-3-2-2,"[3, 3, 2, 2]"
DFL-MAT-J03WQ1,1. FC Magdeburg:Eintracht Braunschweig,2022/2023,2. Bundesliga,DFL-CLU-000N5D,1. FC Magdeburg,home,4-3-3 Double-6,4-3-3,"[4, 3, 3]"
DFL-MAT-J03WQ2,1. FC Kaiserslautern:SSV Jahn Regensburg,2022/2023,2. Bundesliga,DFL-CLU-00000I,1. FC Kaiserslautern,home,3-4-1-2 defensive Midfielder,3-4-1-2,"[3, 4, 1, 2]"
DFL-MAT-J03WQ2,1. FC Kaiserslautern:SSV Jahn Regensburg,2022/2023,2. Bundesliga,DFL-CLU-000011,SSV Jahn Regensburg,guest,4-2-3-1,4-2-3-1,"[4, 2, 3, 1]"
DFL-MAT-J03WQ3,DSC Arminia Bielefeld:FC St. Pauli,2022/2023,2. Bundesliga,DFL-CLU-00000H,FC St. Pauli,guest,3-3-2-2,3-3-2-2,"[3, 3, 2, 2]"
DFL-MAT-J03WQ3,DSC Arminia Bielefeld:FC St. Pauli,2022/2023,2. Bundesliga,DFL-CLU-000015,DSC Arminia Bielefeld,home,4-5-1 offensive Outliner,4-5-1,"[4, 5, 1]"
DFL-MAT-J03WQ4,Hamburger SV:1. FC Magdeburg,2022/2023,2. Bundesliga,DFL-CLU-00000C,Hamburger SV,home,4-3-3 with 6,4-3-3,"[4, 3, 3]"
DFL-MAT-J03WQ4,Hamburger SV:1. FC Magdeburg,2022/2023,2. Bundesliga,DFL-CLU-000N5D,1. FC Magdeburg,guest,3-4-1-2 defensive Midfielder,3-4-1-2,"[3, 4, 1, 2]"
DFL-MAT-J03WQ5,SV Darmstadt 98:Holstein Kiel,2022/2023,2. Bundesliga,DFL-CLU-000016,SV Darmstadt 98,home,3-4-1-2 defensive Midfielder,3-4-1-2,"[3, 4, 1, 2]"
DFL-MAT-J03WQ5,SV Darmstadt 98:Holstein Kiel,2022/2023,2. Bundesliga,DFL-CLU-000N5P,Holstein Kiel,guest,3-3-2-2,3-3-2-2,"[3, 3, 2, 2]"
DFL-MAT-J03WQ6,1. FC Heidenheim 1846:SpVgg Greuther Fürth,2022/2023,2. Bundesliga,DFL-CLU-000018,1. FC Heidenheim 1846,home,4-1-4-1 offensive Midfielder,4-1-4-1,"[4, 1, 4, 1]"
DFL-MAT-J03WQ6,1. FC Heidenheim 1846:SpVgg Greuther Fürth,2022/2023,2. Bundesliga,DFL-CLU-00000W,SpVgg Greuther Fürth,guest,4-1-3-2,4-1-3-2,"[4, 1, 3, 2]"
DFL-MAT-J03WQ7,1. FC Nürnberg:Hannover 96,2022/2023,2. Bundesliga,DFL-CLU-000005,1. FC Nürnberg,home,3-3-2-2,3-3-2-2,"[3, 3, 2, 2]"
DFL-MAT-J03WQ7,1. FC Nürnberg:Hannover 96,2022/2023,2. Bundesliga,DFL-CLU-000001,Hannover 96,guest,3-4-1-2 defensive Midfielder,3-4-1-2,"[3, 4, 1, 2]"
DFL-MAT-J03WQ8,Karlsruher SC:Fortuna Düsseldorf,2022/2023,2. Bundesliga,DFL-CLU-00000T,Karlsruher SC,home,4-4-2 Diamond,4-4-2,"[4, 4, 2]"
DFL-MAT-J03WQ8,Karlsruher SC:Fortuna Düsseldorf,2022/2023,2. Bundesliga,DFL-CLU-00000P,Fortuna Düsseldorf,guest,3-1-4-2,3-1-4-2,"[3, 1, 4, 2]"
DFL-MAT-J03WQ9,F.C. Hansa Rostock:1. FC Kaiserslautern,2022/2023,2. Bundesliga,DFL-CLU-00000I,1. FC Kaiserslautern,guest,4-2-3-1,4-2-3-1,"[4, 2, 3, 1]"
DFL-MAT-J03WQ9,F.C. Hansa Rostock:1. FC Kaiserslautern,2022/2023,2. Bundesliga,DFL-CLU-00000Q,F.C. Hansa Rostock,home,4-2-3-1,4-2-3-1,"[4, 2, 3, 1]"
DFL-MAT-J03WQA,SSV Jahn Regensburg:SV Sandhausen,2022/2023,2. Bundesliga,DFL-CLU-000011,SSV Jahn Regensburg,home,4-2-3-1,4-2-3-1,"[4, 2, 3, 1]"
DFL-MAT-J03WQA,SSV Jahn Regensburg:SV Sandhausen,2022/2023,2. Bundesliga,DFL-CLU-000012,SV Sandhausen,guest,3-4-1-2 defensive Midfielder,3-4-1-2,"[3, 4, 1, 2]"
DFL-MAT-J03WQB,Eintracht Braunschweig:SC Paderborn 07,2022/2023,2. Bundesliga,DFL-CLU-00000X,Eintracht Braunschweig,home,3-3-2-2,3-3-2-2,"[3, 3, 2, 2]"
DFL-MAT-J03WQB,Eintracht Braunschweig:SC Paderborn 07,2022/2023,2. Bundesliga,DFL-CLU-00000L,SC Paderborn 07,guest,3-1-4-2,3-1-4-2,"[3, 1, 4, 2]"
DFL-MAT-J03WQC,SpVgg Greuther Fürth:DSC Arminia Bielefeld,2022/2023,2. Bundesliga,DFL-CLU-000015,DSC Arminia Bielefeld,guest,4-3-3 with 6,4-3-3,"[4, 3, 3]"
DFL-MAT-J03WQC,SpVgg Greuther Fürth:DSC Arminia Bielefeld,2022/2023,2. Bundesliga,DFL-CLU-00000W,SpVgg Greuther Fürth,home,3-4-1-2 defensive Midfielder,3-4-1-2,"[3, 4, 1, 2]"
DFL-MAT-J03WQD,FC St. Pauli:SV Darmstadt 98,2022/2023,2. Bundesliga,DFL-CLU-000016,SV Darmstadt 98,guest,3-4-2-1 Double-10,3-4-2-1,"[3, 4, 2, 1]"
DFL-MAT-J03WQD,FC St. Pauli:SV Darmstadt 98,2022/2023,2. Bundesliga,DFL-CLU-00000H,FC St. Pauli,home,3-3-2-2,3-3-2-2,"[3, 3, 2, 2]"
DFL-MAT-J03WQE,SC Paderborn 07:Hamburger SV,2022/2023,2. Bundesliga,DFL-CLU-00000C,Hamburger SV,guest,4-3-3 with 6,4-3-3,"[4, 3, 3]"
DFL-MAT-J03WQE,SC Paderborn 07:Hamburger SV,2022/2023,2. Bundesliga,DFL-CLU-00000L,SC Paderborn 07,home,3-3-2-2,3-3-2-2,"[3, 3, 2, 2]"
DFL-MAT-J03WQF,Holstein Kiel:Fortuna Düsseldorf,2022/2023,2. Bundesliga,DFL-CLU-00000P,Fortuna Düsseldorf,guest,4-1-4-1 offensive Midfielder,4-1-4-1,"[4, 1, 4, 1]"
DFL-MAT-J03WQF,Holstein Kiel:Fortuna Düsseldorf,2022/2023,2. Bundesliga,DFL-CLU-000N5P,Holstein Kiel,home,4-2-3-1,4-2-3-1,"[4, 2, 3, 1]"
DFL-MAT-J03WQG,Hannover 96:Karlsruher SC,2022/2023,2. Bundesliga,DFL-CLU-00000T,Karlsruher SC,guest,4-4-2 Diamond,4-4-2,"[4, 4, 2]"
DFL-MAT-J03WQG,Hannover 96:Karlsruher SC,2022/2023,2. Bundesliga,DFL-CLU-000001,Hannover 96,home,3-4-1-2 defensive Midfielder,3-4-1-2,"[3, 4, 1, 2]"
DFL-MAT-J03WQH,SV Sandhausen:Eintracht Braunschweig,2022/2023,2. Bundesliga,DFL-CLU-00000X,Eintracht Braunschweig,guest,3-3-2-2,3-3-2-2,"[3, 3, 2, 2]"
DFL-MAT-J03WQH,SV Sandhausen:Eintracht Braunschweig,2022/2023,2. Bundesliga,DFL-CLU-000012,SV Sandhausen,home,4-4-2 Double-6 offensive Outliner,4-4-2,"[4, 4, 2]"
DFL-MAT-J03WQI,SSV Jahn Regensburg:F.C. Hansa Rostock,2022/2023,2. Bundesliga,DFL-CLU-00000Q,F.C. Hansa Rostock,guest,4-2-3-1,4-2-3-1,"[4, 2, 3, 1]"
DFL-MAT-J03WQI,SSV Jahn Regensburg:F.C. Hansa Rostock,2022/2023,2. Bundesliga,DFL-CLU-000011,SSV Jahn Regensburg,home,4-2-3-1,4-2-3-1,"[4, 2, 3, 1]"
DFL-MAT-J03WQJ,1. FC Magdeburg:1. FC Heidenheim 1846,2022/2023,2. Bundesliga,DFL-CLU-000018,1. FC Heidenheim 1846,guest,4-1-3-2,4-1-3-2,"[4, 1, 3, 2]"
DFL-MAT-J03WQJ,1. FC Magdeburg:1. FC Heidenheim 1846,2022/2023,2. Bundesliga,DFL-CLU-000N5D,1. FC Magdeburg,home,4-3-3 with 6,4-3-3,"[4, 3, 3]"
DFL-MAT-J03WQK,1. FC Kaiserslautern:1. FC Nürnberg,2022/2023,2. Bundesliga,DFL-CLU-00000I,1. FC Kaiserslautern,home,4-2-3-1,4-2-3-1,"[4, 2, 3, 1]"
DFL-MAT-J03WQK,1. FC Kaiserslautern:1. FC Nürnberg,2022/2023,2. Bundesliga,DFL-CLU-000005,1. FC Nürnberg,guest,4-1-3-2,4-1-3-2,"[4, 1, 3, 2]"
DFL-MAT-J03WQL,DSC Arminia Bielefeld:1. FC Kaiserslautern,2022/2023,2. Bundesliga,DFL-CLU-00000I,1. FC Kaiserslautern,guest,4-2-3-1,4-2-3-1,"[4, 2, 3, 1]"
DFL-MAT-J03WQL,DSC Arminia Bielefeld:1. FC Kaiserslautern,2022/2023,2. Bundesliga,DFL-CLU-000015,DSC Arminia Bielefeld,home,4-3-3 with 6,4-3-3,"[4, 3, 3]"
DFL-MAT-J03WQM,Hamburger SV:SSV Jahn Regensburg,2022/2023,2. Bundesliga,DFL-CLU-00000C,Hamburger SV,home,4-3-3 with 6,4-3-3,"[4, 3, 3]"
DFL-MAT-J03WQM,Hamburger SV:SSV Jahn Regensburg,2022/2023,2. Bundesliga,DFL-CLU-000011,SSV Jahn Regensburg,guest,4-4-2 Double-6 offensive Outliner,4-4-2,"[4, 4, 2]"
DFL-MAT-J03WQN,SV Darmstadt 98:Hannover 96,2022/2023,2. Bundesliga,DFL-CLU-000016,SV Darmstadt 98,home,4-4-2 Double-6 offensive Outliner,4-4-2,"[4, 4, 2]"
DFL-MAT-J03WQN,SV Darmstadt 98:Hannover 96,2022/2023,2. Bundesliga,DFL-CLU-000001,Hannover 96,guest,3-4-1-2 defensive Midfielder,3-4-1-2,"[3, 4, 1, 2]"
DFL-MAT-J03WQO,1. FC Heidenheim 1846:SC Paderborn 07,2022/2023,2. Bundesliga,DFL-CLU-000018,1. FC Heidenheim 1846,home,4-2-3-1,4-2-3-1,"[4, 2, 3, 1]"
DFL-MAT-J03WQO,1. FC Heidenheim 1846:SC Paderborn 07,2022/2023,2. Bundesliga,DFL-CLU-00000L,SC Paderborn 07,guest,3-3-2-2,3-3-2-2,"[3, 3, 2, 2]"
DFL-MAT-J03WQP,1. FC Nürnberg:1. FC Magdeburg,2022/2023,2. Bundesliga,DFL-CLU-000005,1. FC Nürnberg,home,3-3-2-2,3-3-2-2,"[3, 3, 2, 2]"
DFL-MAT-J03WQP,1. FC Nürnberg:1. FC Magdeburg,2022/2023,2. Bundesliga,DFL-CLU-000N5D,1. FC Magdeburg,guest,4-3-3 with 6,4-3-3,"[4, 3, 3]"
DFL-MAT-J03WQQ,Fortuna Düsseldorf:FC St. Pauli,2022/2023,2. Bundesliga,DFL-CLU-00000P,Fortuna Düsseldorf,home,3-4-1-2,3-4-1-2,"[3, 4, 1, 2]"
DFL-MAT-J03WQQ,Fortuna Düsseldorf:FC St. Pauli,2022/2023,2. Bundesliga,DFL-CLU-00000H,FC St. Pauli,guest,3-3-2-2,3-3-2-2,"[3, 3, 2, 2]"
DFL-MAT-J03WQR,Karlsruher SC:Holstein Kiel,2022/2023,2. Bundesliga,DFL-CLU-00000T,Karlsruher SC,home,4-5-1 offensive Outliner,4-5-1,"[4, 5, 1]"
DFL-MAT-J03WQR,Karlsruher SC:Holstein Kiel,2022/2023,2. Bundesliga,DFL-CLU-000N5P,Holstein Kiel,guest,4-2-3-1,4-2-3-1,"[4, 2, 3, 1]"
DFL-MAT-J03WQS,F.C. Hansa Rostock:SV Sandhausen,2022/2023,2. Bundesliga,DFL-CLU-00000Q,F.C. Hansa Rostock,home,4-2-3-1,4-2-3-1,"[4, 2, 3, 1]"
DFL-MAT-J03WQS,F.C. Hansa Rostock:SV Sandhausen,2022/2023,2. Bundesliga,DFL-CLU-000012,SV Sandhausen,guest,3-3-2-2,3-3-2-2,"[3, 3, 2, 2]"
DFL-MAT-J03WQT,Eintracht Braunschweig:SpVgg Greuther Fürth,2022/2023,2. Bundesliga,DFL-CLU-00000X,Eintracht Braunschweig,home,3-3-2-2,3-3-2-2,"[3, 3, 2, 2]"
DFL-MAT-J03WQT,Eintracht Braunschweig:SpVgg Greuther Fürth,2022/2023,2. Bundesliga,DFL-CLU-00000W,SpVgg Greuther Fürth,guest,3-4-1-2 defensive Midfielder,3-4-1-2,"[3, 4, 1, 2]"
DFL-MAT-J03WQU,SpVgg Greuther Fürth:Hamburger SV,2022/2023,2. Bundesliga,DFL-CLU-00000C,Hamburger SV,guest,4-3-3 with 6,4-3-3,"[4, 3, 3]"
DFL-MAT-J03WQU,SpVgg Greuther Fürth:Hamburger SV,2022/2023,2. Bundesliga,DFL-CLU-00000W,SpVgg Greuther Fürth,home,3-4-1-2 defensive Midfielder,3-4-1-2,"[3, 4, 1, 2]"
DFL-MAT-J03WQV,FC St. Pauli:Holstein Kiel,2022/2023,2. Bundesliga,DFL-CLU-00000H,FC St. Pauli,home,3-3-2-2,3-3-2-2,"[3, 3, 2, 2]"
DFL-MAT-J03WQV,FC St. Pauli:Holstein Kiel,2022/2023,2. Bundesliga,DFL-CLU-000N5P,Holstein Kiel,guest,4-2-3-1,4-2-3-1,"[4, 2, 3, 1]"
DFL-MAT-J03WQW,SC Paderborn 07:DSC Arminia Bielefeld,2022/2023,2. Bundesliga,DFL-CLU-000015,DSC Arminia Bielefeld,guest,4-3-3 with 6,4-3-3,"[4, 3, 3]"
DFL-MAT-J03WQW,SC Paderborn 07:DSC Arminia Bielefeld,2022/2023,2. Bundesliga,DFL-CLU-00000L,SC Paderborn 07,home,3-4-3 Diamond,3-4-3,"[3, 4, 3]"
DFL-MAT-J03WQX,Hannover 96:Fortuna Düsseldorf,2022/2023,2. Bundesliga,DFL-CLU-00000P,Fortuna Düsseldorf,guest,4-4-2 Double-6 offensive Outliner,4-4-2,"[4, 4, 2]"
DFL-MAT-J03WQX,Hannover 96:Fortuna Düsseldorf,2022/2023,2. Bundesliga,DFL-CLU-000001,Hannover 96,home,3-4-1-2 defensive Midfielder,3-4-1-2,"[3, 4, 1, 2]"
DFL-MAT-J03WQY,F.C. Hansa Rostock:1. FC Nürnberg,2022/2023,2. Bundesliga,DFL-CLU-000005,1. FC Nürnberg,guest,4-4-2 Double-6 offensive Outliner,4-4-2,"[4, 4, 2]"
DFL-MAT-J03WQY,F.C. Hansa Rostock:1. FC Nürnberg,2022/2023,2. Bundesliga,DFL-CLU-00000Q,F.C. Hansa Rostock,home,4-2-3-1,4-2-3-1,"[4, 2, 3, 1]"
DFL-MAT-J03WQZ,SV Sandhausen:1. FC Heidenheim 1846,2022/2023,2. Bundesliga,DFL-CLU-000018,1. FC Heidenheim 1846,guest,4-2-3-1,4-2-3-1,"[4, 2, 3, 1]"
DFL-MAT-J03WQZ,SV Sandhausen:1. FC Heidenheim 1846,2022/2023,2. Bundesliga,DFL-CLU-000012,SV Sandhausen,home,3-3-2-2,3-3-2-2,"[3, 3, 2, 2]"
DFL-MAT-J03WR0,SSV Jahn Regensburg:Eintracht Braunschweig,2022/2023,2. Bundesliga,DFL-CLU-00000X,Eintracht Braunschweig,guest,3-3-2-2,3-3-2-2,"[3, 3, 2, 2]"
DFL-MAT-J03WR0,SSV Jahn Regensburg:Eintracht Braunschweig,2022/2023,2. Bundesliga,DFL-CLU-000011,SSV Jahn Regensburg,home,4-2-3-1,4-2-3-1,"[4, 2, 3, 1]"
DFL-MAT-J03WR1,1. FC Magdeburg:SV Darmstadt 98,2022/2023,2. Bundesliga,DFL-CLU-000016,SV Darmstadt 98,guest,4-4-2 Double-6 offensive Outliner,4-4-2,"[4, 4, 2]"
DFL-MAT-J03WR1,1. FC Magdeburg:SV Darmstadt 98,2022/2023,2. Bundesliga,DFL-CLU-000N5D,1. FC Magdeburg,home,3-4-1-2 defensive Midfielder,3-4-1-2,"[3, 4, 1, 2]"
DFL-MAT-J03WR2,1. FC Kaiserslautern:Karlsruher SC,2022/2023,2. Bundesliga,DFL-CLU-00000I,1. FC Kaiserslautern,home,4-2-3-1,4-2-3-1,"[4, 2, 3, 1]"
DFL-MAT-J03WR2,1. FC Kaiserslautern:Karlsruher SC,2022/2023,2. Bundesliga,DFL-CLU-00000T,Karlsruher SC,guest,4-4-2 Diamond,4-4-2,"[4, 4, 2]"
DFL-MAT-J03WR3,DSC Arminia Bielefeld:1. FC Magdeburg,2022/2023,2. Bundesliga,DFL-CLU-000015,DSC Arminia Bielefeld,home,4-3-3 with 6,4-3-3,"[4, 3, 3]"
DFL-MAT-J03WR3,DSC Arminia Bielefeld:1. FC Magdeburg,2022/2023,2. Bundesliga,DFL-CLU-000N5D,1. FC Magdeburg,guest,4-3-3 with 6,4-3-3,"[4, 3, 3]"
DFL-MAT-J03WR4,Hamburger SV:SV Sandhausen,2022/2023,2. Bundesliga,DFL-CLU-00000C,Hamburger SV,home,4-3-3 with 6,4-3-3,"[4, 3, 3]"
DFL-MAT-J03WR4,Hamburger SV:SV Sandhausen,2022/2023,2. Bundesliga,DFL-CLU-000012,SV Sandhausen,guest,3-3-2-2,3-3-2-2,"[3, 3, 2, 2]"
DFL-MAT-J03WR5,SV Darmstadt 98:SpVgg Greuther Fürth,2022/2023,2. Bundesliga,DFL-CLU-000016,SV Darmstadt 98,home,4-1-4-1 offensive Midfielder,4-1-4-1,"[4, 1, 4, 1]"
DFL-MAT-J03WR5,SV Darmstadt 98:SpVgg Greuther Fürth,2022/2023,2. Bundesliga,DFL-CLU-00000W,SpVgg Greuther Fürth,guest,3-4-1-2 defensive Midfielder,3-4-1-2,"[3, 4, 1, 2]"
DFL-MAT-J03WR6,1. FC Heidenheim 1846:SSV Jahn Regensburg,2022/2023,2. Bundesliga,DFL-CLU-000018,1. FC Heidenheim 1846,home,4-1-4-1 offensive Midfielder,4-1-4-1,"[4, 1, 4, 1]"
DFL-MAT-J03WR6,1. FC Heidenheim 1846:SSV Jahn Regensburg,2022/2023,2. Bundesliga,DFL-CLU-000011,SSV Jahn Regensburg,guest,4-3-3 with 6,4-3-3,"[4, 3, 3]"
DFL-MAT-J03WR7,1. FC Nürnberg:SC Paderborn 07,2022/2023,2. Bundesliga,DFL-CLU-000005,1. FC Nürnberg,home,4-4-2 Double-6 offensive Outliner,4-4-2,"[4, 4, 2]"
DFL-MAT-J03WR7,1. FC Nürnberg:SC Paderborn 07,2022/2023,2. Bundesliga,DFL-CLU-00000L,SC Paderborn 07,guest,3-4-1-2 defensive Midfielder,3-4-1-2,"[3, 4, 1, 2]"
DFL-MAT-J03WR8,Holstein Kiel:Hannover 96,2022/2023,2. Bundesliga,DFL-CLU-000001,Hannover 96,guest,3-4-1-2 defensive Midfielder,3-4-1-2,"[3, 4, 1, 2]"
DFL-MAT-J03WR8,Holstein Kiel:Hannover 96,2022/2023,2. Bundesliga,DFL-CLU-000N5P,Holstein Kiel,home,3-4-2-1 Double-10,3-4-2-1,"[3, 4, 2, 1]"
DFL-MAT-J03WR9,Fortuna Düsseldorf:1. FC Kaiserslautern,2022/2023,2. Bundesliga,DFL-CLU-00000I,1. FC Kaiserslautern,guest,4-2-3-1,4-2-3-1,"[4, 2, 3, 1]"
DFL-MAT-J03WR9,Fortuna Düsseldorf:1. FC Kaiserslautern,2022/2023,2. Bundesliga,DFL-CLU-00000P,Fortuna Düsseldorf,home,4-4-2 Double-6 offensive Outliner,4-4-2,"[4, 4, 2]"
DFL-MAT-J03WRA,Karlsruher SC:FC St. Pauli,2022/2023,2. Bundesliga,DFL-CLU-00000T,Karlsruher SC,home,4-4-2 Diamond,4-4-2,"[4, 4, 2]"
DFL-MAT-J03WRA,Karlsruher SC:FC St. Pauli,2022/2023,2. Bundesliga,DFL-CLU-00000H,FC St. Pauli,guest,3-3-2-2,3-3-2-2,"[3, 3, 2, 2]"
DFL-MAT-J03WRB,Eintracht Braunschweig:F.C. Hansa Rostock,2022/2023,2. Bundesliga,DFL-CLU-00000Q,F.C. Hansa Rostock,guest,4-2-3-1,4-2-3-1,"[4, 2, 3, 1]"
DFL-MAT-J03WRB,Eintracht Braunschweig:F.C. Hansa Rostock,2022/2023,2. Bundesliga,DFL-CLU-00000X,Eintracht Braunschweig,home,3-3-2-2,3-3-2-2,"[3, 3, 2, 2]"
DFL-MAT-J03WRC,DSC Arminia Bielefeld:SV Sandhausen,2022/2023,2. Bundesliga,DFL-CLU-000015,DSC Arminia Bielefeld,home,4-3-3 with 6,4-3-3,"[4, 3, 3]"
DFL-MAT-J03WRC,DSC Arminia Bielefeld:SV Sandhausen,2022/2023,2. Bundesliga,DFL-CLU-000012,SV Sandhausen,guest,4-2-3-1,4-2-3-1,"[4, 2, 3, 1]"
DFL-MAT-J03WRD,Hamburger SV:Eintracht Braunschweig,2022/2023,2. Bundesliga,DFL-CLU-00000C,Hamburger SV,home,4-3-3 with 6,4-3-3,"[4, 3, 3]"
DFL-MAT-J03WRD,Hamburger SV:Eintracht Braunschweig,2022/2023,2. Bundesliga,DFL-CLU-00000X,Eintracht Braunschweig,guest,3-3-2-2,3-3-2-2,"[3, 3, 2, 2]"
DFL-MAT-J03WRE,SV Darmstadt 98:SSV Jahn Regensburg,2022/2023,2. Bundesliga,DFL-CLU-000016,SV Darmstadt 98,home,3-3-2-2,3-3-2-2,"[3, 3, 2, 2]"
DFL-MAT-J03WRE,SV Darmstadt 98:SSV Jahn Regensburg,2022/2023,2. Bundesliga,DFL-CLU-000011,SSV Jahn Regensburg,guest,4-2-3-1,4-2-3-1,"[4, 2, 3, 1]"
DFL-MAT-J03WRF,1. FC Heidenheim 1846:F.C. Hansa Rostock,2022/2023,2. Bundesliga,DFL-CLU-000018,1. FC Heidenheim 1846,home,4-2-3-1,4-2-3-1,"[4, 2, 3, 1]"
DFL-MAT-J03WRF,1. FC Heidenheim 1846:F.C. Hansa Rostock,2022/2023,2. Bundesliga,DFL-CLU-00000Q,F.C. Hansa Rostock,guest,3-4-2-1 Double-10,3-4-2-1,"[3, 4, 2, 1]"
DFL-MAT-J03WRG,1. FC Nürnberg:FC St. Pauli,2022/2023,2. Bundesliga,DFL-CLU-000005,1. FC Nürnberg,home,4-4-2 Double-6 offensive Outliner,4-4-2,"[4, 4, 2]"
DFL-MAT-J03WRG,1. FC Nürnberg:FC St. Pauli,2022/2023,2. Bundesliga,DFL-CLU-00000H,FC St. Pauli,guest,3-4-3 defensive Midfielder,3-4-3,"[3, 4, 3]"
DFL-MAT-J03WRH,Holstein Kiel:SpVgg Greuther Fürth,2022/2023,2. Bundesliga,DFL-CLU-000N5P,Holstein Kiel,home,3-4-2-1 Double-10,3-4-2-1,"[3, 4, 2, 1]"
DFL-MAT-J03WRH,Holstein Kiel:SpVgg Greuther Fürth,2022/2023,2. Bundesliga,DFL-CLU-00000W,SpVgg Greuther Fürth,guest,3-4-1-2 defensive Midfielder,3-4-1-2,"[3, 4, 1, 2]"
DFL-MAT-J03WRI,Fortuna Düsseldorf:1. FC Magdeburg,2022/2023,2. Bundesliga,DFL-CLU-00000P,Fortuna Düsseldorf,home,4-1-3-2,4-1-3-2,"[4, 1, 3, 2]"
DFL-MAT-J03WRI,Fortuna Düsseldorf:1. FC Magdeburg,2022/2023,2. Bundesliga,DFL-CLU-000N5D,1. FC Magdeburg,guest,3-4-3 defensive Midfielder,3-4-3,"[3, 4, 3]"
DFL-MAT-J03WRJ,Hannover 96:1. FC Kaiserslautern,2022/2023,2. Bundesliga,DFL-CLU-00000I,1. FC Kaiserslautern,guest,4-2-3-1,4-2-3-1,"[4, 2, 3, 1]"
DFL-MAT-J03WRJ,Hannover 96:1. FC Kaiserslautern,2022/2023,2. Bundesliga,DFL-CLU-000001,Hannover 96,home,3-4-1-2 defensive Midfielder,3-4-1-2,"[3, 4, 1, 2]"
DFL-MAT-J03WRK,Karlsruher SC:SC Paderborn 07,2022/2023,2. Bundesliga,DFL-CLU-00000T,Karlsruher SC,home,4-4-2 Diamond,4-4-2,"[4, 4, 2]"
DFL-MAT-J03WRK,Karlsruher SC:SC Paderborn 07,2022/2023,2. Bundesliga,DFL-CLU-00000L,SC Paderborn 07,guest,3-4-2-1 Double-10,3-4-2-1,"[3, 4, 2, 1]"
DFL-MAT-J03WRL,SpVgg Greuther Fürth:1. FC Nürnberg,2022/2023,2. Bundesliga,DFL-CLU-000005,1. FC Nürnberg,guest,4-4-2 Double-6 offensive Outliner,4-4-2,"[4, 4, 2]"
DFL-MAT-J03WRL,SpVgg Greuther Fürth:1. FC Nürnberg,2022/2023,2. Bundesliga,DFL-CLU-00000W,SpVgg Greuther Fürth,home,3-4-1-2 defensive Midfielder,3-4-1-2,"[3, 4, 1, 2]"
DFL-MAT-J03WRM,FC St. Pauli:Hannover 96,2022/2023,2. Bundesliga,DFL-CLU-00000H,FC St. Pauli,home,3-4-3 defensive Midfielder,3-4-3,"[3, 4, 3]"
DFL-MAT-J03WRM,FC St. Pauli:Hannover 96,2022/2023,2. Bundesliga,DFL-CLU-000001,Hannover 96,guest,3-4-1-2 defensive Midfielder,3-4-1-2,"[3, 4, 1, 2]"
DFL-MAT-J03WRN,SC Paderborn 07:Fortuna Düsseldorf,2022/2023,2. Bundesliga,DFL-CLU-00000P,Fortuna Düsseldorf,guest,4-2-3-1,4-2-3-1,"[4, 2, 3, 1]"
DFL-MAT-J03WRN,SC Paderborn 07:Fortuna Düsseldorf,2022/2023,2. Bundesliga,DFL-CLU-00000L,SC Paderborn 07,home,3-4-1-2 defensive Midfielder,3-4-1-2,"[3, 4, 1, 2]"
DFL-MAT-J03WRO,F.C. Hansa Rostock:Hamburger SV,2022/2023,2. Bundesliga,DFL-CLU-00000C,Hamburger SV,guest,4-3-3 with 6,4-3-3,"[4, 3, 3]"
DFL-MAT-J03WRO,F.C. Hansa Rostock:Hamburger SV,2022/2023,2. Bundesliga,DFL-CLU-00000Q,F.C. Hansa Rostock,home,3-3-2-2,3-3-2-2,"[3, 3, 2, 2]"
DFL-MAT-J03WRP,SV Sandhausen:SV Darmstadt 98,2022/2023,2. Bundesliga,DFL-CLU-000016,SV Darmstadt 98,guest,3-4-3 defensive Midfielder,3-4-3,"[3, 4, 3]"
DFL-MAT-J03WRP,SV Sandhausen:SV Darmstadt 98,2022/2023,2. Bundesliga,DFL-CLU-000012,SV Sandhausen,home,4-2-3-1,4-2-3-1,"[4, 2, 3, 1]"
DFL-MAT-J03WRQ,SSV Jahn Regensburg:DSC Arminia Bielefeld,2022/2023,2. Bundesliga,DFL-CLU-000015,DSC Arminia Bielefeld,guest,3-3-2-2,3-3-2-2,"[3, 3, 2, 2]"
DFL-MAT-J03WRQ,SSV Jahn Regensburg:DSC Arminia Bielefeld,2022/2023,2. Bundesliga,DFL-CLU-000011,SSV Jahn Regensburg,home,4-2-3-1,4-2-3-1,"[4, 2, 3, 1]"
DFL-MAT-J03WRR,1. FC Magdeburg:Karlsruher SC,2022/2023,2. Bundesliga,DFL-CLU-00000T,Karlsruher SC,guest,4-4-2 Double-6 offensive Outliner,4-4-2,"[4, 4, 2]"
DFL-MAT-J03WRR,1. FC Magdeburg:Karlsruher SC,2022/2023,2. Bundesliga,DFL-CLU-000N5D,1. FC Magdeburg,home,3-4-1-2 defensive Midfielder,3-4-1-2,"[3, 4, 1, 2]"
DFL-MAT-J03WRS,Eintracht Braunschweig:1. FC Heidenheim 1846,2022/2023,2. Bundesliga,DFL-CLU-000018,1. FC Heidenheim 1846,guest,4-2-3-1,4-2-3-1,"[4, 2, 3, 1]"
DFL-MAT-J03WRS,Eintracht Braunschweig:1. FC Heidenheim 1846,2022/2023,2. Bundesliga,DFL-CLU-00000X,Eintracht Braunschweig,home,3-3-2-2,3-3-2-2,"[3, 3, 2, 2]"
DFL-MAT-J03WRT,1. FC Kaiserslautern:Holstein Kiel,2022/2023,2. Bundesliga,DFL-CLU-00000I,1. FC Kaiserslautern,home,4-2-3-1,4-2-3-1,"[4, 2, 3, 1]"
DFL-MAT-J03WRT,1. FC Kaiserslautern:Holstein Kiel,2022/2023,2. Bundesliga,DFL-CLU-000N5P,Holstein Kiel,guest,3-3-2-2,3-3-2-2,"[3, 3, 2, 2]"
DFL-MAT-J03WRU,DSC Arminia Bielefeld:F.C. Hansa Rostock,2022/2023,2. Bundesliga,DFL-CLU-00000Q,F.C. Hansa Rostock,guest,4-2-3-1,4-2-3-1,"[4, 2, 3, 1]"
DFL-MAT-J03WRU,DSC Arminia Bielefeld:F.C. Hansa Rostock,2022/2023,2. Bundesliga,DFL-CLU-000015,DSC Arminia Bielefeld,home,3-3-2-2,3-3-2-2,"[3, 3, 2, 2]"
DFL-MAT-J03WRV,SV Darmstadt 98:Eintracht Braunschweig,2022/2023,2. Bundesliga,DFL-CLU-000016,SV Darmstadt 98,home,3-4-3 defensive Midfielder,3-4-3,"[3, 4, 3]"
DFL-MAT-J03WRV,SV Darmstadt 98:Eintracht Braunschweig,2022/2023,2. Bundesliga,DFL-CLU-00000X,Eintracht Braunschweig,guest,3-3-2-2,3-3-2-2,"[3, 3, 2, 2]"
DFL-MAT-J03WRW,FC St. Pauli:1. FC Kaiserslautern,2022/2023,2. Bundesliga,DFL-CLU-00000I,1. FC Kaiserslautern,guest,4-2-3-1,4-2-3-1,"[4, 2, 3, 1]"
DFL-MAT-J03WRW,FC St. Pauli:1. FC Kaiserslautern,2022/2023,2. Bundesliga,DFL-CLU-00000H,FC St. Pauli,home,3-4-3 defensive Midfielder,3-4-3,"[3, 4, 3]"
DFL-MAT-J03WRX,1. FC Heidenheim 1846:Hamburger SV,2022/2023,2. Bundesliga,DFL-CLU-000018,1. FC Heidenheim 1846,home,4-2-3-1,4-2-3-1,"[4, 2, 3, 1]"
DFL-MAT-J03WRX,1. FC Heidenheim 1846:Hamburger SV,2022/2023,2. Bundesliga,DFL-CLU-00000C,Hamburger SV,guest,4-3-3 with 6,4-3-3,"[4, 3, 3]"
DFL-MAT-J03WRY,1. FC Nürnberg:SSV Jahn Regensburg,2022/2023,2. Bundesliga,DFL-CLU-000005,1. FC Nürnberg,home,4-1-3-2,4-1-3-2,"[4, 1, 3, 2]"
DFL-MAT-J03WRY,1. FC Nürnberg:SSV Jahn Regensburg,2022/2023,2. Bundesliga,DFL-CLU-000011,SSV Jahn Regensburg,guest,4-2-3-1,4-2-3-1,"[4, 2, 3, 1]"
DFL-MAT-J03WRZ,Holstein Kiel:1. FC Magdeburg,2022/2023,2. Bundesliga,DFL-CLU-000N5P,Holstein Kiel,home,3-3-2-2,3-3-2-2,"[3, 3, 2, 2]"
DFL-MAT-J03WRZ,Holstein Kiel:1. FC Magdeburg,2022/2023,2. Bundesliga,DFL-CLU-000N5D,1. FC Magdeburg,guest,3-4-3 defensive Midfielder,3-4-3,"[3, 4, 3]"
DFL-MAT-J03WS0,Fortuna Düsseldorf:SV Sandhausen,2022/2023,2. Bundesliga,DFL-CLU-00000P,Fortuna Düsseldorf,home,4-1-3-2,4-1-3-2,"[4, 1, 3, 2]"
DFL-MAT-J03WS0,Fortuna Düsseldorf:SV Sandhausen,2022/2023,2. Bundesliga,DFL-CLU-000012,SV Sandhausen,guest,4-4-2 Double-6 offensive Outliner,4-4-2,"[4, 4, 2]"
DFL-MAT-J03WS1,Hannover 96:SC Paderborn 07,2022/2023,2. Bundesliga,DFL-CLU-000001,Hannover 96,home,3-4-1-2 defensive Midfielder,3-4-1-2,"[3, 4, 1, 2]"
DFL-MAT-J03WS1,Hannover 96:SC Paderborn 07,2022/2023,2. Bundesliga,DFL-CLU-00000L,SC Paderborn 07,guest,4-4-2 Double-6 offensive Outliner,4-4-2,"[4, 4, 2]"
DFL-MAT-J03WS2,Karlsruher SC:SpVgg Greuther Fürth,2022/2023,2. Bundesliga,DFL-CLU-00000T,Karlsruher SC,home,4-4-2 Double-6 offensive Outliner,4-4-2,"[4, 4, 2]"
DFL-MAT-J03WS2,Karlsruher SC:SpVgg Greuther Fürth,2022/2023,2. Bundesliga,DFL-CLU-00000W,SpVgg Greuther Fürth,guest,3-4-1-2 defensive Midfielder,3-4-1-2,"[3, 4, 1, 2]"
DFL-MAT-J03WS3,SpVgg Greuther Fürth:Fortuna Düsseldorf,2022/2023,2. Bundesliga,DFL-CLU-00000P,Fortuna Düsseldorf,guest,3-3-2-2,3-3-2-2,"[3, 3, 2, 2]"
DFL-MAT-J03WS3,SpVgg Greuther Fürth:Fortuna Düsseldorf,2022/2023,2. Bundesliga,DFL-CLU-00000W,SpVgg Greuther Fürth,home,3-4-1-2 defensive Midfielder,3-4-1-2,"[3, 4, 1, 2]"
DFL-MAT-J03WS4,Hamburger SV:DSC Arminia Bielefeld,2022/2023,2. Bundesliga,DFL-CLU-00000C,Hamburger SV,home,4-3-3 with 6,4-3-3,"[4, 3, 3]"
DFL-MAT-J03WS4,Hamburger SV:DSC Arminia Bielefeld,2022/2023,2. Bundesliga,DFL-CLU-000015,DSC Arminia Bielefeld,guest,3-3-2-2,3-3-2-2,"[3, 3, 2, 2]"
DFL-MAT-J03WS5,1. FC Heidenheim 1846:1. FC Nürnberg,2022/2023,2. Bundesliga,DFL-CLU-000018,1. FC Heidenheim 1846,home,4-1-4-1 offensive Midfielder,4-1-4-1,"[4, 1, 4, 1]"
DFL-MAT-J03WS5,1. FC Heidenheim 1846:1. FC Nürnberg,2022/2023,2. Bundesliga,DFL-CLU-000005,1. FC Nürnberg,guest,4-4-2 Double-6 offensive Outliner,4-4-2,"[4, 4, 2]"
DFL-MAT-J03WS6,SC Paderborn 07:1. FC Kaiserslautern,2022/2023,2. Bundesliga,DFL-CLU-00000I,1. FC Kaiserslautern,guest,3-4-1-2 defensive Midfielder,3-4-1-2,"[3, 4, 1, 2]"
DFL-MAT-J03WS6,SC Paderborn 07:1. FC Kaiserslautern,2022/2023,2. Bundesliga,DFL-CLU-00000L,SC Paderborn 07,home,3-1-4-2,3-1-4-2,"[3, 1, 4, 2]"
DFL-MAT-J03WS7,F.C. Hansa Rostock:SV Darmstadt 98,2022/2023,2. Bundesliga,DFL-CLU-00000Q,F.C. Hansa Rostock,home,3-4-3 defensive Midfielder,3-4-3,"[3, 4, 3]"
DFL-MAT-J03WS7,F.C. Hansa Rostock:SV Darmstadt 98,2022/2023,2. Bundesliga,DFL-CLU-000016,SV Darmstadt 98,guest,3-4-2-1 Double-10,3-4-2-1,"[3, 4, 2, 1]"
DFL-MAT-J03WS8,SV Sandhausen:Karlsruher SC,2022/2023,2. Bundesliga,DFL-CLU-00000T,Karlsruher SC,guest,4-4-2 Double-6 offensive Outliner,4-4-2,"[4, 4, 2]"
DFL-MAT-J03WS8,SV Sandhausen:Karlsruher SC,2022/2023,2. Bundesliga,DFL-CLU-000012,SV Sandhausen,home,4-4-2 Diamond,4-4-2,"[4, 4, 2]"
DFL-MAT-J03WS9,SSV Jahn Regensburg:Hannover 96,2022/2023,2. Bundesliga,DFL-CLU-000001,Hannover 96,guest,3-4-1-2 defensive Midfielder,3-4-1-2,"[3, 4, 1, 2]"
DFL-MAT-J03WS9,SSV Jahn Regensburg:Hannover 96,2022/2023,2. Bundesliga,DFL-CLU-000011,SSV Jahn Regensburg,home,4-2-3-1,4-2-3-1,"[4, 2, 3, 1]"
DFL-MAT-J03WSA,1. FC Magdeburg:FC St. Pauli,2022/2023,2. Bundesliga,DFL-CLU-00000H,FC St. Pauli,guest,3-4-3 defensive Midfielder,3-4-3,"[3, 4, 3]"
DFL-MAT-J03WSA,1. FC Magdeburg:FC St. Pauli,2022/2023,2. Bundesliga,DFL-CLU-000N5D,1. FC Magdeburg,home,3-4-3 defensive Midfielder,3-4-3,"[3, 4, 3]"
DFL-MAT-J03WSB,Eintracht Braunschweig:Holstein Kiel,2022/2023,2. Bundesliga,DFL-CLU-00000X,Eintracht Braunschweig,home,3-3-2-2,3-3-2-2,"[3, 3, 2, 2]"
DFL-MAT-J03WSB,Eintracht Braunschweig:Holstein Kiel,2022/2023,2. Bundesliga,DFL-CLU-000N5P,Holstein Kiel,guest,3-4-1-2 defensive Midfielder,3-4-1-2,"[3, 4, 1, 2]"
DFL-MAT-J03WSC,DSC Arminia Bielefeld:1. FC Heidenheim 1846,2022/2023,2. Bundesliga,DFL-CLU-000018,1. FC Heidenheim 1846,guest,4-2-3-1,4-2-3-1,"[4, 2, 3, 1]"
DFL-MAT-J03WSC,DSC Arminia Bielefeld:1. FC Heidenheim 1846,2022/2023,2. Bundesliga,DFL-CLU-000015,DSC Arminia Bielefeld,home,3-3-2-2,3-3-2-2,"[3, 3, 2, 2]"
DFL-MAT-J03WSD,SV Darmstadt 98:Hamburger SV,2022/2023,2. Bundesliga,DFL-CLU-00000C,Hamburger SV,guest,4-3-3 with 6,4-3-3,"[4, 3, 3]"
DFL-MAT-J03WSD,SV Darmstadt 98:Hamburger SV,2022/2023,2. Bundesliga,DFL-CLU-000016,SV Darmstadt 98,home,3-4-1-2 defensive Midfielder,3-4-1-2,"[3, 4, 1, 2]"
DFL-MAT-J03WSE,FC St. Pauli:F.C. Hansa Rostock,2022/2023,2. Bundesliga,DFL-CLU-00000Q,F.C. Hansa Rostock,guest,3-4-3 defensive Midfielder,3-4-3,"[3, 4, 3]"
DFL-MAT-J03WSE,FC St. Pauli:F.C. Hansa Rostock,2022/2023,2. Bundesliga,DFL-CLU-00000H,FC St. Pauli,home,3-4-3 defensive Midfielder,3-4-3,"[3, 4, 3]"
DFL-MAT-J03WSF,1. FC Nürnberg:SV Sandhausen,2022/2023,2. Bundesliga,DFL-CLU-000005,1. FC Nürnberg,home,4-5-1 offensive Outliner,4-5-1,"[4, 5, 1]"
DFL-MAT-J03WSF,1. FC Nürnberg:SV Sandhausen,2022/2023,2. Bundesliga,DFL-CLU-000012,SV Sandhausen,guest,4-1-3-2,4-1-3-2,"[4, 1, 3, 2]"
DFL-MAT-J03WSG,Holstein Kiel:SC Paderborn 07,2022/2023,2. Bundesliga,DFL-CLU-000N5P,Holstein Kiel,home,4-3-3,4-3-3,"[4, 3, 3]"
DFL-MAT-J03WSG,Holstein Kiel:SC Paderborn 07,2022/2023,2. Bundesliga,DFL-CLU-00000L,SC Paderborn 07,guest,3-4-3 defensive Midfielder,3-4-3,"[3, 4, 3]"
DFL-MAT-J03WSH,Fortuna Düsseldorf:Eintracht Braunschweig,2022/2023,2. Bundesliga,DFL-CLU-00000P,Fortuna Düsseldorf,home,4-4-2 Diamond,4-4-2,"[4, 4, 2]"
DFL-MAT-J03WSH,Fortuna Düsseldorf:Eintracht Braunschweig,2022/2023,2. Bundesliga,DFL-CLU-00000X,Eintracht Braunschweig,guest,3-3-2-2,3-3-2-2,"[3, 3, 2, 2]"
DFL-MAT-J03WSI,Hannover 96:1. FC Magdeburg,2022/2023,2. Bundesliga,DFL-CLU-000001,Hannover 96,home,4-4-2 Double-6 offensive Outliner,4-4-2,"[4, 4, 2]"
DFL-MAT-J03WSI,Hannover 96:1. FC Magdeburg,2022/2023,2. Bundesliga,DFL-CLU-000N5D,1. FC Magdeburg,guest,3-4-3 defensive Midfielder,3-4-3,"[3, 4, 3]"
DFL-MAT-J03WSJ,Karlsruher SC:SSV Jahn Regensburg,2022/2023,2. Bundesliga,DFL-CLU-00000T,Karlsruher SC,home,4-1-3-2,4-1-3-2,"[4, 1, 3, 2]"
DFL-MAT-J03WSJ,Karlsruher SC:SSV Jahn Regensburg,2022/2023,2. Bundesliga,DFL-CLU-000011,SSV Jahn Regensburg,guest,4-4-2 Double-6 offensive Outliner,4-4-2,"[4, 4, 2]"
DFL-MAT-J03WSK,1. FC Kaiserslautern:SpVgg Greuther Fürth,2022/2023,2. Bundesliga,DFL-CLU-00000I,1. FC Kaiserslautern,home,4-3-3 with 6,4-3-3,"[4, 3, 3]"
DFL-MAT-J03WSK,1. FC Kaiserslautern:SpVgg Greuther Fürth,2022/2023,2. Bundesliga,DFL-CLU-00000W,SpVgg Greuther Fürth,guest,3-4-1-2 defensive Midfielder,3-4-1-2,"[3, 4, 1, 2]"
DFL-MAT-J03WSL,SpVgg Greuther Fürth:Hannover 96,2022/2023,2. Bundesliga,DFL-CLU-000001,Hannover 96,guest,4-2-3-1,4-2-3-1,"[4, 2, 3, 1]"
DFL-MAT-J03WSL,SpVgg Greuther Fürth:Hannover 96,2022/2023,2. Bundesliga,DFL-CLU-00000W,SpVgg Greuther Fürth,home,3-4-1-2 defensive Midfielder,3-4-1-2,"[3, 4, 1, 2]"
DFL-MAT-J03WSM,Hamburger SV:1. FC Nürnberg,2022/2023,2. Bundesliga,DFL-CLU-00000C,Hamburger SV,home,4-3-3 with 6,4-3-3,"[4, 3, 3]"
DFL-MAT-J03WSM,Hamburger SV:1. FC Nürnberg,2022/2023,2. Bundesliga,DFL-CLU-000005,1. FC Nürnberg,guest,4-4-2 Double-6 offensive Outliner,4-4-2,"[4, 4, 2]"
DFL-MAT-J03WSN,1. FC Heidenheim 1846:SV Darmstadt 98,2022/2023,2. Bundesliga,DFL-CLU-000018,1. FC Heidenheim 1846,home,4-2-3-1,4-2-3-1,"[4, 2, 3, 1]"
DFL-MAT-J03WSN,1. FC Heidenheim 1846:SV Darmstadt 98,2022/2023,2. Bundesliga,DFL-CLU-000016,SV Darmstadt 98,guest,3-4-2-1 Double-10,3-4-2-1,"[3, 4, 2, 1]"
DFL-MAT-J03WSO,SC Paderborn 07:FC St. Pauli,2022/2023,2. Bundesliga,DFL-CLU-00000H,FC St. Pauli,guest,3-4-3 defensive Midfielder,3-4-3,"[3, 4, 3]"
DFL-MAT-J03WSO,SC Paderborn 07:FC St. Pauli,2022/2023,2. Bundesliga,DFL-CLU-00000L,SC Paderborn 07,home,3-4-1-2 defensive Midfielder,3-4-1-2,"[3, 4, 1, 2]"
DFL-MAT-J03WSP,F.C. Hansa Rostock:Karlsruher SC,2022/2023,2. Bundesliga,DFL-CLU-00000T,Karlsruher SC,guest,4-4-2 Double-6 offensive Outliner,4-4-2,"[4, 4, 2]"
DFL-MAT-J03WSP,F.C. Hansa Rostock:Karlsruher SC,2022/2023,2. Bundesliga,DFL-CLU-00000Q,F.C. Hansa Rostock,home,4-4-2 Double-6 offensive Outliner,4-4-2,"[4, 4, 2]"
DFL-MAT-J03WSQ,SV Sandhausen:Holstein Kiel,2022/2023,2. Bundesliga,DFL-CLU-000N5P,Holstein Kiel,guest,3-3-2-2,3-3-2-2,"[3, 3, 2, 2]"
DFL-MAT-J03WSQ,SV Sandhausen:Holstein Kiel,2022/2023,2. Bundesliga,DFL-CLU-000012,SV Sandhausen,home,4-1-3-2,4-1-3-2,"[4, 1, 3, 2]"
DFL-MAT-J03WSR,SSV Jahn Regensburg:Fortuna Düsseldorf,2022/2023,2. Bundesliga,DFL-CLU-00000P,Fortuna Düsseldorf,guest,4-4-2 Double-6 offensive Outliner,4-4-2,"[4, 4, 2]"
DFL-MAT-J03WSR,SSV Jahn Regensburg:Fortuna Düsseldorf,2022/2023,2. Bundesliga,DFL-CLU-000011,SSV Jahn Regensburg,home,4-4-2 Double-6 offensive Outliner,4-4-2,"[4, 4, 2]"
DFL-MAT-J03WSS,1. FC Magdeburg:1. FC Kaiserslautern,2022/2023,2. Bundesliga,DFL-CLU-00000I,1. FC Kaiserslautern,guest,3-4-1-2 defensive Midfielder,3-4-1-2,"[3, 4, 1, 2]"
DFL-MAT-J03WSS,1. FC Magdeburg:1. FC Kaiserslautern,2022/2023,2. Bundesliga,DFL-CLU-000N5D,1. FC Magdeburg,home,4-3-3 with 6,4-3-3,"[4, 3, 3]"
DFL-MAT-J03WST,Eintracht Braunschweig:DSC Arminia Bielefeld,2022/2023,2. Bundesliga,DFL-CLU-00000X,Eintracht Braunschweig,home,3-4-1-2 defensive Midfielder,3-4-1-2,"[3, 4, 1, 2]"
DFL-MAT-J03WST,Eintracht Braunschweig:DSC Arminia Bielefeld,2022/2023,2. Bundesliga,DFL-CLU-000015,DSC Arminia Bielefeld,guest,3-3-2-2,3-3-2-2,"[3, 3, 2, 2]"
DFL-MAT-J03WSU,DSC Arminia Bielefeld:SV Darmstadt 98,2022/2023,2. Bundesliga,DFL-CLU-000016,SV Darmstadt 98,guest,3-4-1-2 defensive Midfielder,3-4-1-2,"[3, 4, 1, 2]"
DFL-MAT-J03WSU,DSC Arminia Bielefeld:SV Darmstadt 98,2022/2023,2. Bundesliga,DFL-CLU-000015,DSC Arminia Bielefeld,home,4-3-3 with 6,4-3-3,"[4, 3, 3]"
DFL-MAT-J03WSV,FC St. Pauli:SpVgg Greuther Fürth,2022/2023,2. Bundesliga,DFL-CLU-00000H,FC St. Pauli,home,3-4-3 defensive Midfielder,3-4-3,"[3, 4, 3]"
DFL-MAT-J03WSV,FC St. Pauli:SpVgg Greuther Fürth,2022/2023,2. Bundesliga,DFL-CLU-00000W,SpVgg Greuther Fürth,guest,3-4-1-2 defensive Midfielder,3-4-1-2,"[3, 4, 1, 2]"
DFL-MAT-J03WSW,1. FC Nürnberg:Eintracht Braunschweig,2022/2023,2. Bundesliga,DFL-CLU-000005,1. FC Nürnberg,home,4-5-1 offensive Outliner,4-5-1,"[4, 5, 1]"
DFL-MAT-J03WSW,1. FC Nürnberg:Eintracht Braunschweig,2022/2023,2. Bundesliga,DFL-CLU-00000X,Eintracht Braunschweig,guest,3-4-1-2 defensive Midfielder,3-4-1-2,"[3, 4, 1, 2]"
DFL-MAT-J03WSX,Holstein Kiel:SSV Jahn Regensburg,2022/2023,2. Bundesliga,DFL-CLU-000N5P,Holstein Kiel,home,4-4-2 Diamond,4-4-2,"[4, 4, 2]"
DFL-MAT-J03WSX,Holstein Kiel:SSV Jahn Regensburg,2022/2023,2. Bundesliga,DFL-CLU-000011,SSV Jahn Regensburg,guest,4-2-3-1,4-2-3-1,"[4, 2, 3, 1]"
DFL-MAT-J03WSY,Fortuna Düsseldorf:1. FC Heidenheim 1846,2022/2023,2. Bundesliga,DFL-CLU-000018,1. FC Heidenheim 1846,guest,4-2-3-1,4-2-3-1,"[4, 2, 3, 1]"
DFL-MAT-J03WSY,Fortuna Düsseldorf:1. FC Heidenheim 1846,2022/2023,2. Bundesliga,DFL-CLU-00000P,Fortuna Düsseldorf,home,4-4-2 Double-6 offensive Outliner,4-4-2,"[4, 4, 2]"
DFL-MAT-J03WSZ,Hannover 96:F.C. Hansa Rostock,2022/2023,2. Bundesliga,DFL-CLU-00000Q,F.C. Hansa Rostock,guest,4-2-3-1,4-2-3-1,"[4, 2, 3, 1]"
DFL-MAT-J03WSZ,Hannover 96:F.C. Hansa Rostock,2022/2023,2. Bundesliga,DFL-CLU-000001,Hannover 96,home,4-2-3-1,4-2-3-1,"[4, 2, 3, 1]"
DFL-MAT-J03WT0,Karlsruher SC:Hamburger SV,2022/2023,2. Bundesliga,DFL-CLU-00000C,Hamburger SV,guest,4-3-3 with 6,4-3-3,"[4, 3, 3]"
DFL-MAT-J03WT0,Karlsruher SC:Hamburger SV,2022/2023,2. Bundesliga,DFL-CLU-00000T,Karlsruher SC,home,4-4-2 Diamond,4-4-2,"[4, 4, 2]"
DFL-MAT-J03WT1,1. FC Magdeburg:SC Paderborn 07,2022/2023,2. Bundesliga,DFL-CLU-000N5D,1. FC Magdeburg,home,4-3-3 with 6,4-3-3,"[4, 3, 3]"
DFL-MAT-J03WT1,1. FC Magdeburg:SC Paderborn 07,2022/2023,2. Bundesliga,DFL-CLU-00000L,SC Paderborn 07,guest,3-4-3 defensive Midfielder,3-4-3,"[3, 4, 3]"
DFL-MAT-J03WT2,1. FC Kaiserslautern:SV Sandhausen,2022/2023,2. Bundesliga,DFL-CLU-00000I,1. FC Kaiserslautern,home,4-2-3-1,4-2-3-1,"[4, 2, 3, 1]"
DFL-MAT-J03WT2,1. FC Kaiserslautern:SV Sandhausen,2022/2023,2. Bundesliga,DFL-CLU-000012,SV Sandhausen,guest,4-1-3-2,4-1-3-2,"[4, 1, 3, 2]"
DFL-MAT-J03WT3,DSC Arminia Bielefeld:1. FC Nürnberg,2022/2023,2. Bundesliga,DFL-CLU-000005,1. FC Nürnberg,guest,4-5-1 offensive Outliner,4-5-1,"[4, 5, 1]"
DFL-MAT-J03WT3,DSC Arminia Bielefeld:1. FC Nürnberg,2022/2023,2. Bundesliga,DFL-CLU-000015,DSC Arminia Bielefeld,home,4-3-3 with 6,4-3-3,"[4, 3, 3]"
DFL-MAT-J03WT4,SpVgg Greuther Fürth:1. FC Magdeburg,2022/2023,2. Bundesliga,DFL-CLU-000N5D,1. FC Magdeburg,guest,4-3-3 Double-6,4-3-3,"[4, 3, 3]"
DFL-MAT-J03WT4,SpVgg Greuther Fürth:1. FC Magdeburg,2022/2023,2. Bundesliga,DFL-CLU-00000W,SpVgg Greuther Fürth,home,3-4-1-2 defensive Midfielder,3-4-1-2,"[3, 4, 1, 2]"
DFL-MAT-J03WT5,Hamburger SV:Holstein Kiel,2022/2023,2. Bundesliga,DFL-CLU-00000C,Hamburger SV,home,4-3-3 with 6,4-3-3,"[4, 3, 3]"
DFL-MAT-J03WT5,Hamburger SV:Holstein Kiel,2022/2023,2. Bundesliga,DFL-CLU-000N5P,Holstein Kiel,guest,4-4-2 Diamond,4-4-2,"[4, 4, 2]"
DFL-MAT-J03WT6,SV Darmstadt 98:1. FC Kaiserslautern,2022/2023,2. Bundesliga,DFL-CLU-00000I,1. FC Kaiserslautern,guest,4-2-3-1,4-2-3-1,"[4, 2, 3, 1]"
DFL-MAT-J03WT6,SV Darmstadt 98:1. FC Kaiserslautern,2022/2023,2. Bundesliga,DFL-CLU-000016,SV Darmstadt 98,home,3-4-1-2 defensive Midfielder,3-4-1-2,"[3, 4, 1, 2]"
DFL-MAT-J03WT7,1. FC Heidenheim 1846:Karlsruher SC,2022/2023,2. Bundesliga,DFL-CLU-000018,1. FC Heidenheim 1846,home,4-2-3-1,4-2-3-1,"[4, 2, 3, 1]"
DFL-MAT-J03WT7,1. FC Heidenheim 1846:Karlsruher SC,2022/2023,2. Bundesliga,DFL-CLU-00000T,Karlsruher SC,guest,4-4-2 Diamond,4-4-2,"[4, 4, 2]"
DFL-MAT-J03WT8,F.C. Hansa Rostock:Fortuna Düsseldorf,2022/2023,2. Bundesliga,DFL-CLU-00000P,Fortuna Düsseldorf,guest,4-4-2 Double-6 offensive Outliner,4-4-2,"[4, 4, 2]"
DFL-MAT-J03WT8,F.C. Hansa Rostock:Fortuna Düsseldorf,2022/2023,2. Bundesliga,DFL-CLU-00000Q,F.C. Hansa Rostock,home,4-1-3-2,4-1-3-2,"[4, 1, 3, 2]"
DFL-MAT-J03WT9,SV Sandhausen:FC St. Pauli,2022/2023,2. Bundesliga,DFL-CLU-00000H,FC St. Pauli,guest,3-4-3 defensive Midfielder,3-4-3,"[3, 4, 3]"
DFL-MAT-J03WT9,SV Sandhausen:FC St. Pauli,2022/2023,2. Bundesliga,DFL-CLU-000012,SV Sandhausen,home,4-1-3-2,4-1-3-2,"[4, 1, 3, 2]"
DFL-MAT-J03WTA,SSV Jahn Regensburg:SC Paderborn 07,2022/2023,2. Bundesliga,DFL-CLU-000011,SSV Jahn Regensburg,home,4-2-3-1,4-2-3-1,"[4, 2, 3, 1]"
DFL-MAT-J03WTA,SSV Jahn Regensburg:SC Paderborn 07,2022/2023,2. Bundesliga,DFL-CLU-00000L,SC Paderborn 07,guest,3-4-3 defensive Midfielder,3-4-3,"[3, 4, 3]"
DFL-MAT-J03WTB,Eintracht Braunschweig:Hannover 96,2022/2023,2. Bundesliga,DFL-CLU-000001,Hannover 96,guest,4-2-3-1,4-2-3-1,"[4, 2, 3, 1]"
DFL-MAT-J03WTB,Eintracht Braunschweig:Hannover 96,2022/2023,2. Bundesliga,DFL-CLU-00000X,Eintracht Braunschweig,home,4-2-3-1,4-2-3-1,"[4, 2, 3, 1]"
DFL-MAT-J03WTC,FC St. Pauli:SSV Jahn Regensburg,2022/2023,2. Bundesliga,DFL-CLU-00000H,FC St. Pauli,home,4-3-3 with 6,4-3-3,"[4, 3, 3]"
DFL-MAT-J03WTC,FC St. Pauli:SSV Jahn Regensburg,2022/2023,2. Bundesliga,DFL-CLU-000011,SSV Jahn Regensburg,guest,4-5-1 offensive Outliner,4-5-1,"[4, 5, 1]"
DFL-MAT-J03WTD,SC Paderborn 07:SpVgg Greuther Fürth,2022/2023,2. Bundesliga,DFL-CLU-00000W,SpVgg Greuther Fürth,guest,3-4-1-2 defensive Midfielder,3-4-1-2,"[3, 4, 1, 2]"
DFL-MAT-J03WTD,SC Paderborn 07:SpVgg Greuther Fürth,2022/2023,2. Bundesliga,DFL-CLU-00000L,SC Paderborn 07,home,3-4-2-1 Double-10,3-4-2-1,"[3, 4, 2, 1]"
DFL-MAT-J03WTE,1. FC Nürnberg:SV Darmstadt 98,2022/2023,2. Bundesliga,DFL-CLU-000005,1. FC Nürnberg,home,4-5-1 offensive Outliner,4-5-1,"[4, 5, 1]"
DFL-MAT-J03WTE,1. FC Nürnberg:SV Darmstadt 98,2022/2023,2. Bundesliga,DFL-CLU-000016,SV Darmstadt 98,guest,3-4-1-2 defensive Midfielder,3-4-1-2,"[3, 4, 1, 2]"
DFL-MAT-J03WTF,Holstein Kiel:DSC Arminia Bielefeld,2022/2023,2. Bundesliga,DFL-CLU-000015,DSC Arminia Bielefeld,guest,4-3-3 with 6,4-3-3,"[4, 3, 3]"
DFL-MAT-J03WTF,Holstein Kiel:DSC Arminia Bielefeld,2022/2023,2. Bundesliga,DFL-CLU-000N5P,Holstein Kiel,home,4-4-2 Diamond,4-4-2,"[4, 4, 2]"
DFL-MAT-J03WTG,Fortuna Düsseldorf:Hamburger SV,2022/2023,2. Bundesliga,DFL-CLU-00000C,Hamburger SV,guest,3-3-2-2 Double-10,3-3-2-2,"[3, 3, 2, 2]"
DFL-MAT-J03WTG,Fortuna Düsseldorf:Hamburger SV,2022/2023,2. Bundesliga,DFL-CLU-00000P,Fortuna Düsseldorf,home,4-4-2 Double-6 offensive Outliner,4-4-2,"[4, 4, 2]"
DFL-MAT-J03WTH,Hannover 96:SV Sandhausen,2022/2023,2. Bundesliga,DFL-CLU-000001,Hannover 96,home,3-4-1-2 defensive Midfielder,3-4-1-2,"[3, 4, 1, 2]"
DFL-MAT-J03WTH,Hannover 96:SV Sandhausen,2022/2023,2. Bundesliga,DFL-CLU-000012,SV Sandhausen,guest,4-2-3-1,4-2-3-1,"[4, 2, 3, 1]"
DFL-MAT-J03WTI,Karlsruher SC:Eintracht Braunschweig,2022/2023,2. Bundesliga,DFL-CLU-00000T,Karlsruher SC,home,4-4-2 Diamond,4-4-2,"[4, 4, 2]"
DFL-MAT-J03WTI,Karlsruher SC:Eintracht Braunschweig,2022/2023,2. Bundesliga,DFL-CLU-00000X,Eintracht Braunschweig,guest,4-2-3-1,4-2-3-1,"[4, 2, 3, 1]"
DFL-MAT-J03WTJ,1. FC Magdeburg:F.C. Hansa Rostock,2022/2023,2. Bundesliga,DFL-CLU-00000Q,F.C. Hansa Rostock,guest,4-4-2 Double-6 offensive Outliner,4-4-2,"[4, 4, 2]"
DFL-MAT-J03WTJ,1. FC Magdeburg:F.C. Hansa Rostock,2022/2023,2. Bundesliga,DFL-CLU-000N5D,1. FC Magdeburg,home,4-3-3 Double-6,4-3-3,"[4, 3, 3]"
DFL-MAT-J03WTK,1. FC Kaiserslautern:1. FC Heidenheim 1846,2022/2023,2. Bundesliga,DFL-CLU-000018,1. FC Heidenheim 1846,guest,4-2-3-1,4-2-3-1,"[4, 2, 3, 1]"
DFL-MAT-J03WTK,1. FC Kaiserslautern:1. FC Heidenheim 1846,2022/2023,2. Bundesliga,DFL-CLU-00000I,1. FC Kaiserslautern,home,4-2-3-1,4-2-3-1,"[4, 2, 3, 1]"
DFL-MAT-J03WTL,DSC Arminia Bielefeld:Fortuna Düsseldorf,2022/2023,2. Bundesliga,DFL-CLU-00000P,Fortuna Düsseldorf,guest,4-2-3-1,4-2-3-1,"[4, 2, 3, 1]"
DFL-MAT-J03WTL,DSC Arminia Bielefeld:Fortuna Düsseldorf,2022/2023,2. Bundesliga,DFL-CLU-000015,DSC Arminia Bielefeld,home,3-3-2-2,3-3-2-2,"[3, 3, 2, 2]"
DFL-MAT-J03WTM,Hamburger SV:Hannover 96,2022/2023,2. Bundesliga,DFL-CLU-00000C,Hamburger SV,home,4-3-3 with 6,4-3-3,"[4, 3, 3]"
DFL-MAT-J03WTM,Hamburger SV:Hannover 96,2022/2023,2. Bundesliga,DFL-CLU-000001,Hannover 96,guest,4-4-2 Diamond,4-4-2,"[4, 4, 2]"
DFL-MAT-J03WTN,SV Darmstadt 98:SC Paderborn 07,2022/2023,2. Bundesliga,DFL-CLU-000016,SV Darmstadt 98,home,3-4-1-2 defensive Midfielder,3-4-1-2,"[3, 4, 1, 2]"
DFL-MAT-J03WTN,SV Darmstadt 98:SC Paderborn 07,2022/2023,2. Bundesliga,DFL-CLU-00000L,SC Paderborn 07,guest,3-4-3 defensive Midfielder,3-4-3,"[3, 4, 3]"
DFL-MAT-J03WTO,1. FC Heidenheim 1846:FC St. Pauli,2022/2023,2. Bundesliga,DFL-CLU-000018,1. FC Heidenheim 1846,home,4-1-4-1 offensive Midfielder,4-1-4-1,"[4, 1, 4, 1]"
DFL-MAT-J03WTO,1. FC Heidenheim 1846:FC St. Pauli,2022/2023,2. Bundesliga,DFL-CLU-00000H,FC St. Pauli,guest,3-4-3 defensive Midfielder,3-4-3,"[3, 4, 3]"
DFL-MAT-J03WTP,1. FC Nürnberg:Karlsruher SC,2022/2023,2. Bundesliga,DFL-CLU-00000T,Karlsruher SC,guest,4-4-2 Diamond,4-4-2,"[4, 4, 2]"
DFL-MAT-J03WTP,1. FC Nürnberg:Karlsruher SC,2022/2023,2. Bundesliga,DFL-CLU-000005,1. FC Nürnberg,home,3-3-2-2,3-3-2-2,"[3, 3, 2, 2]"
DFL-MAT-J03WTQ,F.C. Hansa Rostock:Holstein Kiel,2022/2023,2. Bundesliga,DFL-CLU-00000Q,F.C. Hansa Rostock,home,3-3-2-2,3-3-2-2,"[3, 3, 2, 2]"
DFL-MAT-J03WTQ,F.C. Hansa Rostock:Holstein Kiel,2022/2023,2. Bundesliga,DFL-CLU-000N5P,Holstein Kiel,guest,4-2-3-1,4-2-3-1,"[4, 2, 3, 1]"
DFL-MAT-J03WTR,SV Sandhausen:SpVgg Greuther Fürth,2022/2023,2. Bundesliga,DFL-CLU-000012,SV Sandhausen,home,4-2-3-1,4-2-3-1,"[4, 2, 3, 1]"
DFL-MAT-J03WTR,SV Sandhausen:SpVgg Greuther Fürth,2022/2023,2. Bundesliga,DFL-CLU-00000W,SpVgg Greuther Fürth,guest,3-4-1-2 defensive Midfielder,3-4-1-2,"[3, 4, 1, 2]"
DFL-MAT-J03WTS,SSV Jahn Regensburg:1. FC Magdeburg,2022/2023,2. Bundesliga,DFL-CLU-000011,SSV Jahn Regensburg,home,4-5-1 offensive Outliner,4-5-1,"[4, 5, 1]"
DFL-MAT-J03WTS,SSV Jahn Regensburg:1. FC Magdeburg,2022/2023,2. Bundesliga,DFL-CLU-000N5D,1. FC Magdeburg,guest,4-3-3 Double-6,4-3-3,"[4, 3, 3]"
DFL-MAT-J03WTT,Eintracht Braunschweig:1. FC Kaiserslautern,2022/2023,2. Bundesliga,DFL-CLU-00000I,1. FC Kaiserslautern,guest,4-2-3-1,4-2-3-1,"[4, 2, 3, 1]"
DFL-MAT-J03WTT,Eintracht Braunschweig:1. FC Kaiserslautern,2022/2023,2. Bundesliga,DFL-CLU-00000X,Eintracht Braunschweig,home,3-4-2-1 Double-10,3-4-2-1,"[3, 4, 2, 1]"
DFL-MAT-J03WTU,SpVgg Greuther Fürth:SSV Jahn Regensburg,2022/2023,2. Bundesliga,DFL-CLU-000011,SSV Jahn Regensburg,guest,4-5-1 offensive Outliner,4-5-1,"[4, 5, 1]"
DFL-MAT-J03WTU,SpVgg Greuther Fürth:SSV Jahn Regensburg,2022/2023,2. Bundesliga,DFL-CLU-00000W,SpVgg Greuther Fürth,home,3-3-2-2,3-3-2-2,"[3, 3, 2, 2]"
DFL-MAT-J03WTV,FC St. Pauli:Eintracht Braunschweig,2022/2023,2. Bundesliga,DFL-CLU-00000H,FC St. Pauli,home,3-4-3 defensive Midfielder,3-4-3,"[3, 4, 3]"
DFL-MAT-J03WTV,FC St. Pauli:Eintracht Braunschweig,2022/2023,2. Bundesliga,DFL-CLU-00000X,Eintracht Braunschweig,guest,4-2-3-1,4-2-3-1,"[4, 2, 3, 1]"
DFL-MAT-J03WTW,SC Paderborn 07:F.C. Hansa Rostock,2022/2023,2. Bundesliga,DFL-CLU-00000Q,F.C. Hansa Rostock,guest,3-3-2-2,3-3-2-2,"[3, 3, 2, 2]"
DFL-MAT-J03WTW,SC Paderborn 07:F.C. Hansa Rostock,2022/2023,2. Bundesliga,DFL-CLU-00000L,SC Paderborn 07,home,3-4-2-1 Double-10,3-4-2-1,"[3, 4, 2, 1]"
DFL-MAT-J03WTX,Holstein Kiel:1. FC Nürnberg,2022/2023,2. Bundesliga,DFL-CLU-000005,1. FC Nürnberg,guest,3-3-2-2,3-3-2-2,"[3, 3, 2, 2]"
DFL-MAT-J03WTX,Holstein Kiel:1. FC Nürnberg,2022/2023,2. Bundesliga,DFL-CLU-000N5P,Holstein Kiel,home,4-2-3-1,4-2-3-1,"[4, 2, 3, 1]"
DFL-MAT-J03WTY,Fortuna Düsseldorf:SV Darmstadt 98,2022/2023,2. Bundesliga,DFL-CLU-00000P,Fortuna Düsseldorf,home,4-4-2 Double-6 offensive Outliner,4-4-2,"[4, 4, 2]"
DFL-MAT-J03WTY,Fortuna Düsseldorf:SV Darmstadt 98,2022/2023,2. Bundesliga,DFL-CLU-000016,SV Darmstadt 98,guest,3-4-3 defensive Midfielder,3-4-3,"[3, 4, 3]"
DFL-MAT-J03WTZ,Hannover 96:1. FC Heidenheim 1846,2022/2023,2. Bundesliga,DFL-CLU-000018,1. FC Heidenheim 1846,guest,4-1-4-1 offensive Midfielder,4-1-4-1,"[4, 1, 4, 1]"
DFL-MAT-J03WTZ,Hannover 96:1. FC Heidenheim 1846,2022/2023,2. Bundesliga,DFL-CLU-000001,Hannover 96,home,3-3-2-2,3-3-2-2,"[3, 3, 2, 2]"
DFL-MAT-J03WU0,Karlsruher SC:DSC Arminia Bielefeld,2022/2023,2. Bundesliga,DFL-CLU-00000T,Karlsruher SC,home,4-4-2 Diamond,4-4-2,"[4, 4, 2]"
DFL-MAT-J03WU0,Karlsruher SC:DSC Arminia Bielefeld,2022/2023,2. Bundesliga,DFL-CLU-000015,DSC Arminia Bielefeld,guest,4-3-3 with 6,4-3-3,"[4, 3, 3]"
DFL-MAT-J03WU1,1. FC Magdeburg:SV Sandhausen,2022/2023,2. Bundesliga,DFL-CLU-000N5D,1. FC Magdeburg,home,4-3-3 Double-6,4-3-3,"[4, 3, 3]"
DFL-MAT-J03WU1,1. FC Magdeburg:SV Sandhausen,2022/2023,2. Bundesliga,DFL-CLU-000012,SV Sandhausen,guest,3-3-2-2,3-3-2-2,"[3, 3, 2, 2]"
DFL-MAT-J03WU2,1. FC Kaiserslautern:Hamburger SV,2022/2023,2. Bundesliga,DFL-CLU-00000I,1. FC Kaiserslautern,home,3-4-1-2 defensive Midfielder,3-4-1-2,"[3, 4, 1, 2]"
DFL-MAT-J03WU2,1. FC Kaiserslautern:Hamburger SV,2022/2023,2. Bundesliga,DFL-CLU-00000C,Hamburger SV,guest,4-3-3 with 6,4-3-3,"[4, 3, 3]"
DFL-MAT-J03WU3,DSC Arminia Bielefeld:Hannover 96,2022/2023,2. Bundesliga,DFL-CLU-000001,Hannover 96,guest,3-4-1-2 defensive Midfielder,3-4-1-2,"[3, 4, 1, 2]"
DFL-MAT-J03WU3,DSC Arminia Bielefeld:Hannover 96,2022/2023,2. Bundesliga,DFL-CLU-000015,DSC Arminia Bielefeld,home,4-3-3 with 6,4-3-3,"[4, 3, 3]"
DFL-MAT-J03WU4,Hamburger SV:FC St. Pauli,2022/2023,2. Bundesliga,DFL-CLU-00000C,Hamburger SV,home,4-3-3 with 6,4-3-3,"[4, 3, 3]"
DFL-MAT-J03WU4,Hamburger SV:FC St. Pauli,2022/2023,2. Bundesliga,DFL-CLU-00000H,FC St. Pauli,guest,3-4-3 defensive Midfielder,3-4-3,"[3, 4, 3]"
DFL-MAT-J03WU5,SV Darmstadt 98:Karlsruher SC,2022/2023,2. Bundesliga,DFL-CLU-00000T,Karlsruher SC,guest,4-4-2 Double-6,4-4-2,"[4, 4, 2]"
DFL-MAT-J03WU5,SV Darmstadt 98:Karlsruher SC,2022/2023,2. Bundesliga,DFL-CLU-000016,SV Darmstadt 98,home,3-4-1-2 defensive Midfielder,3-4-1-2,"[3, 4, 1, 2]"
DFL-MAT-J03WU6,1. FC Heidenheim 1846:Holstein Kiel,2022/2023,2. Bundesliga,DFL-CLU-000018,1. FC Heidenheim 1846,home,4-1-4-1 offensive Midfielder,4-1-4-1,"[4, 1, 4, 1]"
DFL-MAT-J03WU6,1. FC Heidenheim 1846:Holstein Kiel,2022/2023,2. Bundesliga,DFL-CLU-000N5P,Holstein Kiel,guest,4-2-3-1,4-2-3-1,"[4, 2, 3, 1]"
DFL-MAT-J03WU7,1. FC Nürnberg:Fortuna Düsseldorf,2022/2023,2. Bundesliga,DFL-CLU-000005,1. FC Nürnberg,home,4-2-3-1,4-2-3-1,"[4, 2, 3, 1]"
DFL-MAT-J03WU7,1. FC Nürnberg:Fortuna Düsseldorf,2022/2023,2. Bundesliga,DFL-CLU-00000P,Fortuna Düsseldorf,guest,4-2-3-1,4-2-3-1,"[4, 2, 3, 1]"
DFL-MAT-J03WU8,F.C. Hansa Rostock:SpVgg Greuther Fürth,2022/2023,2. Bundesliga,DFL-CLU-00000Q,F.C. Hansa Rostock,home,3-3-2-2,3-3-2-2,"[3, 3, 2, 2]"
DFL-MAT-J03WU8,F.C. Hansa Rostock:SpVgg Greuther Fürth,2022/2023,2. Bundesliga,DFL-CLU-00000W,SpVgg Greuther Fürth,guest,3-3-2-2,3-3-2-2,"[3, 3, 2, 2]"
DFL-MAT-J03WU9,SV Sandhausen:SC Paderborn 07,2022/2023,2. Bundesliga,DFL-CLU-000012,SV Sandhausen,home,3-3-2-2,3-3-2-2,"[3, 3, 2, 2]"
DFL-MAT-J03WU9,SV Sandhausen:SC Paderborn 07,2022/2023,2. Bundesliga,DFL-CLU-00000L,SC Paderborn 07,guest,3-4-1-2 defensive Midfielder,3-4-1-2,"[3, 4, 1, 2]"
DFL-MAT-J03WUA,SSV Jahn Regensburg:1. FC Kaiserslautern,2022/2023,2. Bundesliga,DFL-CLU-00000I,1. FC Kaiserslautern,guest,4-2-3-1,4-2-3-1,"[4, 2, 3, 1]"
DFL-MAT-J03WUA,SSV Jahn Regensburg:1. FC Kaiserslautern,2022/2023,2. Bundesliga,DFL-CLU-000011,SSV Jahn Regensburg,home,4-2-3-1,4-2-3-1,"[4, 2, 3, 1]"
DFL-MAT-J03WUB,Eintracht Braunschweig:1. FC Magdeburg,2022/2023,2. Bundesliga,DFL-CLU-00000X,Eintracht Braunschweig,home,3-4-1-2 defensive Midfielder,3-4-1-2,"[3, 4, 1, 2]"
DFL-MAT-J03WUB,Eintracht Braunschweig:1. FC Magdeburg,2022/2023,2. Bundesliga,DFL-CLU-000N5D,1. FC Magdeburg,guest,4-3-3 Double-6,4-3-3,"[4, 3, 3]"
DFL-MAT-J03WUC,SpVgg Greuther Fürth:1. FC Heidenheim 1846,2022/2023,2. Bundesliga,DFL-CLU-000018,1. FC Heidenheim 1846,guest,4-2-3-1,4-2-3-1,"[4, 2, 3, 1]"
DFL-MAT-J03WUC,SpVgg Greuther Fürth:1. FC Heidenheim 1846,2022/2023,2. Bundesliga,DFL-CLU-00000W,SpVgg Greuther Fürth,home,3-3-2-2,3-3-2-2,"[3, 3, 2, 2]"
DFL-MAT-J03WUD,FC St. Pauli:DSC Arminia Bielefeld,2022/2023,2. Bundesliga,DFL-CLU-00000H,FC St. Pauli,home,3-4-3 defensive Midfielder,3-4-3,"[3, 4, 3]"
DFL-MAT-J03WUD,FC St. Pauli:DSC Arminia Bielefeld,2022/2023,2. Bundesliga,DFL-CLU-000015,DSC Arminia Bielefeld,guest,3-3-2-2,3-3-2-2,"[3, 3, 2, 2]"
DFL-MAT-J03WUE,SC Paderborn 07:Eintracht Braunschweig,2022/2023,2. Bundesliga,DFL-CLU-00000X,Eintracht Braunschweig,guest,4-2-3-1,4-2-3-1,"[4, 2, 3, 1]"
DFL-MAT-J03WUE,SC Paderborn 07:Eintracht Braunschweig,2022/2023,2. Bundesliga,DFL-CLU-00000L,SC Paderborn 07,home,3-4-2-1 Double-10,3-4-2-1,"[3, 4, 2, 1]"
DFL-MAT-J03WUF,Holstein Kiel:SV Darmstadt 98,2022/2023,2. Bundesliga,DFL-CLU-000016,SV Darmstadt 98,guest,3-4-3 defensive Midfielder,3-4-3,"[3, 4, 3]"
DFL-MAT-J03WUF,Holstein Kiel:SV Darmstadt 98,2022/2023,2. Bundesliga,DFL-CLU-000N5P,Holstein Kiel,home,3-4-1-2 defensive Midfielder,3-4-1-2,"[3, 4, 1, 2]"
DFL-MAT-J03WUG,Fortuna Düsseldorf:Karlsruher SC,2022/2023,2. Bundesliga,DFL-CLU-00000T,Karlsruher SC,guest,4-4-2 Diamond,4-4-2,"[4, 4, 2]"
DFL-MAT-J03WUG,Fortuna Düsseldorf:Karlsruher SC,2022/2023,2. Bundesliga,DFL-CLU-00000P,Fortuna Düsseldorf,home,4-4-2 Double-6 offensive Outliner,4-4-2,"[4, 4, 2]"
DFL-MAT-J03WUH,Hannover 96:1. FC Nürnberg,2022/2023,2. Bundesliga,DFL-CLU-000005,1. FC Nürnberg,guest,4-5-1 offensive Outliner,4-5-1,"[4, 5, 1]"
DFL-MAT-J03WUH,Hannover 96:1. FC Nürnberg,2022/2023,2. Bundesliga,DFL-CLU-000001,Hannover 96,home,3-4-1-2 defensive Midfielder,3-4-1-2,"[3, 4, 1, 2]"
DFL-MAT-J03WUI,SV Sandhausen:SSV Jahn Regensburg,2022/2023,2. Bundesliga,DFL-CLU-000011,SSV Jahn Regensburg,guest,4-2-3-1,4-2-3-1,"[4, 2, 3, 1]"
DFL-MAT-J03WUI,SV Sandhausen:SSV Jahn Regensburg,2022/2023,2. Bundesliga,DFL-CLU-000012,SV Sandhausen,home,3-3-2-2,3-3-2-2,"[3, 3, 2, 2]"
DFL-MAT-J03WUJ,1. FC Magdeburg:Hamburger SV,2022/2023,2. Bundesliga,DFL-CLU-00000C,Hamburger SV,guest,4-3-3 with 6,4-3-3,"[4, 3, 3]"
DFL-MAT-J03WUJ,1. FC Magdeburg:Hamburger SV,2022/2023,2. Bundesliga,DFL-CLU-000N5D,1. FC Magdeburg,home,4-3-3 Double-6,4-3-3,"[4, 3, 3]"
DFL-MAT-J03WUK,1. FC Kaiserslautern:F.C. Hansa Rostock,2022/2023,2. Bundesliga,DFL-CLU-00000I,1. FC Kaiserslautern,home,4-1-4-1 offensive Midfielder,4-1-4-1,"[4, 1, 4, 1]"
DFL-MAT-J03WUK,1. FC Kaiserslautern:F.C. Hansa Rostock,2022/2023,2. Bundesliga,DFL-CLU-00000Q,F.C. Hansa Rostock,guest,3-3-2-2,3-3-2-2,"[3, 3, 2, 2]"
DFL-MAT-J03WUL,DSC Arminia Bielefeld:SpVgg Greuther Fürth,2022/2023,2. Bundesliga,DFL-CLU-000015,DSC Arminia Bielefeld,home,4-2-3-1,4-2-3-1,"[4, 2, 3, 1]"
DFL-MAT-J03WUL,DSC Arminia Bielefeld:SpVgg Greuther Fürth,2022/2023,2. Bundesliga,DFL-CLU-00000W,SpVgg Greuther Fürth,guest,3-3-2-2,3-3-2-2,"[3, 3, 2, 2]"
DFL-MAT-J03WUM,Hamburger SV:SC Paderborn 07,2022/2023,2. Bundesliga,DFL-CLU-00000C,Hamburger SV,home,4-3-3 with 6,4-3-3,"[4, 3, 3]"
DFL-MAT-J03WUM,Hamburger SV:SC Paderborn 07,2022/2023,2. Bundesliga,DFL-CLU-00000L,SC Paderborn 07,guest,3-4-1-2 defensive Midfielder,3-4-1-2,"[3, 4, 1, 2]"
DFL-MAT-J03WUN,SV Darmstadt 98:FC St. Pauli,2022/2023,2. Bundesliga,DFL-CLU-000016,SV Darmstadt 98,home,3-4-1-2 defensive Midfielder,3-4-1-2,"[3, 4, 1, 2]"
DFL-MAT-J03WUN,SV Darmstadt 98:FC St. Pauli,2022/2023,2. Bundesliga,DFL-CLU-00000H,FC St. Pauli,guest,3-4-3 defensive Midfielder,3-4-3,"[3, 4, 3]"
DFL-MAT-J03WUO,1. FC Heidenheim 1846:1. FC Magdeburg,2022/2023,2. Bundesliga,DFL-CLU-000018,1. FC Heidenheim 1846,home,4-2-3-1,4-2-3-1,"[4, 2, 3, 1]"
DFL-MAT-J03WUO,1. FC Heidenheim 1846:1. FC Magdeburg,2022/2023,2. Bundesliga,DFL-CLU-000N5D,1. FC Magdeburg,guest,4-3-3 with 6,4-3-3,"[4, 3, 3]"
DFL-MAT-J03WUP,1. FC Nürnberg:1. FC Kaiserslautern,2022/2023,2. Bundesliga,DFL-CLU-00000I,1. FC Kaiserslautern,guest,4-2-3-1,4-2-3-1,"[4, 2, 3, 1]"
DFL-MAT-J03WUP,1. FC Nürnberg:1. FC Kaiserslautern,2022/2023,2. Bundesliga,DFL-CLU-000005,1. FC Nürnberg,home,4-2-3-1,4-2-3-1,"[4, 2, 3, 1]"
DFL-MAT-J03WUQ,Fortuna Düsseldorf:Holstein Kiel,2022/2023,2. Bundesliga,DFL-CLU-00000P,Fortuna Düsseldorf,home,4-2-3-1,4-2-3-1,"[4, 2, 3, 1]"
DFL-MAT-J03WUQ,Fortuna Düsseldorf:Holstein Kiel,2022/2023,2. Bundesliga,DFL-CLU-000N5P,Holstein Kiel,guest,4-2-3-1,4-2-3-1,"[4, 2, 3, 1]"
DFL-MAT-J03WUR,Karlsruher SC:Hannover 96,2022/2023,2. Bundesliga,DFL-CLU-00000T,Karlsruher SC,home,4-4-2 Diamond,4-4-2,"[4, 4, 2]"
DFL-MAT-J03WUR,Karlsruher SC:Hannover 96,2022/2023,2. Bundesliga,DFL-CLU-000001,Hannover 96,guest,3-4-1-2 defensive Midfielder,3-4-1-2,"[3, 4, 1, 2]"
DFL-MAT-J03WUS,F.C. Hansa Rostock:SSV Jahn Regensburg,2022/2023,2. Bundesliga,DFL-CLU-00000Q,F.C. Hansa Rostock,home,3-4-3 defensive Midfielder,3-4-3,"[3, 4, 3]"
DFL-MAT-J03WUS,F.C. Hansa Rostock:SSV Jahn Regensburg,2022/2023,2. Bundesliga,DFL-CLU-000011,SSV Jahn Regensburg,guest,3-4-1-2 defensive Midfielder,3-4-1-2,"[3, 4, 1, 2]"
DFL-MAT-J03WUT,Eintracht Braunschweig:SV Sandhausen,2022/2023,2. Bundesliga,DFL-CLU-00000X,Eintracht Braunschweig,home,3-3-2-2,3-3-2-2,"[3, 3, 2, 2]"
DFL-MAT-J03WUT,Eintracht Braunschweig:SV Sandhausen,2022/2023,2. Bundesliga,DFL-CLU-000012,SV Sandhausen,guest,3-4-2-1 Double-10,3-4-2-1,"[3, 4, 2, 1]"
DFL-MAT-J03WUU,SpVgg Greuther Fürth:Eintracht Braunschweig,2022/2023,2. Bundesliga,DFL-CLU-00000X,Eintracht Braunschweig,guest,3-4-2-1 Double-10,3-4-2-1,"[3, 4, 2, 1]"
DFL-MAT-J03WUU,SpVgg Greuther Fürth:Eintracht Braunschweig,2022/2023,2. Bundesliga,DFL-CLU-00000W,SpVgg Greuther Fürth,home,3-3-2-2,3-3-2-2,"[3, 3, 2, 2]"
DFL-MAT-J03WUV,FC St. Pauli:Fortuna Düsseldorf,2022/2023,2. Bundesliga,DFL-CLU-00000P,Fortuna Düsseldorf,guest,3-4-1-2 defensive Midfielder,3-4-1-2,"[3, 4, 1, 2]"
DFL-MAT-J03WUV,FC St. Pauli:Fortuna Düsseldorf,2022/2023,2. Bundesliga,DFL-CLU-00000H,FC St. Pauli,home,3-4-3 defensive Midfielder,3-4-3,"[3, 4, 3]"
DFL-MAT-J03WUW,SC Paderborn 07:1. FC Heidenheim 1846,2022/2023,2. Bundesliga,DFL-CLU-000018,1. FC Heidenheim 1846,guest,4-2-3-1,4-2-3-1,"[4, 2, 3, 1]"
DFL-MAT-J03WUW,SC Paderborn 07:1. FC Heidenheim 1846,2022/2023,2. Bundesliga,DFL-CLU-00000L,SC Paderborn 07,home,3-4-2-1 Double-10,3-4-2-1,"[3, 4, 2, 1]"
DFL-MAT-J03WUX,Holstein Kiel:Karlsruher SC,2022/2023,2. Bundesliga,DFL-CLU-00000T,Karlsruher SC,guest,4-4-2 Diamond,4-4-2,"[4, 4, 2]"
DFL-MAT-J03WUX,Holstein Kiel:Karlsruher SC,2022/2023,2. Bundesliga,DFL-CLU-000N5P,Holstein Kiel,home,4-2-3-1,4-2-3-1,"[4, 2, 3, 1]"
DFL-MAT-J03WUY,Hannover 96:SV Darmstadt 98,2022/2023,2. Bundesliga,DFL-CLU-000016,SV Darmstadt 98,guest,3-3-2-2,3-3-2-2,"[3, 3, 2, 2]"
DFL-MAT-J03WUY,Hannover 96:SV Darmstadt 98,2022/2023,2. Bundesliga,DFL-CLU-000001,Hannover 96,home,3-4-1-2 defensive Midfielder,3-4-1-2,"[3, 4, 1, 2]"
DFL-MAT-J03WUZ,SV Sandhausen:F.C. Hansa Rostock,2022/2023,2. Bundesliga,DFL-CLU-00000Q,F.C. Hansa Rostock,guest,3-4-3 defensive Midfielder,3-4-3,"[3, 4, 3]"
DFL-MAT-J03WUZ,SV Sandhausen:F.C. Hansa Rostock,2022/2023,2. Bundesliga,DFL-CLU-000012,SV Sandhausen,home,3-4-2-1 Double-10,3-4-2-1,"[3, 4, 2, 1]"
DFL-MAT-J03WV0,SSV Jahn Regensburg:Hamburger SV,2022/2023,2. Bundesliga,DFL-CLU-00000C,Hamburger SV,guest,4-3-3 Double-6,4-3-3,"[4, 3, 3]"
DFL-MAT-J03WV0,SSV Jahn Regensburg:Hamburger SV,2022/2023,2. Bundesliga,DFL-CLU-000011,SSV Jahn Regensburg,home,4-4-2 Double-6 offensive Outliner,4-4-2,"[4, 4, 2]"
DFL-MAT-J03WV1,1. FC Magdeburg:1. FC Nürnberg,2022/2023,2. Bundesliga,DFL-CLU-000005,1. FC Nürnberg,guest,4-4-2 Diamond,4-4-2,"[4, 4, 2]"
DFL-MAT-J03WV1,1. FC Magdeburg:1. FC Nürnberg,2022/2023,2. Bundesliga,DFL-CLU-000N5D,1. FC Magdeburg,home,4-3-3 with 6,4-3-3,"[4, 3, 3]"
DFL-MAT-J03WV2,1. FC Kaiserslautern:DSC Arminia Bielefeld,2022/2023,2. Bundesliga,DFL-CLU-00000I,1. FC Kaiserslautern,home,4-2-3-1,4-2-3-1,"[4, 2, 3, 1]"
DFL-MAT-J03WV2,1. FC Kaiserslautern:DSC Arminia Bielefeld,2022/2023,2. Bundesliga,DFL-CLU-000015,DSC Arminia Bielefeld,guest,4-2-3-1,4-2-3-1,"[4, 2, 3, 1]"
DFL-MAT-J03WV3,DSC Arminia Bielefeld:SC Paderborn 07,2022/2023,2. Bundesliga,DFL-CLU-000015,DSC Arminia Bielefeld,home,4-2-3-1,4-2-3-1,"[4, 2, 3, 1]"
DFL-MAT-J03WV3,DSC Arminia Bielefeld:SC Paderborn 07,2022/2023,2. Bundesliga,DFL-CLU-00000L,SC Paderborn 07,guest,3-4-2-1 Double-10,3-4-2-1,"[3, 4, 2, 1]"
DFL-MAT-J03WV4,Hamburger SV:SpVgg Greuther Fürth,2022/2023,2. Bundesliga,DFL-CLU-00000C,Hamburger SV,home,4-3-3 with 6,4-3-3,"[4, 3, 3]"
DFL-MAT-J03WV4,Hamburger SV:SpVgg Greuther Fürth,2022/2023,2. Bundesliga,DFL-CLU-00000W,SpVgg Greuther Fürth,guest,3-4-1-2 defensive Midfielder,3-4-1-2,"[3, 4, 1, 2]"
DFL-MAT-J03WV5,SV Darmstadt 98:1. FC Magdeburg,2022/2023,2. Bundesliga,DFL-CLU-000016,SV Darmstadt 98,home,3-4-1-2 defensive Midfielder,3-4-1-2,"[3, 4, 1, 2]"
DFL-MAT-J03WV5,SV Darmstadt 98:1. FC Magdeburg,2022/2023,2. Bundesliga,DFL-CLU-000N5D,1. FC Magdeburg,guest,3-4-3 defensive Midfielder,3-4-3,"[3, 4, 3]"
DFL-MAT-J03WV6,1. FC Heidenheim 1846:SV Sandhausen,2022/2023,2. Bundesliga,DFL-CLU-000018,1. FC Heidenheim 1846,home,4-2-3-1,4-2-3-1,"[4, 2, 3, 1]"
DFL-MAT-J03WV6,1. FC Heidenheim 1846:SV Sandhausen,2022/2023,2. Bundesliga,DFL-CLU-000012,SV Sandhausen,guest,3-3-2-2,3-3-2-2,"[3, 3, 2, 2]"
DFL-MAT-J03WV7,1. FC Nürnberg:F.C. Hansa Rostock,2022/2023,2. Bundesliga,DFL-CLU-000005,1. FC Nürnberg,home,4-5-1 offensive Outliner,4-5-1,"[4, 5, 1]"
DFL-MAT-J03WV7,1. FC Nürnberg:F.C. Hansa Rostock,2022/2023,2. Bundesliga,DFL-CLU-00000Q,F.C. Hansa Rostock,guest,3-4-1-2 defensive Midfielder,3-4-1-2,"[3, 4, 1, 2]"
DFL-MAT-J03WV8,Holstein Kiel:FC St. Pauli,2022/2023,2. Bundesliga,DFL-CLU-00000H,FC St. Pauli,guest,3-4-3 defensive Midfielder,3-4-3,"[3, 4, 3]"
DFL-MAT-J03WV8,Holstein Kiel:FC St. Pauli,2022/2023,2. Bundesliga,DFL-CLU-000N5P,Holstein Kiel,home,4-4-2 Diamond,4-4-2,"[4, 4, 2]"
DFL-MAT-J03WV9,Fortuna Düsseldorf:Hannover 96,2022/2023,2. Bundesliga,DFL-CLU-00000P,Fortuna Düsseldorf,home,4-3-3 with 6,4-3-3,"[4, 3, 3]"
DFL-MAT-J03WV9,Fortuna Düsseldorf:Hannover 96,2022/2023,2. Bundesliga,DFL-CLU-000001,Hannover 96,guest,3-4-1-2 defensive Midfielder,3-4-1-2,"[3, 4, 1, 2]"
DFL-MAT-J03WVA,Karlsruher SC:1. FC Kaiserslautern,2022/2023,2. Bundesliga,DFL-CLU-00000I,1. FC Kaiserslautern,guest,3-4-1-2 defensive Midfielder,3-4-1-2,"[3, 4, 1, 2]"
DFL-MAT-J03WVA,Karlsruher SC:1. FC Kaiserslautern,2022/2023,2. Bundesliga,DFL-CLU-00000T,Karlsruher SC,home,4-4-2 Diamond,4-4-2,"[4, 4, 2]"
DFL-MAT-J03WVB,Eintracht Braunschweig:SSV Jahn Regensburg,2022/2023,2. Bundesliga,DFL-CLU-00000X,Eintracht Braunschweig,home,3-4-2-1 Double-10,3-4-2-1,"[3, 4, 2, 1]"
DFL-MAT-J03WVB,Eintracht Braunschweig:SSV Jahn Regensburg,2022/2023,2. Bundesliga,DFL-CLU-000011,SSV Jahn Regensburg,guest,4-4-2 Double-6 offensive Outliner,4-4-2,"[4, 4, 2]"
DFL-MAT-J03WVC,SpVgg Greuther Fürth:SV Darmstadt 98,2022/2023,2. Bundesliga,DFL-CLU-000016,SV Darmstadt 98,guest,3-4-3 defensive Midfielder,3-4-3,"[3, 4, 3]"
DFL-MAT-J03WVC,SpVgg Greuther Fürth:SV Darmstadt 98,2022/2023,2. Bundesliga,DFL-CLU-00000W,SpVgg Greuther Fürth,home,3-3-2-2,3-3-2-2,"[3, 3, 2, 2]"
DFL-MAT-J03WVD,FC St. Pauli:Karlsruher SC,2022/2023,2. Bundesliga,DFL-CLU-00000T,Karlsruher SC,guest,4-4-2 Double-6 offensive Outliner,4-4-2,"[4, 4, 2]"
DFL-MAT-J03WVD,FC St. Pauli:Karlsruher SC,2022/2023,2. Bundesliga,DFL-CLU-00000H,FC St. Pauli,home,3-4-3 defensive Midfielder,3-4-3,"[3, 4, 3]"
DFL-MAT-J03WVE,SC Paderborn 07:1. FC Nürnberg,2022/2023,2. Bundesliga,DFL-CLU-000005,1. FC Nürnberg,guest,4-4-2 Diamond,4-4-2,"[4, 4, 2]"
DFL-MAT-J03WVE,SC Paderborn 07:1. FC Nürnberg,2022/2023,2. Bundesliga,DFL-CLU-00000L,SC Paderborn 07,home,3-4-2-1 Double-10,3-4-2-1,"[3, 4, 2, 1]"
DFL-MAT-J03WVF,Hannover 96:Holstein Kiel,2022/2023,2. Bundesliga,DFL-CLU-000001,Hannover 96,home,3-4-1-2 defensive Midfielder,3-4-1-2,"[3, 4, 1, 2]"
DFL-MAT-J03WVF,Hannover 96:Holstein Kiel,2022/2023,2. Bundesliga,DFL-CLU-000N5P,Holstein Kiel,guest,3-4-1-2 defensive Midfielder,3-4-1-2,"[3, 4, 1, 2]"
DFL-MAT-J03WVG,F.C. Hansa Rostock:Eintracht Braunschweig,2022/2023,2. Bundesliga,DFL-CLU-00000Q,F.C. Hansa Rostock,home,3-4-2-1 Double-10,3-4-2-1,"[3, 4, 2, 1]"
DFL-MAT-J03WVG,F.C. Hansa Rostock:Eintracht Braunschweig,2022/2023,2. Bundesliga,DFL-CLU-00000X,Eintracht Braunschweig,guest,4-4-2 Double-6 offensive Outliner,4-4-2,"[4, 4, 2]"
DFL-MAT-J03WVH,SV Sandhausen:Hamburger SV,2022/2023,2. Bundesliga,DFL-CLU-00000C,Hamburger SV,guest,4-3-3 with 6,4-3-3,"[4, 3, 3]"
DFL-MAT-J03WVH,SV Sandhausen:Hamburger SV,2022/2023,2. Bundesliga,DFL-CLU-000012,SV Sandhausen,home,3-3-2-2,3-3-2-2,"[3, 3, 2, 2]"
DFL-MAT-J03WVI,SSV Jahn Regensburg:1. FC Heidenheim 1846,2022/2023,2. Bundesliga,DFL-CLU-000018,1. FC Heidenheim 1846,guest,4-2-3-1,4-2-3-1,"[4, 2, 3, 1]"
DFL-MAT-J03WVI,SSV Jahn Regensburg:1. FC Heidenheim 1846,2022/2023,2. Bundesliga,DFL-CLU-000011,SSV Jahn Regensburg,home,4-4-2 Double-6 offensive Outliner,4-4-2,"[4, 4, 2]"
DFL-MAT-J03WVJ,1. FC Magdeburg:DSC Arminia Bielefeld,2022/2023,2. Bundesliga,DFL-CLU-000015,DSC Arminia Bielefeld,guest,4-4-2 Diamond,4-4-2,"[4, 4, 2]"
DFL-MAT-J03WVJ,1. FC Magdeburg:DSC Arminia Bielefeld,2022/2023,2. Bundesliga,DFL-CLU-000N5D,1. FC Magdeburg,home,4-3-3 Double-6,4-3-3,"[4, 3, 3]"
DFL-MAT-J03WVK,1. FC Kaiserslautern:Fortuna Düsseldorf,2022/2023,2. Bundesliga,DFL-CLU-00000I,1. FC Kaiserslautern,home,4-2-3-1,4-2-3-1,"[4, 2, 3, 1]"
DFL-MAT-J03WVK,1. FC Kaiserslautern:Fortuna Düsseldorf,2022/2023,2. Bundesliga,DFL-CLU-00000P,Fortuna Düsseldorf,guest,4-3-3 with 6,4-3-3,"[4, 3, 3]"
DFL-MAT-J03YDU,SV Werder Bremen:FC Bayern München,2023/2024,Bundesliga,DFL-CLU-00000G,FC Bayern München,guest,4-2-3-1,4-2-3-1,"[4, 2, 3, 1]"
DFL-MAT-J03YDU,SV Werder Bremen:FC Bayern München,2023/2024,Bundesliga,DFL-CLU-00000E,SV Werder Bremen,home,3-3-2-2 Double-10,3-3-2-2,"[3, 3, 2, 2]"
DFL-MAT-J03YDV,Borussia Dortmund:1. FC Köln,2023/2024,Bundesliga,DFL-CLU-000008,1. FC Köln,guest,4-2-3-1,4-2-3-1,"[4, 2, 3, 1]"
DFL-MAT-J03YDV,Borussia Dortmund:1. FC Köln,2023/2024,Bundesliga,DFL-CLU-000007,Borussia Dortmund,home,4-2-3-1,4-2-3-1,"[4, 2, 3, 1]"
DFL-MAT-J03YDW,1. FC Union Berlin:1. FSV Mainz 05,2023/2024,Bundesliga,DFL-CLU-000006,1. FSV Mainz 05,guest,3-4-3 defensive Midfielder,3-4-3,"[3, 4, 3]"
DFL-MAT-J03YDW,1. FC Union Berlin:1. FSV Mainz 05,2023/2024,Bundesliga,DFL-CLU-00000V,1. FC Union Berlin,home,3-3-2-2,3-3-2-2,"[3, 3, 2, 2]"
DFL-MAT-J03YDX,Bayer 04 Leverkusen:RB Leipzig,2023/2024,Bundesliga,DFL-CLU-000017,RB Leipzig,guest,4-4-2 Double-6 offensive Outliner,4-4-2,"[4, 4, 2]"
DFL-MAT-J03YDX,Bayer 04 Leverkusen:RB Leipzig,2023/2024,Bundesliga,DFL-CLU-00000B,Bayer 04 Leverkusen,home,3-4-2-1 Double-10,3-4-2-1,"[3, 4, 2, 1]"
DFL-MAT-J03YDY,Eintracht Frankfurt:SV Darmstadt 98,2023/2024,Bundesliga,DFL-CLU-00000F,Eintracht Frankfurt,home,3-4-2-1 Double-10,3-4-2-1,"[3, 4, 2, 1]"
DFL-MAT-J03YDY,Eintracht Frankfurt:SV Darmstadt 98,2023/2024,Bundesliga,DFL-CLU-000016,SV Darmstadt 98,guest,3-4-2-1 defensive Midfielder,3-4-2-1,"[3, 4, 2, 1]"
DFL-MAT-J03YDZ,VfL Wolfsburg:1. FC Heidenheim 1846,2023/2024,Bundesliga,DFL-CLU-000018,1. FC Heidenheim 1846,guest,4-4-2 Double-6,4-4-2,"[4, 4, 2]"
DFL-MAT-J03YDZ,VfL Wolfsburg:1. FC Heidenheim 1846,2023/2024,Bundesliga,DFL-CLU-000003,VfL Wolfsburg,home,4-3-3 with 6,4-3-3,"[4, 3, 3]"
DFL-MAT-J03YE0,TSG Hoffenheim:Sport-Club Freiburg,2023/2024,Bundesliga,DFL-CLU-00000A,Sport-Club Freiburg,guest,4-2-3-1,4-2-3-1,"[4, 2, 3, 1]"
DFL-MAT-J03YE0,TSG Hoffenheim:Sport-Club Freiburg,2023/2024,Bundesliga,DFL-CLU-000002,TSG Hoffenheim,home,3-3-2-2,3-3-2-2,"[3, 3, 2, 2]"
DFL-MAT-J03YE1,FC Augsburg:Borussia Mönchengladbach,2023/2024,Bundesliga,DFL-CLU-000004,Borussia Mönchengladbach,guest,4-2-3-1,4-2-3-1,"[4, 2, 3, 1]"
DFL-MAT-J03YE1,FC Augsburg:Borussia Mönchengladbach,2023/2024,Bundesliga,DFL-CLU-000010,FC Augsburg,home,4-4-2 Double-6 offensive Outliner,4-4-2,"[4, 4, 2]"
DFL-MAT-J03YE2,VfB Stuttgart:VfL Bochum 1848,2023/2024,Bundesliga,DFL-CLU-00000D,VfB Stuttgart,home,4-2-3-1,4-2-3-1,"[4, 2, 3, 1]"
DFL-MAT-J03YE2,VfB Stuttgart:VfL Bochum 1848,2023/2024,Bundesliga,DFL-CLU-00000S,VfL Bochum 1848,guest,3-4-2-1 defensive Midfielder,3-4-2-1,"[3, 4, 2, 1]"
DFL-MAT-J03YE3,FC Bayern München:FC Augsburg,2023/2024,Bundesliga,DFL-CLU-00000G,FC Bayern München,home,4-2-3-1,4-2-3-1,"[4, 2, 3, 1]"
DFL-MAT-J03YE3,FC Bayern München:FC Augsburg,2023/2024,Bundesliga,DFL-CLU-000010,FC Augsburg,guest,4-4-2 Double-6 offensive Outliner,4-4-2,"[4, 4, 2]"
DFL-MAT-J03YE4,RB Leipzig:VfB Stuttgart,2023/2024,Bundesliga,DFL-CLU-000017,RB Leipzig,home,4-4-2 Double-6 offensive Outliner,4-4-2,"[4, 4, 2]"
DFL-MAT-J03YE4,RB Leipzig:VfB Stuttgart,2023/2024,Bundesliga,DFL-CLU-00000D,VfB Stuttgart,guest,4-2-3-1,4-2-3-1,"[4, 2, 3, 1]"
DFL-MAT-J03YE5,Sport-Club Freiburg:SV Werder Bremen,2023/2024,Bundesliga,DFL-CLU-00000E,SV Werder Bremen,guest,3-3-2-2 Double-10,3-3-2-2,"[3, 3, 2, 2]"
DFL-MAT-J03YE5,Sport-Club Freiburg:SV Werder Bremen,2023/2024,Bundesliga,DFL-CLU-00000A,Sport-Club Freiburg,home,4-2-3-1,4-2-3-1,"[4, 2, 3, 1]"
DFL-MAT-J03YE6,1. FSV Mainz 05:Eintracht Frankfurt,2023/2024,Bundesliga,DFL-CLU-00000F,Eintracht Frankfurt,guest,3-4-2-1 Double-10,3-4-2-1,"[3, 4, 2, 1]"
DFL-MAT-J03YE6,1. FSV Mainz 05:Eintracht Frankfurt,2023/2024,Bundesliga,DFL-CLU-000006,1. FSV Mainz 05,home,3-4-2-1 Double-10,3-4-2-1,"[3, 4, 2, 1]"
DFL-MAT-J03YE7,Borussia Mönchengladbach:Bayer 04 Leverkusen,2023/2024,Bundesliga,DFL-CLU-00000B,Bayer 04 Leverkusen,guest,3-4-2-1 Double-10,3-4-2-1,"[3, 4, 2, 1]"
DFL-MAT-J03YE7,Borussia Mönchengladbach:Bayer 04 Leverkusen,2023/2024,Bundesliga,DFL-CLU-000004,Borussia Mönchengladbach,home,3-4-2-1 Double-10,3-4-2-1,"[3, 4, 2, 1]"
DFL-MAT-J03YE8,1. FC Köln:VfL Wolfsburg,2023/2024,Bundesliga,DFL-CLU-000008,1. FC Köln,home,4-2-3-1,4-2-3-1,"[4, 2, 3, 1]"
DFL-MAT-J03YE8,1. FC Köln:VfL Wolfsburg,2023/2024,Bundesliga,DFL-CLU-000003,VfL Wolfsburg,guest,4-3-3 with 6,4-3-3,"[4, 3, 3]"
DFL-MAT-J03YE9,VfL Bochum 1848:Borussia Dortmund,2023/2024,Bundesliga,DFL-CLU-000007,Borussia Dortmund,guest,4-3-3 with 6,4-3-3,"[4, 3, 3]"
DFL-MAT-J03YE9,VfL Bochum 1848:Borussia Dortmund,2023/2024,Bundesliga,DFL-CLU-00000S,VfL Bochum 1848,home,3-3-2-2,3-3-2-2,"[3, 3, 2, 2]"
DFL-MAT-J03YEA,1. FC Heidenheim 1846:TSG Hoffenheim,2023/2024,Bundesliga,DFL-CLU-000018,1. FC Heidenheim 1846,home,4-2-3-1,4-2-3-1,"[4, 2, 3, 1]"
DFL-MAT-J03YEA,1. FC Heidenheim 1846:TSG Hoffenheim,2023/2024,Bundesliga,DFL-CLU-000002,TSG Hoffenheim,guest,4-4-2 Double-6 offensive Outliner,4-4-2,"[4, 4, 2]"
DFL-MAT-J03YEB,SV Darmstadt 98:1. FC Union Berlin,2023/2024,Bundesliga,DFL-CLU-000016,SV Darmstadt 98,home,3-3-3-1,3-3-3-1,"[3, 3, 3, 1]"
DFL-MAT-J03YEB,SV Darmstadt 98:1. FC Union Berlin,2023/2024,Bundesliga,DFL-CLU-00000V,1. FC Union Berlin,guest,3-3-2-2,3-3-2-2,"[3, 3, 2, 2]"
DFL-MAT-J03YEC,Borussia Dortmund:1. FC Heidenheim 1846,2023/2024,Bundesliga,DFL-CLU-000018,1. FC Heidenheim 1846,guest,4-2-3-1,4-2-3-1,"[4, 2, 3, 1]"
DFL-MAT-J03YEC,Borussia Dortmund:1. FC Heidenheim 1846,2023/2024,Bundesliga,DFL-CLU-000007,Borussia Dortmund,home,4-3-3 with 6,4-3-3,"[4, 3, 3]"
DFL-MAT-J03YED,1. FC Union Berlin:RB Leipzig,2023/2024,Bundesliga,DFL-CLU-000017,RB Leipzig,guest,4-4-2 Double-6 offensive Outliner,4-4-2,"[4, 4, 2]"
DFL-MAT-J03YED,1. FC Union Berlin:RB Leipzig,2023/2024,Bundesliga,DFL-CLU-00000V,1. FC Union Berlin,home,3-4-3 defensive Midfielder,3-4-3,"[3, 4, 3]"
DFL-MAT-J03YEE,Bayer 04 Leverkusen:SV Darmstadt 98,2023/2024,Bundesliga,DFL-CLU-00000B,Bayer 04 Leverkusen,home,3-4-2-1 Double-10,3-4-2-1,"[3, 4, 2, 1]"
DFL-MAT-J03YEE,Bayer 04 Leverkusen:SV Darmstadt 98,2023/2024,Bundesliga,DFL-CLU-000016,SV Darmstadt 98,guest,3-3-2-2,3-3-2-2,"[3, 3, 2, 2]"
DFL-MAT-J03YEF,Eintracht Frankfurt:1. FC Köln,2023/2024,Bundesliga,DFL-CLU-00000F,Eintracht Frankfurt,home,3-4-2-1 Double-10,3-4-2-1,"[3, 4, 2, 1]"
DFL-MAT-J03YEF,Eintracht Frankfurt:1. FC Köln,2023/2024,Bundesliga,DFL-CLU-000008,1. FC Köln,guest,4-5-1 offensive Outliner,4-5-1,"[4, 5, 1]"
DFL-MAT-J03YEG,Borussia Mönchengladbach:FC Bayern München,2023/2024,Bundesliga,DFL-CLU-00000G,FC Bayern München,guest,4-2-3-1,4-2-3-1,"[4, 2, 3, 1]"
DFL-MAT-J03YEG,Borussia Mönchengladbach:FC Bayern München,2023/2024,Bundesliga,DFL-CLU-000004,Borussia Mönchengladbach,home,4-3-3 with 6,4-3-3,"[4, 3, 3]"
DFL-MAT-J03YEH,TSG Hoffenheim:VfL Wolfsburg,2023/2024,Bundesliga,DFL-CLU-000003,VfL Wolfsburg,guest,4-2-3-1,4-2-3-1,"[4, 2, 3, 1]"
DFL-MAT-J03YEH,TSG Hoffenheim:VfL Wolfsburg,2023/2024,Bundesliga,DFL-CLU-000002,TSG Hoffenheim,home,3-3-2-2,3-3-2-2,"[3, 3, 2, 2]"
DFL-MAT-J03YEI,SV Werder Bremen:1. FSV Mainz 05,2023/2024,Bundesliga,DFL-CLU-00000E,SV Werder Bremen,home,3-3-2-2 Double-10,3-3-2-2,"[3, 3, 2, 2]"
DFL-MAT-J03YEI,SV Werder Bremen:1. FSV Mainz 05,2023/2024,Bundesliga,DFL-CLU-000006,1. FSV Mainz 05,guest,3-4-2-1 Double-10,3-4-2-1,"[3, 4, 2, 1]"
DFL-MAT-J03YEJ,FC Augsburg:VfL Bochum 1848,2023/2024,Bundesliga,DFL-CLU-00000S,VfL Bochum 1848,guest,3-3-2-2,3-3-2-2,"[3, 3, 2, 2]"
DFL-MAT-J03YEJ,FC Augsburg:VfL Bochum 1848,2023/2024,Bundesliga,DFL-CLU-000010,FC Augsburg,home,4-4-2 Double-6 offensive Outliner,4-4-2,"[4, 4, 2]"
DFL-MAT-J03YEK,VfB Stuttgart:Sport-Club Freiburg,2023/2024,Bundesliga,DFL-CLU-00000D,VfB Stuttgart,home,4-2-3-1,4-2-3-1,"[4, 2, 3, 1]"
DFL-MAT-J03YEK,VfB Stuttgart:Sport-Club Freiburg,2023/2024,Bundesliga,DFL-CLU-00000A,Sport-Club Freiburg,guest,4-2-3-1,4-2-3-1,"[4, 2, 3, 1]"
DFL-MAT-J03YEL,FC Bayern München:Bayer 04 Leverkusen,2023/2024,Bundesliga,DFL-CLU-00000G,FC Bayern München,home,4-2-3-1,4-2-3-1,"[4, 2, 3, 1]"
DFL-MAT-J03YEL,FC Bayern München:Bayer 04 Leverkusen,2023/2024,Bundesliga,DFL-CLU-00000B,Bayer 04 Leverkusen,guest,3-4-2-1 Double-10,3-4-2-1,"[3, 4, 2, 1]"
DFL-MAT-J03YEM,RB Leipzig:FC Augsburg,2023/2024,Bundesliga,DFL-CLU-000017,RB Leipzig,home,4-4-2 Double-6 offensive Outliner,4-4-2,"[4, 4, 2]"
DFL-MAT-J03YEM,RB Leipzig:FC Augsburg,2023/2024,Bundesliga,DFL-CLU-000010,FC Augsburg,guest,3-4-2-1 defensive Midfielder,3-4-2-1,"[3, 4, 2, 1]"
DFL-MAT-J03YEN,Sport-Club Freiburg:Borussia Dortmund,2023/2024,Bundesliga,DFL-CLU-000007,Borussia Dortmund,guest,4-3-3 with 6,4-3-3,"[4, 3, 3]"
DFL-MAT-J03YEN,Sport-Club Freiburg:Borussia Dortmund,2023/2024,Bundesliga,DFL-CLU-00000A,Sport-Club Freiburg,home,3-4-3,3-4-3,"[3, 4, 3]"
DFL-MAT-J03YEO,VfL Wolfsburg:1. FC Union Berlin,2023/2024,Bundesliga,DFL-CLU-000003,VfL Wolfsburg,home,4-2-3-1,4-2-3-1,"[4, 2, 3, 1]"
DFL-MAT-J03YEO,VfL Wolfsburg:1. FC Union Berlin,2023/2024,Bundesliga,DFL-CLU-00000V,1. FC Union Berlin,guest,3-3-2-2,3-3-2-2,"[3, 3, 2, 2]"
DFL-MAT-J03YEP,1. FSV Mainz 05:VfB Stuttgart,2023/2024,Bundesliga,DFL-CLU-00000D,VfB Stuttgart,guest,4-2-3-1,4-2-3-1,"[4, 2, 3, 1]"
DFL-MAT-J03YEP,1. FSV Mainz 05:VfB Stuttgart,2023/2024,Bundesliga,DFL-CLU-000006,1. FSV Mainz 05,home,3-4-2-1 Double-10,3-4-2-1,"[3, 4, 2, 1]"
DFL-MAT-J03YEQ,1. FC Köln:TSG Hoffenheim,2023/2024,Bundesliga,DFL-CLU-000008,1. FC Köln,home,4-2-3-1,4-2-3-1,"[4, 2, 3, 1]"
DFL-MAT-J03YEQ,1. FC Köln:TSG Hoffenheim,2023/2024,Bundesliga,DFL-CLU-000002,TSG Hoffenheim,guest,3-3-2-2,3-3-2-2,"[3, 3, 2, 2]"
DFL-MAT-J03YER,VfL Bochum 1848:Eintracht Frankfurt,2023/2024,Bundesliga,DFL-CLU-00000F,Eintracht Frankfurt,guest,3-4-2-1 Double-10,3-4-2-1,"[3, 4, 2, 1]"
DFL-MAT-J03YER,VfL Bochum 1848:Eintracht Frankfurt,2023/2024,Bundesliga,DFL-CLU-00000S,VfL Bochum 1848,home,4-3-3 with 6,4-3-3,"[4, 3, 3]"
DFL-MAT-J03YES,1. FC Heidenheim 1846:SV Werder Bremen,2023/2024,Bundesliga,DFL-CLU-000018,1. FC Heidenheim 1846,home,4-2-3-1,4-2-3-1,"[4, 2, 3, 1]"
DFL-MAT-J03YES,1. FC Heidenheim 1846:SV Werder Bremen,2023/2024,Bundesliga,DFL-CLU-00000E,SV Werder Bremen,guest,3-3-2-2 Double-10,3-3-2-2,"[3, 3, 2, 2]"
DFL-MAT-J03YET,SV Darmstadt 98:Borussia Mönchengladbach,2023/2024,Bundesliga,DFL-CLU-000004,Borussia Mönchengladbach,guest,4-2-3-1,4-2-3-1,"[4, 2, 3, 1]"
DFL-MAT-J03YET,SV Darmstadt 98:Borussia Mönchengladbach,2023/2024,Bundesliga,DFL-CLU-000016,SV Darmstadt 98,home,3-3-2-2 Double-10,3-3-2-2,"[3, 3, 2, 2]"
DFL-MAT-J03YEU,FC Bayern München:VfL Bochum 1848,2023/2024,Bundesliga,DFL-CLU-00000G,FC Bayern München,home,4-2-3-1,4-2-3-1,"[4, 2, 3, 1]"
DFL-MAT-J03YEU,FC Bayern München:VfL Bochum 1848,2023/2024,Bundesliga,DFL-CLU-00000S,VfL Bochum 1848,guest,3-3-2-2,3-3-2-2,"[3, 3, 2, 2]"
DFL-MAT-J03YEV,Borussia Dortmund:VfL Wolfsburg,2023/2024,Bundesliga,DFL-CLU-000007,Borussia Dortmund,home,4-2-3-1,4-2-3-1,"[4, 2, 3, 1]"
DFL-MAT-J03YEV,Borussia Dortmund:VfL Wolfsburg,2023/2024,Bundesliga,DFL-CLU-000003,VfL Wolfsburg,guest,4-2-3-1,4-2-3-1,"[4, 2, 3, 1]"
DFL-MAT-J03YEW,1. FC Union Berlin:TSG Hoffenheim,2023/2024,Bundesliga,DFL-CLU-00000V,1. FC Union Berlin,home,3-3-2-2,3-3-2-2,"[3, 3, 2, 2]"
DFL-MAT-J03YEW,1. FC Union Berlin:TSG Hoffenheim,2023/2024,Bundesliga,DFL-CLU-000002,TSG Hoffenheim,guest,3-3-2-2,3-3-2-2,"[3, 3, 2, 2]"
DFL-MAT-J03YEX,Bayer 04 Leverkusen:1. FC Heidenheim 1846,2023/2024,Bundesliga,DFL-CLU-000018,1. FC Heidenheim 1846,guest,4-2-3-1,4-2-3-1,"[4, 2, 3, 1]"
DFL-MAT-J03YEX,Bayer 04 Leverkusen:1. FC Heidenheim 1846,2023/2024,Bundesliga,DFL-CLU-00000B,Bayer 04 Leverkusen,home,3-4-2-1 Double-10,3-4-2-1,"[3, 4, 2, 1]"
DFL-MAT-J03YEY,Eintracht Frankfurt:Sport-Club Freiburg,2023/2024,Bundesliga,DFL-CLU-00000F,Eintracht Frankfurt,home,3-4-2-1 Double-10,3-4-2-1,"[3, 4, 2, 1]"
DFL-MAT-J03YEY,Eintracht Frankfurt:Sport-Club Freiburg,2023/2024,Bundesliga,DFL-CLU-00000A,Sport-Club Freiburg,guest,3-4-3,3-4-3,"[3, 4, 3]"
DFL-MAT-J03YEZ,Borussia Mönchengladbach:RB Leipzig,2023/2024,Bundesliga,DFL-CLU-000017,RB Leipzig,guest,4-4-2 Double-6 offensive Outliner,4-4-2,"[4, 4, 2]"
DFL-MAT-J03YEZ,Borussia Mönchengladbach:RB Leipzig,2023/2024,Bundesliga,DFL-CLU-000004,Borussia Mönchengladbach,home,3-3-2-2,3-3-2-2,"[3, 3, 2, 2]"
DFL-MAT-J03YF0,SV Werder Bremen:1. FC Köln,2023/2024,Bundesliga,DFL-CLU-00000E,SV Werder Bremen,home,3-3-2-2 Double-10,3-3-2-2,"[3, 3, 2, 2]"
DFL-MAT-J03YF0,SV Werder Bremen:1. FC Köln,2023/2024,Bundesliga,DFL-CLU-000008,1. FC Köln,guest,4-2-3-1,4-2-3-1,"[4, 2, 3, 1]"
DFL-MAT-J03YF1,FC Augsburg:1. FSV Mainz 05,2023/2024,Bundesliga,DFL-CLU-000006,1. FSV Mainz 05,guest,3-4-2-1 Double-10,3-4-2-1,"[3, 4, 2, 1]"
DFL-MAT-J03YF1,FC Augsburg:1. FSV Mainz 05,2023/2024,Bundesliga,DFL-CLU-000010,FC Augsburg,home,3-4-2-1 Double-10,3-4-2-1,"[3, 4, 2, 1]"
DFL-MAT-J03YF2,VfB Stuttgart:SV Darmstadt 98,2023/2024,Bundesliga,DFL-CLU-00000D,VfB Stuttgart,home,4-2-3-1,4-2-3-1,"[4, 2, 3, 1]"
DFL-MAT-J03YF2,VfB Stuttgart:SV Darmstadt 98,2023/2024,Bundesliga,DFL-CLU-000016,SV Darmstadt 98,guest,5-4-1,5-4-1,"[5, 4, 1]"
DFL-MAT-J03YF3,RB Leipzig:FC Bayern München,2023/2024,Bundesliga,DFL-CLU-000017,RB Leipzig,home,4-4-2 Double-6 offensive Outliner,4-4-2,"[4, 4, 2]"
DFL-MAT-J03YF3,RB Leipzig:FC Bayern München,2023/2024,Bundesliga,DFL-CLU-00000G,FC Bayern München,guest,4-2-3-1,4-2-3-1,"[4, 2, 3, 1]"
DFL-MAT-J03YF4,Sport-Club Freiburg:FC Augsburg,2023/2024,Bundesliga,DFL-CLU-00000A,Sport-Club Freiburg,home,3-4-3,3-4-3,"[3, 4, 3]"
DFL-MAT-J03YF4,Sport-Club Freiburg:FC Augsburg,2023/2024,Bundesliga,DFL-CLU-000010,FC Augsburg,guest,3-4-2-1 Double-10,3-4-2-1,"[3, 4, 2, 1]"
DFL-MAT-J03YF5,VfL Wolfsburg:Eintracht Frankfurt,2023/2024,Bundesliga,DFL-CLU-00000F,Eintracht Frankfurt,guest,3-4-2-1 Double-10,3-4-2-1,"[3, 4, 2, 1]"
DFL-MAT-J03YF5,VfL Wolfsburg:Eintracht Frankfurt,2023/2024,Bundesliga,DFL-CLU-000003,VfL Wolfsburg,home,4-2-3-1,4-2-3-1,"[4, 2, 3, 1]"
DFL-MAT-J03YF6,1. FSV Mainz 05:Bayer 04 Leverkusen,2023/2024,Bundesliga,DFL-CLU-00000B,Bayer 04 Leverkusen,guest,3-4-2-1 Double-10,3-4-2-1,"[3, 4, 2, 1]"
DFL-MAT-J03YF6,1. FSV Mainz 05:Bayer 04 Leverkusen,2023/2024,Bundesliga,DFL-CLU-000006,1. FSV Mainz 05,home,3-4-2-1 Double-10,3-4-2-1,"[3, 4, 2, 1]"
DFL-MAT-J03YF7,1. FC Köln:VfB Stuttgart,2023/2024,Bundesliga,DFL-CLU-00000D,VfB Stuttgart,guest,4-2-3-1,4-2-3-1,"[4, 2, 3, 1]"
DFL-MAT-J03YF7,1. FC Köln:VfB Stuttgart,2023/2024,Bundesliga,DFL-CLU-000008,1. FC Köln,home,4-1-3-2,4-1-3-2,"[4, 1, 3, 2]"
DFL-MAT-J03YF8,TSG Hoffenheim:Borussia Dortmund,2023/2024,Bundesliga,DFL-CLU-000007,Borussia Dortmund,guest,4-2-3-1,4-2-3-1,"[4, 2, 3, 1]"
DFL-MAT-J03YF8,TSG Hoffenheim:Borussia Dortmund,2023/2024,Bundesliga,DFL-CLU-000002,TSG Hoffenheim,home,3-3-2-2,3-3-2-2,"[3, 3, 2, 2]"
DFL-MAT-J03YF9,VfL Bochum 1848:Borussia Mönchengladbach,2023/2024,Bundesliga,DFL-CLU-000004,Borussia Mönchengladbach,guest,3-3-2-2,3-3-2-2,"[3, 3, 2, 2]"
DFL-MAT-J03YF9,VfL Bochum 1848:Borussia Mönchengladbach,2023/2024,Bundesliga,DFL-CLU-00000S,VfL Bochum 1848,home,3-3-2-2,3-3-2-2,"[3, 3, 2, 2]"
DFL-MAT-J03YFA,1. FC Heidenheim 1846:1. FC Union Berlin,2023/2024,Bundesliga,DFL-CLU-000018,1. FC Heidenheim 1846,home,4-4-2 Double-6 offensive Outliner,4-4-2,"[4, 4, 2]"
DFL-MAT-J03YFA,1. FC Heidenheim 1846:1. FC Union Berlin,2023/2024,Bundesliga,DFL-CLU-00000V,1. FC Union Berlin,guest,3-4-3 defensive Midfielder,3-4-3,"[3, 4, 3]"
DFL-MAT-J03YFB,SV Darmstadt 98:SV Werder Bremen,2023/2024,Bundesliga,DFL-CLU-00000E,SV Werder Bremen,guest,3-3-2-2 Double-10,3-3-2-2,"[3, 3, 2, 2]"
DFL-MAT-J03YFB,SV Darmstadt 98:SV Werder Bremen,2023/2024,Bundesliga,DFL-CLU-000016,SV Darmstadt 98,home,3-3-2-2,3-3-2-2,"[3, 3, 2, 2]"
DFL-MAT-J03YFC,FC Bayern München:Sport-Club Freiburg,2023/2024,Bundesliga,DFL-CLU-00000G,FC Bayern München,home,4-2-3-1,4-2-3-1,"[4, 2, 3, 1]"
DFL-MAT-J03YFC,FC Bayern München:Sport-Club Freiburg,2023/2024,Bundesliga,DFL-CLU-00000A,Sport-Club Freiburg,guest,4-4-2 Double-6 offensive Outliner,4-4-2,"[4, 4, 2]"
DFL-MAT-J03YFD,Borussia Dortmund:1. FC Union Berlin,2023/2024,Bundesliga,DFL-CLU-000007,Borussia Dortmund,home,4-5-1 offensive Outliner,4-5-1,"[4, 5, 1]"
DFL-MAT-J03YFD,Borussia Dortmund:1. FC Union Berlin,2023/2024,Bundesliga,DFL-CLU-00000V,1. FC Union Berlin,guest,3-3-2-2,3-3-2-2,"[3, 3, 2, 2]"
DFL-MAT-J03YFE,RB Leipzig:VfL Bochum 1848,2023/2024,Bundesliga,DFL-CLU-000017,RB Leipzig,home,4-4-2 Double-6 offensive Outliner,4-4-2,"[4, 4, 2]"
DFL-MAT-J03YFE,RB Leipzig:VfL Bochum 1848,2023/2024,Bundesliga,DFL-CLU-00000S,VfL Bochum 1848,guest,3-4-2-1 Double-10,3-4-2-1,"[3, 4, 2, 1]"
DFL-MAT-J03YFF,Bayer 04 Leverkusen:1. FC Köln,2023/2024,Bundesliga,DFL-CLU-000008,1. FC Köln,guest,4-1-3-2,4-1-3-2,"[4, 1, 3, 2]"
DFL-MAT-J03YFF,Bayer 04 Leverkusen:1. FC Köln,2023/2024,Bundesliga,DFL-CLU-00000B,Bayer 04 Leverkusen,home,3-4-2-1 Double-10,3-4-2-1,"[3, 4, 2, 1]"
DFL-MAT-J03YFG,Eintracht Frankfurt:1. FC Heidenheim 1846,2023/2024,Bundesliga,DFL-CLU-000018,1. FC Heidenheim 1846,guest,4-4-2 Double-6 offensive Outliner,4-4-2,"[4, 4, 2]"
DFL-MAT-J03YFG,Eintracht Frankfurt:1. FC Heidenheim 1846,2023/2024,Bundesliga,DFL-CLU-00000F,Eintracht Frankfurt,home,3-4-2-1 Double-10,3-4-2-1,"[3, 4, 2, 1]"
DFL-MAT-J03YFH,Borussia Mönchengladbach:1. FSV Mainz 05,2023/2024,Bundesliga,DFL-CLU-000004,Borussia Mönchengladbach,home,3-3-2-2,3-3-2-2,"[3, 3, 2, 2]"
DFL-MAT-J03YFH,Borussia Mönchengladbach:1. FSV Mainz 05,2023/2024,Bundesliga,DFL-CLU-000006,1. FSV Mainz 05,guest,3-4-2-1 Double-10,3-4-2-1,"[3, 4, 2, 1]"
DFL-MAT-J03YFI,SV Werder Bremen:TSG Hoffenheim,2023/2024,Bundesliga,DFL-CLU-00000E,SV Werder Bremen,home,3-3-2-2 Double-10,3-3-2-2,"[3, 3, 2, 2]"
DFL-MAT-J03YFI,SV Werder Bremen:TSG Hoffenheim,2023/2024,Bundesliga,DFL-CLU-000002,TSG Hoffenheim,guest,3-3-2-2,3-3-2-2,"[3, 3, 2, 2]"
DFL-MAT-J03YFJ,FC Augsburg:SV Darmstadt 98,2023/2024,Bundesliga,DFL-CLU-000016,SV Darmstadt 98,guest,3-4-1-2 defensive Midfielder,3-4-1-2,"[3, 4, 1, 2]"
DFL-MAT-J03YFJ,FC Augsburg:SV Darmstadt 98,2023/2024,Bundesliga,DFL-CLU-000010,FC Augsburg,home,3-4-2-1 Double-10,3-4-2-1,"[3, 4, 2, 1]"
DFL-MAT-J03YFK,VfB Stuttgart:VfL Wolfsburg,2023/2024,Bundesliga,DFL-CLU-00000D,VfB Stuttgart,home,4-2-3-1,4-2-3-1,"[4, 2, 3, 1]"
DFL-MAT-J03YFK,VfB Stuttgart:VfL Wolfsburg,2023/2024,Bundesliga,DFL-CLU-000003,VfL Wolfsburg,guest,4-2-3-1,4-2-3-1,"[4, 2, 3, 1]"
DFL-MAT-J03YFL,Borussia Dortmund:SV Werder Bremen,2023/2024,Bundesliga,DFL-CLU-00000E,SV Werder Bremen,guest,3-3-2-2 Double-10,3-3-2-2,"[3, 3, 2, 2]"
DFL-MAT-J03YFL,Borussia Dortmund:SV Werder Bremen,2023/2024,Bundesliga,DFL-CLU-000007,Borussia Dortmund,home,4-2-3-1,4-2-3-1,"[4, 2, 3, 1]"
DFL-MAT-J03YFM,1. FC Union Berlin:VfB Stuttgart,2023/2024,Bundesliga,DFL-CLU-00000D,VfB Stuttgart,guest,4-2-3-1,4-2-3-1,"[4, 2, 3, 1]"
DFL-MAT-J03YFM,1. FC Union Berlin:VfB Stuttgart,2023/2024,Bundesliga,DFL-CLU-00000V,1. FC Union Berlin,home,3-3-2-2,3-3-2-2,"[3, 3, 2, 2]"
DFL-MAT-J03YFN,Sport-Club Freiburg:VfL Bochum 1848,2023/2024,Bundesliga,DFL-CLU-00000S,VfL Bochum 1848,guest,3-4-3 defensive Midfielder,3-4-3,"[3, 4, 3]"
DFL-MAT-J03YFN,Sport-Club Freiburg:VfL Bochum 1848,2023/2024,Bundesliga,DFL-CLU-00000A,Sport-Club Freiburg,home,3-4-3,3-4-3,"[3, 4, 3]"
DFL-MAT-J03YFO,VfL Wolfsburg:Bayer 04 Leverkusen,2023/2024,Bundesliga,DFL-CLU-00000B,Bayer 04 Leverkusen,guest,3-4-2-1 Double-10,3-4-2-1,"[3, 4, 2, 1]"
DFL-MAT-J03YFO,VfL Wolfsburg:Bayer 04 Leverkusen,2023/2024,Bundesliga,DFL-CLU-000003,VfL Wolfsburg,home,3-3-2-2 Double-10,3-3-2-2,"[3, 3, 2, 2]"
DFL-MAT-J03YFP,1. FSV Mainz 05:FC Bayern München,2023/2024,Bundesliga,DFL-CLU-00000G,FC Bayern München,guest,4-2-3-1,4-2-3-1,"[4, 2, 3, 1]"
DFL-MAT-J03YFP,1. FSV Mainz 05:FC Bayern München,2023/2024,Bundesliga,DFL-CLU-000006,1. FSV Mainz 05,home,3-4-2-1 Double-10,3-4-2-1,"[3, 4, 2, 1]"
DFL-MAT-J03YFQ,1. FC Köln:Borussia Mönchengladbach,2023/2024,Bundesliga,DFL-CLU-000008,1. FC Köln,home,4-2-3-1,4-2-3-1,"[4, 2, 3, 1]"
DFL-MAT-J03YFQ,1. FC Köln:Borussia Mönchengladbach,2023/2024,Bundesliga,DFL-CLU-000004,Borussia Mönchengladbach,guest,3-3-2-2,3-3-2-2,"[3, 3, 2, 2]"
DFL-MAT-J03YFR,TSG Hoffenheim:Eintracht Frankfurt,2023/2024,Bundesliga,DFL-CLU-00000F,Eintracht Frankfurt,guest,3-4-2-1 Double-10,3-4-2-1,"[3, 4, 2, 1]"
DFL-MAT-J03YFR,TSG Hoffenheim:Eintracht Frankfurt,2023/2024,Bundesliga,DFL-CLU-000002,TSG Hoffenheim,home,3-3-2-2,3-3-2-2,"[3, 3, 2, 2]"
DFL-MAT-J03YFS,1. FC Heidenheim 1846:FC Augsburg,2023/2024,Bundesliga,DFL-CLU-000018,1. FC Heidenheim 1846,home,4-1-4-1 offensive Midfielder,4-1-4-1,"[4, 1, 4, 1]"
DFL-MAT-J03YFS,1. FC Heidenheim 1846:FC Augsburg,2023/2024,Bundesliga,DFL-CLU-000010,FC Augsburg,guest,4-4-2 Double-6 offensive Outliner,4-4-2,"[4, 4, 2]"
DFL-MAT-J03YFT,SV Darmstadt 98:RB Leipzig,2023/2024,Bundesliga,DFL-CLU-000017,RB Leipzig,guest,4-4-2 Double-6 offensive Outliner,4-4-2,"[4, 4, 2]"
DFL-MAT-J03YFT,SV Darmstadt 98:RB Leipzig,2023/2024,Bundesliga,DFL-CLU-000016,SV Darmstadt 98,home,3-3-2-2 Double-10,3-3-2-2,"[3, 3, 2, 2]"
DFL-MAT-J03YFU,FC Bayern München:SV Darmstadt 98,2023/2024,Bundesliga,DFL-CLU-00000G,FC Bayern München,home,4-2-3-1,4-2-3-1,"[4, 2, 3, 1]"
DFL-MAT-J03YFU,FC Bayern München:SV Darmstadt 98,2023/2024,Bundesliga,DFL-CLU-000016,SV Darmstadt 98,guest,3-4-1-2 defensive Midfielder,3-4-1-2,"[3, 4, 1, 2]"
DFL-MAT-J03YFV,RB Leipzig:1. FC Köln,2023/2024,Bundesliga,DFL-CLU-000017,RB Leipzig,home,3-4-2-1 Double-10,3-4-2-1,"[3, 4, 2, 1]"
DFL-MAT-J03YFV,RB Leipzig:1. FC Köln,2023/2024,Bundesliga,DFL-CLU-000008,1. FC Köln,guest,4-2-3-1,4-2-3-1,"[4, 2, 3, 1]"
DFL-MAT-J03YFW,Bayer 04 Leverkusen:Sport-Club Freiburg,2023/2024,Bundesliga,DFL-CLU-00000B,Bayer 04 Leverkusen,home,3-4-2-1 Double-10,3-4-2-1,"[3, 4, 2, 1]"
DFL-MAT-J03YFW,Bayer 04 Leverkusen:Sport-Club Freiburg,2023/2024,Bundesliga,DFL-CLU-00000A,Sport-Club Freiburg,guest,4-1-4-1,4-1-4-1,"[4, 1, 4, 1]"
DFL-MAT-J03YFX,Eintracht Frankfurt:Borussia Dortmund,2023/2024,Bundesliga,DFL-CLU-00000F,Eintracht Frankfurt,home,3-4-2-1 Double-10,3-4-2-1,"[3, 4, 2, 1]"
DFL-MAT-J03YFX,Eintracht Frankfurt:Borussia Dortmund,2023/2024,Bundesliga,DFL-CLU-000007,Borussia Dortmund,guest,4-2-3-1,4-2-3-1,"[4, 2, 3, 1]"
DFL-MAT-J03YFY,Borussia Mönchengladbach:1. FC Heidenheim 1846,2023/2024,Bundesliga,DFL-CLU-000018,1. FC Heidenheim 1846,guest,4-2-3-1,4-2-3-1,"[4, 2, 3, 1]"
DFL-MAT-J03YFY,Borussia Mönchengladbach:1. FC Heidenheim 1846,2023/2024,Bundesliga,DFL-CLU-000004,Borussia Mönchengladbach,home,4-2-3-1,4-2-3-1,"[4, 2, 3, 1]"
DFL-MAT-J03YFZ,SV Werder Bremen:1. FC Union Berlin,2023/2024,Bundesliga,DFL-CLU-00000E,SV Werder Bremen,home,3-3-2-2 Double-10,3-3-2-2,"[3, 3, 2, 2]"
DFL-MAT-J03YFZ,SV Werder Bremen:1. FC Union Berlin,2023/2024,Bundesliga,DFL-CLU-00000V,1. FC Union Berlin,guest,3-3-2-2,3-3-2-2,"[3, 3, 2, 2]"
DFL-MAT-J03YG0,VfL Bochum 1848:1. FSV Mainz 05,2023/2024,Bundesliga,DFL-CLU-00000S,VfL Bochum 1848,home,3-4-2-1 Double-10,3-4-2-1,"[3, 4, 2, 1]"
DFL-MAT-J03YG0,VfL Bochum 1848:1. FSV Mainz 05,2023/2024,Bundesliga,DFL-CLU-000006,1. FSV Mainz 05,guest,3-4-2-1 Double-10,3-4-2-1,"[3, 4, 2, 1]"
DFL-MAT-J03YG1,FC Augsburg:VfL Wolfsburg,2023/2024,Bundesliga,DFL-CLU-000003,VfL Wolfsburg,guest,4-2-3-1,4-2-3-1,"[4, 2, 3, 1]"
DFL-MAT-J03YG1,FC Augsburg:VfL Wolfsburg,2023/2024,Bundesliga,DFL-CLU-000010,FC Augsburg,home,4-2-3-1,4-2-3-1,"[4, 2, 3, 1]"
DFL-MAT-J03YG2,VfB Stuttgart:TSG Hoffenheim,2023/2024,Bundesliga,DFL-CLU-00000D,VfB Stuttgart,home,4-2-3-1,4-2-3-1,"[4, 2, 3, 1]"
DFL-MAT-J03YG2,VfB Stuttgart:TSG Hoffenheim,2023/2024,Bundesliga,DFL-CLU-000002,TSG Hoffenheim,guest,3-3-2-2,3-3-2-2,"[3, 3, 2, 2]"
DFL-MAT-J03YG3,Borussia Dortmund:FC Bayern München,2023/2024,Bundesliga,DFL-CLU-00000G,FC Bayern München,guest,4-2-3-1,4-2-3-1,"[4, 2, 3, 1]"
DFL-MAT-J03YG3,Borussia Dortmund:FC Bayern München,2023/2024,Bundesliga,DFL-CLU-000007,Borussia Dortmund,home,4-2-3-1,4-2-3-1,"[4, 2, 3, 1]"
DFL-MAT-J03YG4,1. FC Union Berlin:Eintracht Frankfurt,2023/2024,Bundesliga,DFL-CLU-00000F,Eintracht Frankfurt,guest,3-4-2-1 Double-10,3-4-2-1,"[3, 4, 2, 1]"
DFL-MAT-J03YG4,1. FC Union Berlin:Eintracht Frankfurt,2023/2024,Bundesliga,DFL-CLU-00000V,1. FC Union Berlin,home,3-4-2-1 Double-10,3-4-2-1,"[3, 4, 2, 1]"
DFL-MAT-J03YG5,Sport-Club Freiburg:Borussia Mönchengladbach,2023/2024,Bundesliga,DFL-CLU-000004,Borussia Mönchengladbach,guest,4-2-3-1,4-2-3-1,"[4, 2, 3, 1]"
DFL-MAT-J03YG5,Sport-Club Freiburg:Borussia Mönchengladbach,2023/2024,Bundesliga,DFL-CLU-00000A,Sport-Club Freiburg,home,4-2-3-1,4-2-3-1,"[4, 2, 3, 1]"
DFL-MAT-J03YG6,VfL Wolfsburg:SV Werder Bremen,2023/2024,Bundesliga,DFL-CLU-00000E,SV Werder Bremen,guest,3-3-2-2,3-3-2-2,"[3, 3, 2, 2]"
DFL-MAT-J03YG6,VfL Wolfsburg:SV Werder Bremen,2023/2024,Bundesliga,DFL-CLU-000003,VfL Wolfsburg,home,3-4-2-1 Double-10,3-4-2-1,"[3, 4, 2, 1]"
DFL-MAT-J03YG7,1. FSV Mainz 05:RB Leipzig,2023/2024,Bundesliga,DFL-CLU-000017,RB Leipzig,guest,3-4-2-1 Double-10,3-4-2-1,"[3, 4, 2, 1]"
DFL-MAT-J03YG7,1. FSV Mainz 05:RB Leipzig,2023/2024,Bundesliga,DFL-CLU-000006,1. FSV Mainz 05,home,3-4-3 defensive Midfielder,3-4-3,"[3, 4, 3]"
DFL-MAT-J03YG8,1. FC Köln:FC Augsburg,2023/2024,Bundesliga,DFL-CLU-000008,1. FC Köln,home,4-2-3-1,4-2-3-1,"[4, 2, 3, 1]"
DFL-MAT-J03YG8,1. FC Köln:FC Augsburg,2023/2024,Bundesliga,DFL-CLU-000010,FC Augsburg,guest,4-2-3-1,4-2-3-1,"[4, 2, 3, 1]"
DFL-MAT-J03YG9,TSG Hoffenheim:Bayer 04 Leverkusen,2023/2024,Bundesliga,DFL-CLU-00000B,Bayer 04 Leverkusen,guest,3-4-2-1 Double-10,3-4-2-1,"[3, 4, 2, 1]"
DFL-MAT-J03YG9,TSG Hoffenheim:Bayer 04 Leverkusen,2023/2024,Bundesliga,DFL-CLU-000002,TSG Hoffenheim,home,3-3-2-2,3-3-2-2,"[3, 3, 2, 2]"
DFL-MAT-J03YGA,1. FC Heidenheim 1846:VfB Stuttgart,2023/2024,Bundesliga,DFL-CLU-000018,1. FC Heidenheim 1846,home,4-1-4-1,4-1-4-1,"[4, 1, 4, 1]"
DFL-MAT-J03YGA,1. FC Heidenheim 1846:VfB Stuttgart,2023/2024,Bundesliga,DFL-CLU-00000D,VfB Stuttgart,guest,4-4-2 Double-6 offensive Outliner,4-4-2,"[4, 4, 2]"
DFL-MAT-J03YGB,SV Darmstadt 98:VfL Bochum 1848,2023/2024,Bundesliga,DFL-CLU-00000S,VfL Bochum 1848,guest,4-3-3 with 6,4-3-3,"[4, 3, 3]"
DFL-MAT-J03YGB,SV Darmstadt 98:VfL Bochum 1848,2023/2024,Bundesliga,DFL-CLU-000016,SV Darmstadt 98,home,3-3-2-2,3-3-2-2,"[3, 3, 2, 2]"
DFL-MAT-J03YGC,FC Bayern München:1. FC Heidenheim 1846,2023/2024,Bundesliga,DFL-CLU-000018,1. FC Heidenheim 1846,guest,4-1-4-1,4-1-4-1,"[4, 1, 4, 1]"
DFL-MAT-J03YGC,FC Bayern München:1. FC Heidenheim 1846,2023/2024,Bundesliga,DFL-CLU-00000G,FC Bayern München,home,4-2-3-1,4-2-3-1,"[4, 2, 3, 1]"
DFL-MAT-J03YGD,RB Leipzig:Sport-Club Freiburg,2023/2024,Bundesliga,DFL-CLU-000017,RB Leipzig,home,4-4-2 Double-6 offensive Outliner,4-4-2,"[4, 4, 2]"
DFL-MAT-J03YGD,RB Leipzig:Sport-Club Freiburg,2023/2024,Bundesliga,DFL-CLU-00000A,Sport-Club Freiburg,guest,3-4-2-1 Double-10,3-4-2-1,"[3, 4, 2, 1]"
DFL-MAT-J03YGE,Bayer 04 Leverkusen:1. FC Union Berlin,2023/2024,Bundesliga,DFL-CLU-00000B,Bayer 04 Leverkusen,home,3-4-2-1 Double-10,3-4-2-1,"[3, 4, 2, 1]"
DFL-MAT-J03YGE,Bayer 04 Leverkusen:1. FC Union Berlin,2023/2024,Bundesliga,DFL-CLU-00000V,1. FC Union Berlin,guest,3-4-2-1 Double-10,3-4-2-1,"[3, 4, 2, 1]"
DFL-MAT-J03YGF,Borussia Mönchengladbach:VfL Wolfsburg,2023/2024,Bundesliga,DFL-CLU-000004,Borussia Mönchengladbach,home,3-3-2-2 Double-10,3-3-2-2,"[3, 3, 2, 2]"
DFL-MAT-J03YGF,Borussia Mönchengladbach:VfL Wolfsburg,2023/2024,Bundesliga,DFL-CLU-000003,VfL Wolfsburg,guest,4-4-2 Double-6,4-4-2,"[4, 4, 2]"
DFL-MAT-J03YGG,SV Werder Bremen:Eintracht Frankfurt,2023/2024,Bundesliga,DFL-CLU-00000E,SV Werder Bremen,home,3-3-2-2,3-3-2-2,"[3, 3, 2, 2]"
DFL-MAT-J03YGG,SV Werder Bremen:Eintracht Frankfurt,2023/2024,Bundesliga,DFL-CLU-00000F,Eintracht Frankfurt,guest,3-4-2-1 Double-10,3-4-2-1,"[3, 4, 2, 1]"
DFL-MAT-J03YGH,VfL Bochum 1848:1. FC Köln,2023/2024,Bundesliga,DFL-CLU-000008,1. FC Köln,guest,4-2-3-1,4-2-3-1,"[4, 2, 3, 1]"
DFL-MAT-J03YGH,VfL Bochum 1848:1. FC Köln,2023/2024,Bundesliga,DFL-CLU-00000S,VfL Bochum 1848,home,4-4-2 Double-6 offensive Outliner,4-4-2,"[4, 4, 2]"
DFL-MAT-J03YGI,FC Augsburg:TSG Hoffenheim,2023/2024,Bundesliga,DFL-CLU-000010,FC Augsburg,home,4-2-3-1,4-2-3-1,"[4, 2, 3, 1]"
DFL-MAT-J03YGI,FC Augsburg:TSG Hoffenheim,2023/2024,Bundesliga,DFL-CLU-000002,TSG Hoffenheim,guest,3-1-4-2,3-1-4-2,"[3, 1, 4, 2]"
DFL-MAT-J03YGJ,VfB Stuttgart:Borussia Dortmund,2023/2024,Bundesliga,DFL-CLU-00000D,VfB Stuttgart,home,3-4-2-1 Double-10,3-4-2-1,"[3, 4, 2, 1]"
DFL-MAT-J03YGJ,VfB Stuttgart:Borussia Dortmund,2023/2024,Bundesliga,DFL-CLU-000007,Borussia Dortmund,guest,4-3-3 with 6,4-3-3,"[4, 3, 3]"
DFL-MAT-J03YGK,SV Darmstadt 98:1. FSV Mainz 05,2023/2024,Bundesliga,DFL-CLU-000016,SV Darmstadt 98,home,3-4-1-2 defensive Midfielder,3-4-1-2,"[3, 4, 1, 2]"
DFL-MAT-J03YGK,SV Darmstadt 98:1. FSV Mainz 05,2023/2024,Bundesliga,DFL-CLU-000006,1. FSV Mainz 05,guest,3-4-3 defensive Midfielder,3-4-3,"[3, 4, 3]"
DFL-MAT-J03YGL,Borussia Dortmund:Borussia Mönchengladbach,2023/2024,Bundesliga,DFL-CLU-000004,Borussia Mönchengladbach,guest,3-3-2-2 Double-10,3-3-2-2,"[3, 3, 2, 2]"
DFL-MAT-J03YGL,Borussia Dortmund:Borussia Mönchengladbach,2023/2024,Bundesliga,DFL-CLU-000007,Borussia Dortmund,home,4-2-3-1,4-2-3-1,"[4, 2, 3, 1]"
DFL-MAT-J03YGM,1. FC Union Berlin:FC Augsburg,2023/2024,Bundesliga,DFL-CLU-000010,FC Augsburg,guest,4-2-3-1,4-2-3-1,"[4, 2, 3, 1]"
DFL-MAT-J03YGM,1. FC Union Berlin:FC Augsburg,2023/2024,Bundesliga,DFL-CLU-00000V,1. FC Union Berlin,home,3-4-1-2 defensive Midfielder,3-4-1-2,"[3, 4, 1, 2]"
DFL-MAT-J03YGN,Sport-Club Freiburg:SV Darmstadt 98,2023/2024,Bundesliga,DFL-CLU-00000A,Sport-Club Freiburg,home,3-4-2-1 Double-10,3-4-2-1,"[3, 4, 2, 1]"
DFL-MAT-J03YGN,Sport-Club Freiburg:SV Darmstadt 98,2023/2024,Bundesliga,DFL-CLU-000016,SV Darmstadt 98,guest,3-4-3 defensive Midfielder,3-4-3,"[3, 4, 3]"
DFL-MAT-J03YGO,Eintracht Frankfurt:VfB Stuttgart,2023/2024,Bundesliga,DFL-CLU-00000F,Eintracht Frankfurt,home,4-3-3 with 6,4-3-3,"[4, 3, 3]"
DFL-MAT-J03YGO,Eintracht Frankfurt:VfB Stuttgart,2023/2024,Bundesliga,DFL-CLU-00000D,VfB Stuttgart,guest,3-4-2-1 Double-10,3-4-2-1,"[3, 4, 2, 1]"
DFL-MAT-J03YGP,VfL Wolfsburg:RB Leipzig,2023/2024,Bundesliga,DFL-CLU-000017,RB Leipzig,guest,4-4-2 Double-6 offensive Outliner,4-4-2,"[4, 4, 2]"
DFL-MAT-J03YGP,VfL Wolfsburg:RB Leipzig,2023/2024,Bundesliga,DFL-CLU-000003,VfL Wolfsburg,home,3-4-2-1 Double-10,3-4-2-1,"[3, 4, 2, 1]"
DFL-MAT-J03YGQ,1. FC Köln:FC Bayern München,2023/2024,Bundesliga,DFL-CLU-00000G,FC Bayern München,guest,4-2-3-1,4-2-3-1,"[4, 2, 3, 1]"
DFL-MAT-J03YGQ,1. FC Köln:FC Bayern München,2023/2024,Bundesliga,DFL-CLU-000008,1. FC Köln,home,3-4-1-2,3-4-1-2,"[3, 4, 1, 2]"
DFL-MAT-J03YGR,TSG Hoffenheim:1. FSV Mainz 05,2023/2024,Bundesliga,DFL-CLU-000006,1. FSV Mainz 05,guest,4-2-3-1,4-2-3-1,"[4, 2, 3, 1]"
DFL-MAT-J03YGR,TSG Hoffenheim:1. FSV Mainz 05,2023/2024,Bundesliga,DFL-CLU-000002,TSG Hoffenheim,home,3-1-4-2,3-1-4-2,"[3, 1, 4, 2]"
DFL-MAT-J03YGS,SV Werder Bremen:Bayer 04 Leverkusen,2023/2024,Bundesliga,DFL-CLU-00000E,SV Werder Bremen,home,3-3-2-2,3-3-2-2,"[3, 3, 2, 2]"
DFL-MAT-J03YGS,SV Werder Bremen:Bayer 04 Leverkusen,2023/2024,Bundesliga,DFL-CLU-00000B,Bayer 04 Leverkusen,guest,3-4-2-1 Double-10,3-4-2-1,"[3, 4, 2, 1]"
DFL-MAT-J03YGT,1. FC Heidenheim 1846:VfL Bochum 1848,2023/2024,Bundesliga,DFL-CLU-000018,1. FC Heidenheim 1846,home,4-1-4-1,4-1-4-1,"[4, 1, 4, 1]"
DFL-MAT-J03YGT,1. FC Heidenheim 1846:VfL Bochum 1848,2023/2024,Bundesliga,DFL-CLU-00000S,VfL Bochum 1848,guest,4-4-2 Double-6,4-4-2,"[4, 4, 2]"
DFL-MAT-J03YGU,FC Bayern München:1. FC Union Berlin,2023/2024,Bundesliga,DFL-CLU-00000G,FC Bayern München,home,4-2-3-1,4-2-3-1,"[4, 2, 3, 1]"
DFL-MAT-J03YGU,FC Bayern München:1. FC Union Berlin,2023/2024,Bundesliga,DFL-CLU-00000V,1. FC Union Berlin,guest,3-3-2-2,3-3-2-2,"[3, 3, 2, 2]"
DFL-MAT-J03YGV,RB Leipzig:1. FC Heidenheim 1846,2023/2024,Bundesliga,DFL-CLU-000018,1. FC Heidenheim 1846,guest,3-4-2-1 Double-10,3-4-2-1,"[3, 4, 2, 1]"
DFL-MAT-J03YGV,RB Leipzig:1. FC Heidenheim 1846,2023/2024,Bundesliga,DFL-CLU-000017,RB Leipzig,home,4-4-2 Double-6 offensive Outliner,4-4-2,"[4, 4, 2]"
DFL-MAT-J03YGW,Bayer 04 Leverkusen:Borussia Dortmund,2023/2024,Bundesliga,DFL-CLU-00000B,Bayer 04 Leverkusen,home,3-4-2-1 Double-10,3-4-2-1,"[3, 4, 2, 1]"
DFL-MAT-J03YGW,Bayer 04 Leverkusen:Borussia Dortmund,2023/2024,Bundesliga,DFL-CLU-000007,Borussia Dortmund,guest,4-2-3-1,4-2-3-1,"[4, 2, 3, 1]"
DFL-MAT-J03YGX,1. FSV Mainz 05:Sport-Club Freiburg,2023/2024,Bundesliga,DFL-CLU-00000A,Sport-Club Freiburg,guest,4-4-1-1 offensive Outliner,4-4-1-1,"[4, 4, 1, 1]"
DFL-MAT-J03YGX,1. FSV Mainz 05:Sport-Club Freiburg,2023/2024,Bundesliga,DFL-CLU-000006,1. FSV Mainz 05,home,4-2-3-1,4-2-3-1,"[4, 2, 3, 1]"
DFL-MAT-J03YGY,Borussia Mönchengladbach:TSG Hoffenheim,2023/2024,Bundesliga,DFL-CLU-000004,Borussia Mönchengladbach,home,3-4-1-2,3-4-1-2,"[3, 4, 1, 2]"
DFL-MAT-J03YGY,Borussia Mönchengladbach:TSG Hoffenheim,2023/2024,Bundesliga,DFL-CLU-000002,TSG Hoffenheim,guest,3-1-4-2,3-1-4-2,"[3, 1, 4, 2]"
DFL-MAT-J03YGZ,VfL Bochum 1848:VfL Wolfsburg,2023/2024,Bundesliga,DFL-CLU-00000S,VfL Bochum 1848,home,4-3-3 with 6,4-3-3,"[4, 3, 3]"
DFL-MAT-J03YGZ,VfL Bochum 1848:VfL Wolfsburg,2023/2024,Bundesliga,DFL-CLU-000003,VfL Wolfsburg,guest,3-4-2-1 Double-10,3-4-2-1,"[3, 4, 2, 1]"
DFL-MAT-J03YH0,FC Augsburg:Eintracht Frankfurt,2023/2024,Bundesliga,DFL-CLU-00000F,Eintracht Frankfurt,guest,3-4-2-1 Double-10,3-4-2-1,"[3, 4, 2, 1]"
DFL-MAT-J03YH0,FC Augsburg:Eintracht Frankfurt,2023/2024,Bundesliga,DFL-CLU-000010,FC Augsburg,home,4-2-3-1,4-2-3-1,"[4, 2, 3, 1]"
DFL-MAT-J03YH1,VfB Stuttgart:SV Werder Bremen,2023/2024,Bundesliga,DFL-CLU-00000E,SV Werder Bremen,guest,3-3-2-2,3-3-2-2,"[3, 3, 2, 2]"
DFL-MAT-J03YH1,VfB Stuttgart:SV Werder Bremen,2023/2024,Bundesliga,DFL-CLU-00000D,VfB Stuttgart,home,4-4-2 Double-6 offensive Outliner,4-4-2,"[4, 4, 2]"
DFL-MAT-J03YH2,SV Darmstadt 98:1. FC Köln,2023/2024,Bundesliga,DFL-CLU-000008,1. FC Köln,guest,4-2-3-1,4-2-3-1,"[4, 2, 3, 1]"
DFL-MAT-J03YH2,SV Darmstadt 98:1. FC Köln,2023/2024,Bundesliga,DFL-CLU-000016,SV Darmstadt 98,home,4-3-3 with 6,4-3-3,"[4, 3, 3]"
DFL-MAT-J03YH3,Borussia Dortmund:RB Leipzig,2023/2024,Bundesliga,DFL-CLU-000017,RB Leipzig,guest,3-4-2-1 Double-10,3-4-2-1,"[3, 4, 2, 1]"
DFL-MAT-J03YH3,Borussia Dortmund:RB Leipzig,2023/2024,Bundesliga,DFL-CLU-000007,Borussia Dortmund,home,4-3-3 with 6,4-3-3,"[4, 3, 3]"
DFL-MAT-J03YH4,1. FC Union Berlin:Borussia Mönchengladbach,2023/2024,Bundesliga,DFL-CLU-000004,Borussia Mönchengladbach,guest,3-3-2-2,3-3-2-2,"[3, 3, 2, 2]"
DFL-MAT-J03YH4,1. FC Union Berlin:Borussia Mönchengladbach,2023/2024,Bundesliga,DFL-CLU-00000V,1. FC Union Berlin,home,4-2-3-1,4-2-3-1,"[4, 2, 3, 1]"
DFL-MAT-J03YH5,Eintracht Frankfurt:FC Bayern München,2023/2024,Bundesliga,DFL-CLU-00000G,FC Bayern München,guest,4-2-3-1,4-2-3-1,"[4, 2, 3, 1]"
DFL-MAT-J03YH5,Eintracht Frankfurt:FC Bayern München,2023/2024,Bundesliga,DFL-CLU-00000F,Eintracht Frankfurt,home,4-2-3-1,4-2-3-1,"[4, 2, 3, 1]"
DFL-MAT-J03YH6,VfL Wolfsburg:Sport-Club Freiburg,2023/2024,Bundesliga,DFL-CLU-00000A,Sport-Club Freiburg,guest,4-2-3-1,4-2-3-1,"[4, 2, 3, 1]"
DFL-MAT-J03YH6,VfL Wolfsburg:Sport-Club Freiburg,2023/2024,Bundesliga,DFL-CLU-000003,VfL Wolfsburg,home,3-3-2-2 Double-10,3-3-2-2,"[3, 3, 2, 2]"
DFL-MAT-J03YH7,1. FC Köln:1. FSV Mainz 05,2023/2024,Bundesliga,DFL-CLU-000008,1. FC Köln,home,4-2-3-1,4-2-3-1,"[4, 2, 3, 1]"
DFL-MAT-J03YH7,1. FC Köln:1. FSV Mainz 05,2023/2024,Bundesliga,DFL-CLU-000006,1. FSV Mainz 05,guest,3-4-3 defensive Midfielder,3-4-3,"[3, 4, 3]"
DFL-MAT-J03YH8,TSG Hoffenheim:VfL Bochum 1848,2023/2024,Bundesliga,DFL-CLU-00000S,VfL Bochum 1848,guest,4-3-3 with 6,4-3-3,"[4, 3, 3]"
DFL-MAT-J03YH8,TSG Hoffenheim:VfL Bochum 1848,2023/2024,Bundesliga,DFL-CLU-000002,TSG Hoffenheim,home,4-4-2 Diamond,4-4-2,"[4, 4, 2]"
DFL-MAT-J03YH9,SV Werder Bremen:FC Augsburg,2023/2024,Bundesliga,DFL-CLU-00000E,SV Werder Bremen,home,3-3-2-2,3-3-2-2,"[3, 3, 2, 2]"
DFL-MAT-J03YH9,SV Werder Bremen:FC Augsburg,2023/2024,Bundesliga,DFL-CLU-000010,FC Augsburg,guest,4-2-3-1,4-2-3-1,"[4, 2, 3, 1]"
DFL-MAT-J03YHA,VfB Stuttgart:Bayer 04 Leverkusen,2023/2024,Bundesliga,DFL-CLU-00000D,VfB Stuttgart,home,4-4-2 Double-6 offensive Outliner,4-4-2,"[4, 4, 2]"
DFL-MAT-J03YHA,VfB Stuttgart:Bayer 04 Leverkusen,2023/2024,Bundesliga,DFL-CLU-00000B,Bayer 04 Leverkusen,guest,4-2-3-1,4-2-3-1,"[4, 2, 3, 1]"
DFL-MAT-J03YHB,1. FC Heidenheim 1846:SV Darmstadt 98,2023/2024,Bundesliga,DFL-CLU-000018,1. FC Heidenheim 1846,home,4-5-1 offensive Outliner,4-5-1,"[4, 5, 1]"
DFL-MAT-J03YHB,1. FC Heidenheim 1846:SV Darmstadt 98,2023/2024,Bundesliga,DFL-CLU-000016,SV Darmstadt 98,guest,3-4-1-2 defensive Midfielder,3-4-1-2,"[3, 4, 1, 2]"
DFL-MAT-J03YHC,FC Bayern München:VfB Stuttgart,2023/2024,Bundesliga,DFL-CLU-00000G,FC Bayern München,home,4-2-3-1,4-2-3-1,"[4, 2, 3, 1]"
DFL-MAT-J03YHC,FC Bayern München:VfB Stuttgart,2023/2024,Bundesliga,DFL-CLU-00000D,VfB Stuttgart,guest,4-4-2 Double-6 offensive Outliner,4-4-2,"[4, 4, 2]"
DFL-MAT-J03YHD,RB Leipzig:TSG Hoffenheim,2023/2024,Bundesliga,DFL-CLU-000017,RB Leipzig,home,4-4-2 Double-6 offensive Outliner,4-4-2,"[4, 4, 2]"
DFL-MAT-J03YHD,RB Leipzig:TSG Hoffenheim,2023/2024,Bundesliga,DFL-CLU-000002,TSG Hoffenheim,guest,3-4-2-1 Double-10,3-4-2-1,"[3, 4, 2, 1]"
DFL-MAT-J03YHE,Sport-Club Freiburg:1. FC Köln,2023/2024,Bundesliga,DFL-CLU-000008,1. FC Köln,guest,4-1-3-2,4-1-3-2,"[4, 1, 3, 2]"
DFL-MAT-J03YHE,Sport-Club Freiburg:1. FC Köln,2023/2024,Bundesliga,DFL-CLU-00000A,Sport-Club Freiburg,home,4-2-3-1,4-2-3-1,"[4, 2, 3, 1]"
DFL-MAT-J03YHF,Bayer 04 Leverkusen:Eintracht Frankfurt,2023/2024,Bundesliga,DFL-CLU-00000F,Eintracht Frankfurt,guest,3-4-2-1 defensive Midfielder,3-4-2-1,"[3, 4, 2, 1]"
DFL-MAT-J03YHF,Bayer 04 Leverkusen:Eintracht Frankfurt,2023/2024,Bundesliga,DFL-CLU-00000B,Bayer 04 Leverkusen,home,3-4-2-1 Double-10,3-4-2-1,"[3, 4, 2, 1]"
DFL-MAT-J03YHG,1. FSV Mainz 05:1. FC Heidenheim 1846,2023/2024,Bundesliga,DFL-CLU-000018,1. FC Heidenheim 1846,guest,4-4-2 Double-6,4-4-2,"[4, 4, 2]"
DFL-MAT-J03YHG,1. FSV Mainz 05:1. FC Heidenheim 1846,2023/2024,Bundesliga,DFL-CLU-000006,1. FSV Mainz 05,home,4-4-2 Double-6 offensive Outliner,4-4-2,"[4, 4, 2]"
DFL-MAT-J03YHH,Borussia Mönchengladbach:SV Werder Bremen,2023/2024,Bundesliga,DFL-CLU-00000E,SV Werder Bremen,guest,3-3-2-2,3-3-2-2,"[3, 3, 2, 2]"
DFL-MAT-J03YHH,Borussia Mönchengladbach:SV Werder Bremen,2023/2024,Bundesliga,DFL-CLU-000004,Borussia Mönchengladbach,home,3-3-2-2,3-3-2-2,"[3, 3, 2, 2]"
DFL-MAT-J03YHI,VfL Bochum 1848:1. FC Union Berlin,2023/2024,Bundesliga,DFL-CLU-00000S,VfL Bochum 1848,home,4-3-3 with 6,4-3-3,"[4, 3, 3]"
DFL-MAT-J03YHI,VfL Bochum 1848:1. FC Union Berlin,2023/2024,Bundesliga,DFL-CLU-00000V,1. FC Union Berlin,guest,4-2-3-1,4-2-3-1,"[4, 2, 3, 1]"
DFL-MAT-J03YHJ,FC Augsburg:Borussia Dortmund,2023/2024,Bundesliga,DFL-CLU-000007,Borussia Dortmund,guest,4-3-3 with 6,4-3-3,"[4, 3, 3]"
DFL-MAT-J03YHJ,FC Augsburg:Borussia Dortmund,2023/2024,Bundesliga,DFL-CLU-000010,FC Augsburg,home,4-4-2 Double-6 offensive Outliner,4-4-2,"[4, 4, 2]"
DFL-MAT-J03YHK,SV Darmstadt 98:VfL Wolfsburg,2023/2024,Bundesliga,DFL-CLU-000016,SV Darmstadt 98,home,3-4-1-2 defensive Midfielder,3-4-1-2,"[3, 4, 1, 2]"
DFL-MAT-J03YHK,SV Darmstadt 98:VfL Wolfsburg,2023/2024,Bundesliga,DFL-CLU-000003,VfL Wolfsburg,guest,3-3-2-2 Double-10,3-3-2-2,"[3, 3, 2, 2]"
DFL-MAT-J03YHL,Borussia Dortmund:1. FSV Mainz 05,2023/2024,Bundesliga,DFL-CLU-000007,Borussia Dortmund,home,4-3-3 with 6,4-3-3,"[4, 3, 3]"
DFL-MAT-J03YHL,Borussia Dortmund:1. FSV Mainz 05,2023/2024,Bundesliga,DFL-CLU-000006,1. FSV Mainz 05,guest,3-4-2-1 Double-10,3-4-2-1,"[3, 4, 2, 1]"
DFL-MAT-J03YHM,1. FC Union Berlin:1. FC Köln,2023/2024,Bundesliga,DFL-CLU-000008,1. FC Köln,guest,4-2-3-1,4-2-3-1,"[4, 2, 3, 1]"
DFL-MAT-J03YHM,1. FC Union Berlin:1. FC Köln,2023/2024,Bundesliga,DFL-CLU-00000V,1. FC Union Berlin,home,4-3-3 with 6,4-3-3,"[4, 3, 3]"
DFL-MAT-J03YHN,Bayer 04 Leverkusen:VfL Bochum 1848,2023/2024,Bundesliga,DFL-CLU-00000B,Bayer 04 Leverkusen,home,3-4-2-1 Double-10,3-4-2-1,"[3, 4, 2, 1]"
DFL-MAT-J03YHN,Bayer 04 Leverkusen:VfL Bochum 1848,2023/2024,Bundesliga,DFL-CLU-00000S,VfL Bochum 1848,guest,4-3-3 with 6,4-3-3,"[4, 3, 3]"
DFL-MAT-J03YHO,Eintracht Frankfurt:Borussia Mönchengladbach,2023/2024,Bundesliga,DFL-CLU-00000F,Eintracht Frankfurt,home,4-4-2 Double-6,4-4-2,"[4, 4, 2]"
DFL-MAT-J03YHO,Eintracht Frankfurt:Borussia Mönchengladbach,2023/2024,Bundesliga,DFL-CLU-000004,Borussia Mönchengladbach,guest,4-3-3 with 6,4-3-3,"[4, 3, 3]"
DFL-MAT-J03YHP,VfL Wolfsburg:FC Bayern München,2023/2024,Bundesliga,DFL-CLU-00000G,FC Bayern München,guest,4-2-3-1,4-2-3-1,"[4, 2, 3, 1]"
DFL-MAT-J03YHP,VfL Wolfsburg:FC Bayern München,2023/2024,Bundesliga,DFL-CLU-000003,VfL Wolfsburg,home,3-4-2-1 Double-10,3-4-2-1,"[3, 4, 2, 1]"
DFL-MAT-J03YHQ,TSG Hoffenheim:SV Darmstadt 98,2023/2024,Bundesliga,DFL-CLU-000016,SV Darmstadt 98,guest,3-3-3-1,3-3-3-1,"[3, 3, 3, 1]"
DFL-MAT-J03YHQ,TSG Hoffenheim:SV Darmstadt 98,2023/2024,Bundesliga,DFL-CLU-000002,TSG Hoffenheim,home,3-1-4-2,3-1-4-2,"[3, 1, 4, 2]"
DFL-MAT-J03YHR,SV Werder Bremen:RB Leipzig,2023/2024,Bundesliga,DFL-CLU-000017,RB Leipzig,guest,4-4-2 Double-6 offensive Outliner,4-4-2,"[4, 4, 2]"
DFL-MAT-J03YHR,SV Werder Bremen:RB Leipzig,2023/2024,Bundesliga,DFL-CLU-00000E,SV Werder Bremen,home,3-4-3 defensive Midfielder,3-4-3,"[3, 4, 3]"
DFL-MAT-J03YHS,VfB Stuttgart:FC Augsburg,2023/2024,Bundesliga,DFL-CLU-00000D,VfB Stuttgart,home,4-4-2 Double-6 offensive Outliner,4-4-2,"[4, 4, 2]"
DFL-MAT-J03YHS,VfB Stuttgart:FC Augsburg,2023/2024,Bundesliga,DFL-CLU-000010,FC Augsburg,guest,4-4-2 Double-6 offensive Outliner,4-4-2,"[4, 4, 2]"
DFL-MAT-J03YHT,1. FC Heidenheim 1846:Sport-Club Freiburg,2023/2024,Bundesliga,DFL-CLU-000018,1. FC Heidenheim 1846,home,4-1-3-2,4-1-3-2,"[4, 1, 3, 2]"
DFL-MAT-J03YHT,1. FC Heidenheim 1846:Sport-Club Freiburg,2023/2024,Bundesliga,DFL-CLU-00000A,Sport-Club Freiburg,guest,4-2-3-1,4-2-3-1,"[4, 2, 3, 1]"
DFL-MAT-J03YHU,FC Bayern München:TSG Hoffenheim,2023/2024,Bundesliga,DFL-CLU-00000G,FC Bayern München,home,4-2-3-1,4-2-3-1,"[4, 2, 3, 1]"
DFL-MAT-J03YHU,FC Bayern München:TSG Hoffenheim,2023/2024,Bundesliga,DFL-CLU-000002,TSG Hoffenheim,guest,3-1-4-2,3-1-4-2,"[3, 1, 4, 2]"
DFL-MAT-J03YHV,RB Leipzig:Eintracht Frankfurt,2023/2024,Bundesliga,DFL-CLU-000017,RB Leipzig,home,4-4-2 Double-6 offensive Outliner,4-4-2,"[4, 4, 2]"
DFL-MAT-J03YHV,RB Leipzig:Eintracht Frankfurt,2023/2024,Bundesliga,DFL-CLU-00000F,Eintracht Frankfurt,guest,3-4-2-1 Double-10,3-4-2-1,"[3, 4, 2, 1]"
DFL-MAT-J03YHW,Sport-Club Freiburg:1. FC Union Berlin,2023/2024,Bundesliga,DFL-CLU-00000A,Sport-Club Freiburg,home,4-1-3-2,4-1-3-2,"[4, 1, 3, 2]"
DFL-MAT-J03YHW,Sport-Club Freiburg:1. FC Union Berlin,2023/2024,Bundesliga,DFL-CLU-00000V,1. FC Union Berlin,guest,3-3-2-2,3-3-2-2,"[3, 3, 2, 2]"
DFL-MAT-J03YHX,1. FSV Mainz 05:VfL Wolfsburg,2023/2024,Bundesliga,DFL-CLU-000006,1. FSV Mainz 05,home,3-3-2-2,3-3-2-2,"[3, 3, 2, 2]"
DFL-MAT-J03YHX,1. FSV Mainz 05:VfL Wolfsburg,2023/2024,Bundesliga,DFL-CLU-000003,VfL Wolfsburg,guest,4-2-3-1,4-2-3-1,"[4, 2, 3, 1]"
DFL-MAT-J03YHY,Borussia Mönchengladbach:VfB Stuttgart,2023/2024,Bundesliga,DFL-CLU-00000D,VfB Stuttgart,guest,4-4-2 Double-6 offensive Outliner,4-4-2,"[4, 4, 2]"
DFL-MAT-J03YHY,Borussia Mönchengladbach:VfB Stuttgart,2023/2024,Bundesliga,DFL-CLU-000004,Borussia Mönchengladbach,home,4-3-3 with 6,4-3-3,"[4, 3, 3]"
DFL-MAT-J03YHZ,1. FC Köln:1. FC Heidenheim 1846,2023/2024,Bundesliga,DFL-CLU-000018,1. FC Heidenheim 1846,guest,4-4-2 Double-6 offensive Outliner,4-4-2,"[4, 4, 2]"
DFL-MAT-J03YHZ,1. FC Köln:1. FC Heidenheim 1846,2023/2024,Bundesliga,DFL-CLU-000008,1. FC Köln,home,4-4-2 Double-6 offensive Outliner,4-4-2,"[4, 4, 2]"
DFL-MAT-J03YI0,VfL Bochum 1848:SV Werder Bremen,2023/2024,Bundesliga,DFL-CLU-00000E,SV Werder Bremen,guest,3-3-2-2,3-3-2-2,"[3, 3, 2, 2]"
DFL-MAT-J03YI0,VfL Bochum 1848:SV Werder Bremen,2023/2024,Bundesliga,DFL-CLU-00000S,VfL Bochum 1848,home,4-3-3 Double-6,4-3-3,"[4, 3, 3]"
DFL-MAT-J03YI1,FC Augsburg:Bayer 04 Leverkusen,2023/2024,Bundesliga,DFL-CLU-00000B,Bayer 04 Leverkusen,guest,3-4-2-1 Double-10,3-4-2-1,"[3, 4, 2, 1]"
DFL-MAT-J03YI1,FC Augsburg:Bayer 04 Leverkusen,2023/2024,Bundesliga,DFL-CLU-000010,FC Augsburg,home,4-4-2 Diamond,4-4-2,"[4, 4, 2]"
DFL-MAT-J03YI2,SV Darmstadt 98:Borussia Dortmund,2023/2024,Bundesliga,DFL-CLU-000007,Borussia Dortmund,guest,4-3-3 with 6,4-3-3,"[4, 3, 3]"
DFL-MAT-J03YI2,SV Darmstadt 98:Borussia Dortmund,2023/2024,Bundesliga,DFL-CLU-000016,SV Darmstadt 98,home,3-4-1-2 defensive Midfielder,3-4-1-2,"[3, 4, 1, 2]"
DFL-MAT-J03YI3,FC Bayern München:SV Werder Bremen,2023/2024,Bundesliga,DFL-CLU-00000G,FC Bayern München,home,4-2-3-1,4-2-3-1,"[4, 2, 3, 1]"
DFL-MAT-J03YI3,FC Bayern München:SV Werder Bremen,2023/2024,Bundesliga,DFL-CLU-00000E,SV Werder Bremen,guest,3-3-2-2,3-3-2-2,"[3, 3, 2, 2]"
DFL-MAT-J03YI4,RB Leipzig:Bayer 04 Leverkusen,2023/2024,Bundesliga,DFL-CLU-000017,RB Leipzig,home,4-4-2 Double-6 offensive Outliner,4-4-2,"[4, 4, 2]"
DFL-MAT-J03YI4,RB Leipzig:Bayer 04 Leverkusen,2023/2024,Bundesliga,DFL-CLU-00000B,Bayer 04 Leverkusen,guest,3-4-2-1 Double-10,3-4-2-1,"[3, 4, 2, 1]"
DFL-MAT-J03YI5,Sport-Club Freiburg:TSG Hoffenheim,2023/2024,Bundesliga,DFL-CLU-00000A,Sport-Club Freiburg,home,4-2-3-1,4-2-3-1,"[4, 2, 3, 1]"
DFL-MAT-J03YI5,Sport-Club Freiburg:TSG Hoffenheim,2023/2024,Bundesliga,DFL-CLU-000002,TSG Hoffenheim,guest,3-3-2-2,3-3-2-2,"[3, 3, 2, 2]"
DFL-MAT-J03YI6,1. FSV Mainz 05:1. FC Union Berlin,2023/2024,Bundesliga,DFL-CLU-000006,1. FSV Mainz 05,home,4-3-3 Double-6,4-3-3,"[4, 3, 3]"
DFL-MAT-J03YI6,1. FSV Mainz 05:1. FC Union Berlin,2023/2024,Bundesliga,DFL-CLU-00000V,1. FC Union Berlin,guest,3-3-2-2,3-3-2-2,"[3, 3, 2, 2]"
DFL-MAT-J03YI7,Borussia Mönchengladbach:FC Augsburg,2023/2024,Bundesliga,DFL-CLU-000004,Borussia Mönchengladbach,home,4-4-2 Double-6 offensive Outliner,4-4-2,"[4, 4, 2]"
DFL-MAT-J03YI7,Borussia Mönchengladbach:FC Augsburg,2023/2024,Bundesliga,DFL-CLU-000010,FC Augsburg,guest,4-4-2 Diamond,4-4-2,"[4, 4, 2]"
DFL-MAT-J03YI8,1. FC Köln:Borussia Dortmund,2023/2024,Bundesliga,DFL-CLU-000008,1. FC Köln,home,4-2-3-1,4-2-3-1,"[4, 2, 3, 1]"
DFL-MAT-J03YI8,1. FC Köln:Borussia Dortmund,2023/2024,Bundesliga,DFL-CLU-000007,Borussia Dortmund,guest,4-3-3 with 6,4-3-3,"[4, 3, 3]"
DFL-MAT-J03YI9,VfL Bochum 1848:VfB Stuttgart,2023/2024,Bundesliga,DFL-CLU-00000D,VfB Stuttgart,guest,4-4-2 Double-6 offensive Outliner,4-4-2,"[4, 4, 2]"
DFL-MAT-J03YI9,VfL Bochum 1848:VfB Stuttgart,2023/2024,Bundesliga,DFL-CLU-00000S,VfL Bochum 1848,home,4-4-2 Double-6,4-4-2,"[4, 4, 2]"
DFL-MAT-J03YIA,1. FC Heidenheim 1846:VfL Wolfsburg,2023/2024,Bundesliga,DFL-CLU-000018,1. FC Heidenheim 1846,home,4-5-1 offensive Outliner,4-5-1,"[4, 5, 1]"
DFL-MAT-J03YIA,1. FC Heidenheim 1846:VfL Wolfsburg,2023/2024,Bundesliga,DFL-CLU-000003,VfL Wolfsburg,guest,4-2-3-1,4-2-3-1,"[4, 2, 3, 1]"
DFL-MAT-J03YIB,SV Darmstadt 98:Eintracht Frankfurt,2023/2024,Bundesliga,DFL-CLU-00000F,Eintracht Frankfurt,guest,3-4-2-1 Double-10,3-4-2-1,"[3, 4, 2, 1]"
DFL-MAT-J03YIB,SV Darmstadt 98:Eintracht Frankfurt,2023/2024,Bundesliga,DFL-CLU-000016,SV Darmstadt 98,home,3-3-3-1,3-3-3-1,"[3, 3, 3, 1]"
DFL-MAT-J03YIC,Borussia Dortmund:VfL Bochum 1848,2023/2024,Bundesliga,DFL-CLU-000007,Borussia Dortmund,home,4-4-2 Double-6 offensive Outliner,4-4-2,"[4, 4, 2]"
DFL-MAT-J03YIC,Borussia Dortmund:VfL Bochum 1848,2023/2024,Bundesliga,DFL-CLU-00000S,VfL Bochum 1848,guest,4-2-3-1,4-2-3-1,"[4, 2, 3, 1]"
DFL-MAT-J03YID,1. FC Union Berlin:SV Darmstadt 98,2023/2024,Bundesliga,DFL-CLU-000016,SV Darmstadt 98,guest,4-5-1 offensive Outliner,4-5-1,"[4, 5, 1]"
DFL-MAT-J03YID,1. FC Union Berlin:SV Darmstadt 98,2023/2024,Bundesliga,DFL-CLU-00000V,1. FC Union Berlin,home,3-3-2-2,3-3-2-2,"[3, 3, 2, 2]"
DFL-MAT-J03YIE,Bayer 04 Leverkusen:Borussia Mönchengladbach,2023/2024,Bundesliga,DFL-CLU-00000B,Bayer 04 Leverkusen,home,3-4-2-1 Double-10,3-4-2-1,"[3, 4, 2, 1]"
DFL-MAT-J03YIE,Bayer 04 Leverkusen:Borussia Mönchengladbach,2023/2024,Bundesliga,DFL-CLU-000004,Borussia Mönchengladbach,guest,3-3-2-2,3-3-2-2,"[3, 3, 2, 2]"
DFL-MAT-J03YIF,Eintracht Frankfurt:1. FSV Mainz 05,2023/2024,Bundesliga,DFL-CLU-00000F,Eintracht Frankfurt,home,3-4-2-1 Double-10,3-4-2-1,"[3, 4, 2, 1]"
DFL-MAT-J03YIF,Eintracht Frankfurt:1. FSV Mainz 05,2023/2024,Bundesliga,DFL-CLU-000006,1. FSV Mainz 05,guest,5-4-1,5-4-1,"[5, 4, 1]"
DFL-MAT-J03YIG,VfL Wolfsburg:1. FC Köln,2023/2024,Bundesliga,DFL-CLU-000008,1. FC Köln,guest,4-2-3-1,4-2-3-1,"[4, 2, 3, 1]"
DFL-MAT-J03YIG,VfL Wolfsburg:1. FC Köln,2023/2024,Bundesliga,DFL-CLU-000003,VfL Wolfsburg,home,4-2-3-1,4-2-3-1,"[4, 2, 3, 1]"
DFL-MAT-J03YIH,TSG Hoffenheim:1. FC Heidenheim 1846,2023/2024,Bundesliga,DFL-CLU-000018,1. FC Heidenheim 1846,guest,4-2-3-1,4-2-3-1,"[4, 2, 3, 1]"
DFL-MAT-J03YIH,TSG Hoffenheim:1. FC Heidenheim 1846,2023/2024,Bundesliga,DFL-CLU-000002,TSG Hoffenheim,home,4-4-2 Diamond,4-4-2,"[4, 4, 2]"
DFL-MAT-J03YII,SV Werder Bremen:Sport-Club Freiburg,2023/2024,Bundesliga,DFL-CLU-00000E,SV Werder Bremen,home,3-3-2-2,3-3-2-2,"[3, 3, 2, 2]"
DFL-MAT-J03YII,SV Werder Bremen:Sport-Club Freiburg,2023/2024,Bundesliga,DFL-CLU-00000A,Sport-Club Freiburg,guest,4-2-3-1,4-2-3-1,"[4, 2, 3, 1]"
DFL-MAT-J03YIJ,FC Augsburg:FC Bayern München,2023/2024,Bundesliga,DFL-CLU-00000G,FC Bayern München,guest,4-2-3-1,4-2-3-1,"[4, 2, 3, 1]"
DFL-MAT-J03YIJ,FC Augsburg:FC Bayern München,2023/2024,Bundesliga,DFL-CLU-000010,FC Augsburg,home,4-4-2 Diamond,4-4-2,"[4, 4, 2]"
DFL-MAT-J03YIK,VfB Stuttgart:RB Leipzig,2023/2024,Bundesliga,DFL-CLU-000017,RB Leipzig,guest,4-4-2 Double-6 offensive Outliner,4-4-2,"[4, 4, 2]"
DFL-MAT-J03YIK,VfB Stuttgart:RB Leipzig,2023/2024,Bundesliga,DFL-CLU-00000D,VfB Stuttgart,home,3-4-3 defensive Midfielder,3-4-3,"[3, 4, 3]"
DFL-MAT-J03YIL,FC Bayern München:Borussia Mönchengladbach,2023/2024,Bundesliga,DFL-CLU-00000G,FC Bayern München,home,4-2-3-1,4-2-3-1,"[4, 2, 3, 1]"
DFL-MAT-J03YIL,FC Bayern München:Borussia Mönchengladbach,2023/2024,Bundesliga,DFL-CLU-000004,Borussia Mönchengladbach,guest,4-1-4-1,4-1-4-1,"[4, 1, 4, 1]"
DFL-MAT-J03YIM,RB Leipzig:1. FC Union Berlin,2023/2024,Bundesliga,DFL-CLU-000017,RB Leipzig,home,4-4-2 Double-6 offensive Outliner,4-4-2,"[4, 4, 2]"
DFL-MAT-J03YIM,RB Leipzig:1. FC Union Berlin,2023/2024,Bundesliga,DFL-CLU-00000V,1. FC Union Berlin,guest,3-3-2-2,3-3-2-2,"[3, 3, 2, 2]"
DFL-MAT-J03YIN,Sport-Club Freiburg:VfB Stuttgart,2023/2024,Bundesliga,DFL-CLU-00000D,VfB Stuttgart,guest,3-4-2-1 Double-10,3-4-2-1,"[3, 4, 2, 1]"
DFL-MAT-J03YIN,Sport-Club Freiburg:VfB Stuttgart,2023/2024,Bundesliga,DFL-CLU-00000A,Sport-Club Freiburg,home,4-2-3-1,4-2-3-1,"[4, 2, 3, 1]"
DFL-MAT-J03YIO,VfL Wolfsburg:TSG Hoffenheim,2023/2024,Bundesliga,DFL-CLU-000003,VfL Wolfsburg,home,4-4-2 Double-6 offensive Outliner,4-4-2,"[4, 4, 2]"
DFL-MAT-J03YIO,VfL Wolfsburg:TSG Hoffenheim,2023/2024,Bundesliga,DFL-CLU-000002,TSG Hoffenheim,guest,4-4-2 Diamond,4-4-2,"[4, 4, 2]"
DFL-MAT-J03YIP,1. FSV Mainz 05:SV Werder Bremen,2023/2024,Bundesliga,DFL-CLU-00000E,SV Werder Bremen,guest,3-3-2-2,3-3-2-2,"[3, 3, 2, 2]"
DFL-MAT-J03YIP,1. FSV Mainz 05:SV Werder Bremen,2023/2024,Bundesliga,DFL-CLU-000006,1. FSV Mainz 05,home,4-3-3 Double-6,4-3-3,"[4, 3, 3]"
DFL-MAT-J03YIQ,1. FC Köln:Eintracht Frankfurt,2023/2024,Bundesliga,DFL-CLU-00000F,Eintracht Frankfurt,guest,4-3-3 with 6,4-3-3,"[4, 3, 3]"
DFL-MAT-J03YIQ,1. FC Köln:Eintracht Frankfurt,2023/2024,Bundesliga,DFL-CLU-000008,1. FC Köln,home,4-2-3-1,4-2-3-1,"[4, 2, 3, 1]"
DFL-MAT-J03YIR,VfL Bochum 1848:FC Augsburg,2023/2024,Bundesliga,DFL-CLU-00000S,VfL Bochum 1848,home,4-4-2 Diamond,4-4-2,"[4, 4, 2]"
DFL-MAT-J03YIR,VfL Bochum 1848:FC Augsburg,2023/2024,Bundesliga,DFL-CLU-000010,FC Augsburg,guest,4-4-2 Diamond,4-4-2,"[4, 4, 2]"
DFL-MAT-J03YIS,1. FC Heidenheim 1846:Borussia Dortmund,2023/2024,Bundesliga,DFL-CLU-000018,1. FC Heidenheim 1846,home,4-2-3-1,4-2-3-1,"[4, 2, 3, 1]"
DFL-MAT-J03YIS,1. FC Heidenheim 1846:Borussia Dortmund,2023/2024,Bundesliga,DFL-CLU-000007,Borussia Dortmund,guest,4-4-2 Double-6 offensive Outliner,4-4-2,"[4, 4, 2]"
DFL-MAT-J03YIT,SV Darmstadt 98:Bayer 04 Leverkusen,2023/2024,Bundesliga,DFL-CLU-00000B,Bayer 04 Leverkusen,guest,3-4-2-1 Double-10,3-4-2-1,"[3, 4, 2, 1]"
DFL-MAT-J03YIT,SV Darmstadt 98:Bayer 04 Leverkusen,2023/2024,Bundesliga,DFL-CLU-000016,SV Darmstadt 98,home,4-4-2 Double-6 offensive Outliner,4-4-2,"[4, 4, 2]"
DFL-MAT-J03YIU,Borussia Dortmund:Sport-Club Freiburg,2023/2024,Bundesliga,DFL-CLU-000007,Borussia Dortmund,home,4-2-3-1,4-2-3-1,"[4, 2, 3, 1]"
DFL-MAT-J03YIU,Borussia Dortmund:Sport-Club Freiburg,2023/2024,Bundesliga,DFL-CLU-00000A,Sport-Club Freiburg,guest,4-2-3-1,4-2-3-1,"[4, 2, 3, 1]"
DFL-MAT-J03YIV,1. FC Union Berlin:VfL Wolfsburg,2023/2024,Bundesliga,DFL-CLU-000003,VfL Wolfsburg,guest,4-2-3-1,4-2-3-1,"[4, 2, 3, 1]"
DFL-MAT-J03YIV,1. FC Union Berlin:VfL Wolfsburg,2023/2024,Bundesliga,DFL-CLU-00000V,1. FC Union Berlin,home,3-3-2-2,3-3-2-2,"[3, 3, 2, 2]"
DFL-MAT-J03YIW,Bayer 04 Leverkusen:FC Bayern München,2023/2024,Bundesliga,DFL-CLU-00000G,FC Bayern München,guest,3-4-2-1 Double-10,3-4-2-1,"[3, 4, 2, 1]"
DFL-MAT-J03YIW,Bayer 04 Leverkusen:FC Bayern München,2023/2024,Bundesliga,DFL-CLU-00000B,Bayer 04 Leverkusen,home,3-4-1-2 defensive Midfielder,3-4-1-2,"[3, 4, 1, 2]"
DFL-MAT-J03YIX,Eintracht Frankfurt:VfL Bochum 1848,2023/2024,Bundesliga,DFL-CLU-00000F,Eintracht Frankfurt,home,4-2-3-1,4-2-3-1,"[4, 2, 3, 1]"
DFL-MAT-J03YIX,Eintracht Frankfurt:VfL Bochum 1848,2023/2024,Bundesliga,DFL-CLU-00000S,VfL Bochum 1848,guest,4-2-3-1,4-2-3-1,"[4, 2, 3, 1]"
DFL-MAT-J03YIY,Borussia Mönchengladbach:SV Darmstadt 98,2023/2024,Bundesliga,DFL-CLU-000004,Borussia Mönchengladbach,home,3-3-2-2,3-3-2-2,"[3, 3, 2, 2]"
DFL-MAT-J03YIY,Borussia Mönchengladbach:SV Darmstadt 98,2023/2024,Bundesliga,DFL-CLU-000016,SV Darmstadt 98,guest,3-4-1-2 defensive Midfielder,3-4-1-2,"[3, 4, 1, 2]"
DFL-MAT-J03YIZ,TSG Hoffenheim:1. FC Köln,2023/2024,Bundesliga,DFL-CLU-000008,1. FC Köln,guest,4-2-3-1,4-2-3-1,"[4, 2, 3, 1]"
DFL-MAT-J03YIZ,TSG Hoffenheim:1. FC Köln,2023/2024,Bundesliga,DFL-CLU-000002,TSG Hoffenheim,home,3-4-3 defensive Midfielder,3-4-3,"[3, 4, 3]"
DFL-MAT-J03YJ0,SV Werder Bremen:1. FC Heidenheim 1846,2023/2024,Bundesliga,DFL-CLU-000018,1. FC Heidenheim 1846,guest,4-2-3-1,4-2-3-1,"[4, 2, 3, 1]"
DFL-MAT-J03YJ0,SV Werder Bremen:1. FC Heidenheim 1846,2023/2024,Bundesliga,DFL-CLU-00000E,SV Werder Bremen,home,3-3-2-2,3-3-2-2,"[3, 3, 2, 2]"
DFL-MAT-J03YJ1,FC Augsburg:RB Leipzig,2023/2024,Bundesliga,DFL-CLU-000017,RB Leipzig,guest,4-4-2 Double-6 offensive Outliner,4-4-2,"[4, 4, 2]"
DFL-MAT-J03YJ1,FC Augsburg:RB Leipzig,2023/2024,Bundesliga,DFL-CLU-000010,FC Augsburg,home,4-4-2 Diamond,4-4-2,"[4, 4, 2]"
DFL-MAT-J03YJ2,VfB Stuttgart:1. FSV Mainz 05,2023/2024,Bundesliga,DFL-CLU-00000D,VfB Stuttgart,home,4-2-3-1,4-2-3-1,"[4, 2, 3, 1]"
DFL-MAT-J03YJ2,VfB Stuttgart:1. FSV Mainz 05,2023/2024,Bundesliga,DFL-CLU-000006,1. FSV Mainz 05,guest,3-4-3 defensive Midfielder,3-4-3,"[3, 4, 3]"
DFL-MAT-J03YJ3,RB Leipzig:Borussia Mönchengladbach,2023/2024,Bundesliga,DFL-CLU-000017,RB Leipzig,home,4-4-2 Double-6 offensive Outliner,4-4-2,"[4, 4, 2]"
DFL-MAT-J03YJ3,RB Leipzig:Borussia Mönchengladbach,2023/2024,Bundesliga,DFL-CLU-000004,Borussia Mönchengladbach,guest,3-3-2-2,3-3-2-2,"[3, 3, 2, 2]"
DFL-MAT-J03YJ4,Sport-Club Freiburg:Eintracht Frankfurt,2023/2024,Bundesliga,DFL-CLU-00000F,Eintracht Frankfurt,guest,3-4-2-1 Double-10,3-4-2-1,"[3, 4, 2, 1]"
DFL-MAT-J03YJ4,Sport-Club Freiburg:Eintracht Frankfurt,2023/2024,Bundesliga,DFL-CLU-00000A,Sport-Club Freiburg,home,3-4-2-1 Double-10,3-4-2-1,"[3, 4, 2, 1]"
DFL-MAT-J03YJ5,VfL Wolfsburg:Borussia Dortmund,2023/2024,Bundesliga,DFL-CLU-000007,Borussia Dortmund,guest,4-2-3-1,4-2-3-1,"[4, 2, 3, 1]"
DFL-MAT-J03YJ5,VfL Wolfsburg:Borussia Dortmund,2023/2024,Bundesliga,DFL-CLU-000003,VfL Wolfsburg,home,4-2-3-1,4-2-3-1,"[4, 2, 3, 1]"
DFL-MAT-J03YJ6,1. FSV Mainz 05:FC Augsburg,2023/2024,Bundesliga,DFL-CLU-000006,1. FSV Mainz 05,home,3-4-3 defensive Midfielder,3-4-3,"[3, 4, 3]"
DFL-MAT-J03YJ6,1. FSV Mainz 05:FC Augsburg,2023/2024,Bundesliga,DFL-CLU-000010,FC Augsburg,guest,4-4-2 Diamond,4-4-2,"[4, 4, 2]"
DFL-MAT-J03YJ7,1. FC Köln:SV Werder Bremen,2023/2024,Bundesliga,DFL-CLU-00000E,SV Werder Bremen,guest,3-3-2-2,3-3-2-2,"[3, 3, 2, 2]"
DFL-MAT-J03YJ7,1. FC Köln:SV Werder Bremen,2023/2024,Bundesliga,DFL-CLU-000008,1. FC Köln,home,4-2-3-1,4-2-3-1,"[4, 2, 3, 1]"
DFL-MAT-J03YJ8,TSG Hoffenheim:1. FC Union Berlin,2023/2024,Bundesliga,DFL-CLU-00000V,1. FC Union Berlin,guest,3-3-2-2,3-3-2-2,"[3, 3, 2, 2]"
DFL-MAT-J03YJ8,TSG Hoffenheim:1. FC Union Berlin,2023/2024,Bundesliga,DFL-CLU-000002,TSG Hoffenheim,home,4-4-2 Diamond,4-4-2,"[4, 4, 2]"
DFL-MAT-J03YJ9,VfL Bochum 1848:FC Bayern München,2023/2024,Bundesliga,DFL-CLU-00000G,FC Bayern München,guest,4-2-3-1,4-2-3-1,"[4, 2, 3, 1]"
DFL-MAT-J03YJ9,VfL Bochum 1848:FC Bayern München,2023/2024,Bundesliga,DFL-CLU-00000S,VfL Bochum 1848,home,4-5-1 offensive Outliner,4-5-1,"[4, 5, 1]"
DFL-MAT-J03YJA,1. FC Heidenheim 1846:Bayer 04 Leverkusen,2023/2024,Bundesliga,DFL-CLU-000018,1. FC Heidenheim 1846,home,4-5-1 offensive Outliner,4-5-1,"[4, 5, 1]"
DFL-MAT-J03YJA,1. FC Heidenheim 1846:Bayer 04 Leverkusen,2023/2024,Bundesliga,DFL-CLU-00000B,Bayer 04 Leverkusen,guest,3-4-1-2 defensive Midfielder,3-4-1-2,"[3, 4, 1, 2]"
DFL-MAT-J03YJB,SV Darmstadt 98:VfB Stuttgart,2023/2024,Bundesliga,DFL-CLU-00000D,VfB Stuttgart,guest,4-4-2 Double-6 offensive Outliner,4-4-2,"[4, 4, 2]"
DFL-MAT-J03YJB,SV Darmstadt 98:VfB Stuttgart,2023/2024,Bundesliga,DFL-CLU-000016,SV Darmstadt 98,home,3-3-2-2,3-3-2-2,"[3, 3, 2, 2]"
DFL-MAT-J03YJC,FC Bayern München:RB Leipzig,2023/2024,Bundesliga,DFL-CLU-000017,RB Leipzig,guest,4-4-2 Double-6 offensive Outliner,4-4-2,"[4, 4, 2]"
DFL-MAT-J03YJC,FC Bayern München:RB Leipzig,2023/2024,Bundesliga,DFL-CLU-00000G,FC Bayern München,home,4-2-3-1,4-2-3-1,"[4, 2, 3, 1]"
DFL-MAT-J03YJD,Borussia Dortmund:TSG Hoffenheim,2023/2024,Bundesliga,DFL-CLU-000007,Borussia Dortmund,home,4-2-3-1,4-2-3-1,"[4, 2, 3, 1]"
DFL-MAT-J03YJD,Borussia Dortmund:TSG Hoffenheim,2023/2024,Bundesliga,DFL-CLU-000002,TSG Hoffenheim,guest,3-4-1-2 defensive Midfielder,3-4-1-2,"[3, 4, 1, 2]"
DFL-MAT-J03YJE,1. FC Union Berlin:1. FC Heidenheim 1846,2023/2024,Bundesliga,DFL-CLU-000018,1. FC Heidenheim 1846,guest,4-5-1 offensive Outliner,4-5-1,"[4, 5, 1]"
DFL-MAT-J03YJE,1. FC Union Berlin:1. FC Heidenheim 1846,2023/2024,Bundesliga,DFL-CLU-00000V,1. FC Union Berlin,home,3-3-2-2,3-3-2-2,"[3, 3, 2, 2]"
DFL-MAT-J03YJF,Bayer 04 Leverkusen:1. FSV Mainz 05,2023/2024,Bundesliga,DFL-CLU-00000B,Bayer 04 Leverkusen,home,3-4-2-1 Double-10,3-4-2-1,"[3, 4, 2, 1]"
DFL-MAT-J03YJF,Bayer 04 Leverkusen:1. FSV Mainz 05,2023/2024,Bundesliga,DFL-CLU-000006,1. FSV Mainz 05,guest,3-4-2-1 Double-10,3-4-2-1,"[3, 4, 2, 1]"
DFL-MAT-J03YJG,Eintracht Frankfurt:VfL Wolfsburg,2023/2024,Bundesliga,DFL-CLU-00000F,Eintracht Frankfurt,home,4-4-2 Double-6,4-4-2,"[4, 4, 2]"
DFL-MAT-J03YJG,Eintracht Frankfurt:VfL Wolfsburg,2023/2024,Bundesliga,DFL-CLU-000003,VfL Wolfsburg,guest,4-2-3-1,4-2-3-1,"[4, 2, 3, 1]"
DFL-MAT-J03YJH,Borussia Mönchengladbach:VfL Bochum 1848,2023/2024,Bundesliga,DFL-CLU-000004,Borussia Mönchengladbach,home,4-3-3 with 6,4-3-3,"[4, 3, 3]"
DFL-MAT-J03YJH,Borussia Mönchengladbach:VfL Bochum 1848,2023/2024,Bundesliga,DFL-CLU-00000S,VfL Bochum 1848,guest,4-2-3-1,4-2-3-1,"[4, 2, 3, 1]"
DFL-MAT-J03YJI,SV Werder Bremen:SV Darmstadt 98,2023/2024,Bundesliga,DFL-CLU-00000E,SV Werder Bremen,home,3-3-2-2,3-3-2-2,"[3, 3, 2, 2]"
DFL-MAT-J03YJI,SV Werder Bremen:SV Darmstadt 98,2023/2024,Bundesliga,DFL-CLU-000016,SV Darmstadt 98,guest,4-4-2 Double-6 offensive Outliner,4-4-2,"[4, 4, 2]"
DFL-MAT-J03YJJ,FC Augsburg:Sport-Club Freiburg,2023/2024,Bundesliga,DFL-CLU-00000A,Sport-Club Freiburg,guest,3-4-1-2 defensive Midfielder,3-4-1-2,"[3, 4, 1, 2]"
DFL-MAT-J03YJJ,FC Augsburg:Sport-Club Freiburg,2023/2024,Bundesliga,DFL-CLU-000010,FC Augsburg,home,4-4-2 Diamond,4-4-2,"[4, 4, 2]"
DFL-MAT-J03YJK,VfB Stuttgart:1. FC Köln,2023/2024,Bundesliga,DFL-CLU-00000D,VfB Stuttgart,home,4-2-3-1,4-2-3-1,"[4, 2, 3, 1]"
DFL-MAT-J03YJK,VfB Stuttgart:1. FC Köln,2023/2024,Bundesliga,DFL-CLU-000008,1. FC Köln,guest,4-2-3-1,4-2-3-1,"[4, 2, 3, 1]"
DFL-MAT-J03YJL,1. FC Union Berlin:Borussia Dortmund,2023/2024,Bundesliga,DFL-CLU-000007,Borussia Dortmund,guest,4-2-3-1,4-2-3-1,"[4, 2, 3, 1]"
DFL-MAT-J03YJL,1. FC Union Berlin:Borussia Dortmund,2023/2024,Bundesliga,DFL-CLU-00000V,1. FC Union Berlin,home,3-3-2-2,3-3-2-2,"[3, 3, 2, 2]"
DFL-MAT-J03YJM,Sport-Club Freiburg:FC Bayern München,2023/2024,Bundesliga,DFL-CLU-00000G,FC Bayern München,guest,4-2-3-1,4-2-3-1,"[4, 2, 3, 1]"
DFL-MAT-J03YJM,Sport-Club Freiburg:FC Bayern München,2023/2024,Bundesliga,DFL-CLU-00000A,Sport-Club Freiburg,home,4-4-2 Double-6 offensive Outliner,4-4-2,"[4, 4, 2]"
DFL-MAT-J03YJN,VfL Wolfsburg:VfB Stuttgart,2023/2024,Bundesliga,DFL-CLU-00000D,VfB Stuttgart,guest,3-4-2-1 Double-10,3-4-2-1,"[3, 4, 2, 1]"
DFL-MAT-J03YJN,VfL Wolfsburg:VfB Stuttgart,2023/2024,Bundesliga,DFL-CLU-000003,VfL Wolfsburg,home,4-1-4-1 offensive Midfielder,4-1-4-1,"[4, 1, 4, 1]"
DFL-MAT-J03YJO,1. FSV Mainz 05:Borussia Mönchengladbach,2023/2024,Bundesliga,DFL-CLU-000004,Borussia Mönchengladbach,guest,4-3-3 with 6,4-3-3,"[4, 3, 3]"
DFL-MAT-J03YJO,1. FSV Mainz 05:Borussia Mönchengladbach,2023/2024,Bundesliga,DFL-CLU-000006,1. FSV Mainz 05,home,3-4-2-1 Double-10,3-4-2-1,"[3, 4, 2, 1]"
DFL-MAT-J03YJP,1. FC Köln:Bayer 04 Leverkusen,2023/2024,Bundesliga,DFL-CLU-000008,1. FC Köln,home,4-4-2 Double-6,4-4-2,"[4, 4, 2]"
DFL-MAT-J03YJP,1. FC Köln:Bayer 04 Leverkusen,2023/2024,Bundesliga,DFL-CLU-00000B,Bayer 04 Leverkusen,guest,3-4-2-1 Double-10,3-4-2-1,"[3, 4, 2, 1]"
DFL-MAT-J03YJQ,TSG Hoffenheim:SV Werder Bremen,2023/2024,Bundesliga,DFL-CLU-00000E,SV Werder Bremen,guest,3-3-2-2,3-3-2-2,"[3, 3, 2, 2]"
DFL-MAT-J03YJQ,TSG Hoffenheim:SV Werder Bremen,2023/2024,Bundesliga,DFL-CLU-000002,TSG Hoffenheim,home,3-4-3 defensive Midfielder,3-4-3,"[3, 4, 3]"
DFL-MAT-J03YJR,VfL Bochum 1848:RB Leipzig,2023/2024,Bundesliga,DFL-CLU-000017,RB Leipzig,guest,4-4-2 Double-6 offensive Outliner,4-4-2,"[4, 4, 2]"
DFL-MAT-J03YJR,VfL Bochum 1848:RB Leipzig,2023/2024,Bundesliga,DFL-CLU-00000S,VfL Bochum 1848,home,4-2-3-1,4-2-3-1,"[4, 2, 3, 1]"
DFL-MAT-J03YJS,1. FC Heidenheim 1846:Eintracht Frankfurt,2023/2024,Bundesliga,DFL-CLU-000018,1. FC Heidenheim 1846,home,4-5-1 offensive Outliner,4-5-1,"[4, 5, 1]"
DFL-MAT-J03YJS,1. FC Heidenheim 1846:Eintracht Frankfurt,2023/2024,Bundesliga,DFL-CLU-00000F,Eintracht Frankfurt,guest,4-4-2 Double-6,4-4-2,"[4, 4, 2]"
DFL-MAT-J03YJT,SV Darmstadt 98:FC Augsburg,2023/2024,Bundesliga,DFL-CLU-000016,SV Darmstadt 98,home,3-4-1-2 defensive Midfielder,3-4-1-2,"[3, 4, 1, 2]"
DFL-MAT-J03YJT,SV Darmstadt 98:FC Augsburg,2023/2024,Bundesliga,DFL-CLU-000010,FC Augsburg,guest,4-4-2 Diamond,4-4-2,"[4, 4, 2]"
DFL-MAT-J03YJU,FC Bayern München:1. FSV Mainz 05,2023/2024,Bundesliga,DFL-CLU-00000G,FC Bayern München,home,4-2-3-1,4-2-3-1,"[4, 2, 3, 1]"
DFL-MAT-J03YJU,FC Bayern München:1. FSV Mainz 05,2023/2024,Bundesliga,DFL-CLU-000006,1. FSV Mainz 05,guest,3-4-2-1 Double-10,3-4-2-1,"[3, 4, 2, 1]"
DFL-MAT-J03YJV,RB Leipzig:SV Darmstadt 98,2023/2024,Bundesliga,DFL-CLU-000017,RB Leipzig,home,4-4-2 Double-6 offensive Outliner,4-4-2,"[4, 4, 2]"
DFL-MAT-J03YJV,RB Leipzig:SV Darmstadt 98,2023/2024,Bundesliga,DFL-CLU-000016,SV Darmstadt 98,guest,4-4-2 Double-6,4-4-2,"[4, 4, 2]"
DFL-MAT-J03YJW,Bayer 04 Leverkusen:VfL Wolfsburg,2023/2024,Bundesliga,DFL-CLU-00000B,Bayer 04 Leverkusen,home,3-4-2-1 Double-10,3-4-2-1,"[3, 4, 2, 1]"
DFL-MAT-J03YJW,Bayer 04 Leverkusen:VfL Wolfsburg,2023/2024,Bundesliga,DFL-CLU-000003,VfL Wolfsburg,guest,3-4-2-1 defensive Midfielder,3-4-2-1,"[3, 4, 2, 1]"
DFL-MAT-J03YJX,Eintracht Frankfurt:TSG Hoffenheim,2023/2024,Bundesliga,DFL-CLU-00000F,Eintracht Frankfurt,home,3-4-2-1 Double-10,3-4-2-1,"[3, 4, 2, 1]"
DFL-MAT-J03YJX,Eintracht Frankfurt:TSG Hoffenheim,2023/2024,Bundesliga,DFL-CLU-000002,TSG Hoffenheim,guest,3-4-1-2 defensive Midfielder,3-4-1-2,"[3, 4, 1, 2]"
DFL-MAT-J03YJY,Borussia Mönchengladbach:1. FC Köln,2023/2024,Bundesliga,DFL-CLU-000008,1. FC Köln,guest,4-2-3-1,4-2-3-1,"[4, 2, 3, 1]"
DFL-MAT-J03YJY,Borussia Mönchengladbach:1. FC Köln,2023/2024,Bundesliga,DFL-CLU-000004,Borussia Mönchengladbach,home,4-3-3 with 6,4-3-3,"[4, 3, 3]"
DFL-MAT-J03YJZ,SV Werder Bremen:Borussia Dortmund,2023/2024,Bundesliga,DFL-CLU-00000E,SV Werder Bremen,home,3-3-2-2,3-3-2-2,"[3, 3, 2, 2]"
DFL-MAT-J03YJZ,SV Werder Bremen:Borussia Dortmund,2023/2024,Bundesliga,DFL-CLU-000007,Borussia Dortmund,guest,4-2-3-1,4-2-3-1,"[4, 2, 3, 1]"
DFL-MAT-J03YK0,VfL Bochum 1848:Sport-Club Freiburg,2023/2024,Bundesliga,DFL-CLU-00000S,VfL Bochum 1848,home,4-4-2 Diamond,4-4-2,"[4, 4, 2]"
DFL-MAT-J03YK0,VfL Bochum 1848:Sport-Club Freiburg,2023/2024,Bundesliga,DFL-CLU-00000A,Sport-Club Freiburg,guest,4-4-2 Double-6 offensive Outliner,4-4-2,"[4, 4, 2]"
DFL-MAT-J03YK1,FC Augsburg:1. FC Heidenheim 1846,2023/2024,Bundesliga,DFL-CLU-000018,1. FC Heidenheim 1846,guest,4-1-3-2,4-1-3-2,"[4, 1, 3, 2]"
DFL-MAT-J03YK1,FC Augsburg:1. FC Heidenheim 1846,2023/2024,Bundesliga,DFL-CLU-000010,FC Augsburg,home,4-4-2 Diamond,4-4-2,"[4, 4, 2]"
DFL-MAT-J03YK2,VfB Stuttgart:1. FC Union Berlin,2023/2024,Bundesliga,DFL-CLU-00000D,VfB Stuttgart,home,4-2-3-1,4-2-3-1,"[4, 2, 3, 1]"
DFL-MAT-J03YK2,VfB Stuttgart:1. FC Union Berlin,2023/2024,Bundesliga,DFL-CLU-00000V,1. FC Union Berlin,guest,3-3-2-2,3-3-2-2,"[3, 3, 2, 2]"
DFL-MAT-J03YK3,Borussia Dortmund:Eintracht Frankfurt,2023/2024,Bundesliga,DFL-CLU-00000F,Eintracht Frankfurt,guest,3-4-2-1 Double-10,3-4-2-1,"[3, 4, 2, 1]"
DFL-MAT-J03YK3,Borussia Dortmund:Eintracht Frankfurt,2023/2024,Bundesliga,DFL-CLU-000007,Borussia Dortmund,home,4-3-3 with 6,4-3-3,"[4, 3, 3]"
DFL-MAT-J03YK4,1. FC Union Berlin:SV Werder Bremen,2023/2024,Bundesliga,DFL-CLU-00000E,SV Werder Bremen,guest,3-3-2-2,3-3-2-2,"[3, 3, 2, 2]"
DFL-MAT-J03YK4,1. FC Union Berlin:SV Werder Bremen,2023/2024,Bundesliga,DFL-CLU-00000V,1. FC Union Berlin,home,3-4-1-2 defensive Midfielder,3-4-1-2,"[3, 4, 1, 2]"
DFL-MAT-J03YK5,Sport-Club Freiburg:Bayer 04 Leverkusen,2023/2024,Bundesliga,DFL-CLU-00000B,Bayer 04 Leverkusen,guest,3-4-2-1 Double-10,3-4-2-1,"[3, 4, 2, 1]"
DFL-MAT-J03YK5,Sport-Club Freiburg:Bayer 04 Leverkusen,2023/2024,Bundesliga,DFL-CLU-00000A,Sport-Club Freiburg,home,4-1-4-1 offensive Midfielder,4-1-4-1,"[4, 1, 4, 1]"
DFL-MAT-J03YK6,VfL Wolfsburg:FC Augsburg,2023/2024,Bundesliga,DFL-CLU-000003,VfL Wolfsburg,home,4-2-3-1,4-2-3-1,"[4, 2, 3, 1]"
DFL-MAT-J03YK6,VfL Wolfsburg:FC Augsburg,2023/2024,Bundesliga,DFL-CLU-000010,FC Augsburg,guest,4-4-2 Diamond,4-4-2,"[4, 4, 2]"
DFL-MAT-J03YK7,1. FSV Mainz 05:VfL Bochum 1848,2023/2024,Bundesliga,DFL-CLU-00000S,VfL Bochum 1848,guest,4-4-2 Diamond,4-4-2,"[4, 4, 2]"
DFL-MAT-J03YK7,1. FSV Mainz 05:VfL Bochum 1848,2023/2024,Bundesliga,DFL-CLU-000006,1. FSV Mainz 05,home,3-4-2-1 Double-10,3-4-2-1,"[3, 4, 2, 1]"
DFL-MAT-J03YK8,1. FC Köln:RB Leipzig,2023/2024,Bundesliga,DFL-CLU-000017,RB Leipzig,guest,4-4-2 Double-6 offensive Outliner,4-4-2,"[4, 4, 2]"
DFL-MAT-J03YK8,1. FC Köln:RB Leipzig,2023/2024,Bundesliga,DFL-CLU-000008,1. FC Köln,home,4-2-3-1,4-2-3-1,"[4, 2, 3, 1]"
DFL-MAT-J03YK9,TSG Hoffenheim:VfB Stuttgart,2023/2024,Bundesliga,DFL-CLU-00000D,VfB Stuttgart,guest,4-4-2 Double-6 offensive Outliner,4-4-2,"[4, 4, 2]"
DFL-MAT-J03YK9,TSG Hoffenheim:VfB Stuttgart,2023/2024,Bundesliga,DFL-CLU-000002,TSG Hoffenheim,home,3-4-3 defensive Midfielder,3-4-3,"[3, 4, 3]"
DFL-MAT-J03YKA,1. FC Heidenheim 1846:Borussia Mönchengladbach,2023/2024,Bundesliga,DFL-CLU-000018,1. FC Heidenheim 1846,home,4-2-3-1,4-2-3-1,"[4, 2, 3, 1]"
DFL-MAT-J03YKA,1. FC Heidenheim 1846:Borussia Mönchengladbach,2023/2024,Bundesliga,DFL-CLU-000004,Borussia Mönchengladbach,guest,4-3-3 with 6,4-3-3,"[4, 3, 3]"
DFL-MAT-J03YKB,SV Darmstadt 98:FC Bayern München,2023/2024,Bundesliga,DFL-CLU-00000G,FC Bayern München,guest,4-2-3-1,4-2-3-1,"[4, 2, 3, 1]"
DFL-MAT-J03YKB,SV Darmstadt 98:FC Bayern München,2023/2024,Bundesliga,DFL-CLU-000016,SV Darmstadt 98,home,4-4-2 Double-6,4-4-2,"[4, 4, 2]"
DFL-MAT-J03YKC,FC Bayern München:Borussia Dortmund,2023/2024,Bundesliga,DFL-CLU-00000G,FC Bayern München,home,4-2-3-1,4-2-3-1,"[4, 2, 3, 1]"
DFL-MAT-J03YKC,FC Bayern München:Borussia Dortmund,2023/2024,Bundesliga,DFL-CLU-000007,Borussia Dortmund,guest,4-3-3 with 6,4-3-3,"[4, 3, 3]"
DFL-MAT-J03YKD,RB Leipzig:1. FSV Mainz 05,2023/2024,Bundesliga,DFL-CLU-000017,RB Leipzig,home,4-4-2 Double-6 offensive Outliner,4-4-2,"[4, 4, 2]"
DFL-MAT-J03YKD,RB Leipzig:1. FSV Mainz 05,2023/2024,Bundesliga,DFL-CLU-000006,1. FSV Mainz 05,guest,3-4-2-1 Double-10,3-4-2-1,"[3, 4, 2, 1]"
DFL-MAT-J03YKE,Bayer 04 Leverkusen:TSG Hoffenheim,2023/2024,Bundesliga,DFL-CLU-00000B,Bayer 04 Leverkusen,home,3-4-2-1 Double-10,3-4-2-1,"[3, 4, 2, 1]"
DFL-MAT-J03YKE,Bayer 04 Leverkusen:TSG Hoffenheim,2023/2024,Bundesliga,DFL-CLU-000002,TSG Hoffenheim,guest,3-3-2-2,3-3-2-2,"[3, 3, 2, 2]"
DFL-MAT-J03YKF,Eintracht Frankfurt:1. FC Union Berlin,2023/2024,Bundesliga,DFL-CLU-00000F,Eintracht Frankfurt,home,3-4-2-1 Double-10,3-4-2-1,"[3, 4, 2, 1]"
DFL-MAT-J03YKF,Eintracht Frankfurt:1. FC Union Berlin,2023/2024,Bundesliga,DFL-CLU-00000V,1. FC Union Berlin,guest,3-4-3 defensive Midfielder,3-4-3,"[3, 4, 3]"
DFL-MAT-J03YKG,Borussia Mönchengladbach:Sport-Club Freiburg,2023/2024,Bundesliga,DFL-CLU-000004,Borussia Mönchengladbach,home,4-3-3 with 6,4-3-3,"[4, 3, 3]"
DFL-MAT-J03YKG,Borussia Mönchengladbach:Sport-Club Freiburg,2023/2024,Bundesliga,DFL-CLU-00000A,Sport-Club Freiburg,guest,3-4-2-1 Double-10,3-4-2-1,"[3, 4, 2, 1]"
DFL-MAT-J03YKH,SV Werder Bremen:VfL Wolfsburg,2023/2024,Bundesliga,DFL-CLU-00000E,SV Werder Bremen,home,3-3-2-2,3-3-2-2,"[3, 3, 2, 2]"
DFL-MAT-J03YKH,SV Werder Bremen:VfL Wolfsburg,2023/2024,Bundesliga,DFL-CLU-000003,VfL Wolfsburg,guest,3-4-3 defensive Midfielder,3-4-3,"[3, 4, 3]"
DFL-MAT-J03YKI,VfL Bochum 1848:SV Darmstadt 98,2023/2024,Bundesliga,DFL-CLU-00000S,VfL Bochum 1848,home,4-3-3 Double-6,4-3-3,"[4, 3, 3]"
DFL-MAT-J03YKI,VfL Bochum 1848:SV Darmstadt 98,2023/2024,Bundesliga,DFL-CLU-000016,SV Darmstadt 98,guest,4-1-3-2,4-1-3-2,"[4, 1, 3, 2]"
DFL-MAT-J03YKJ,FC Augsburg:1. FC Köln,2023/2024,Bundesliga,DFL-CLU-000008,1. FC Köln,guest,4-2-3-1,4-2-3-1,"[4, 2, 3, 1]"
DFL-MAT-J03YKJ,FC Augsburg:1. FC Köln,2023/2024,Bundesliga,DFL-CLU-000010,FC Augsburg,home,4-4-2 Diamond,4-4-2,"[4, 4, 2]"
DFL-MAT-J03YKK,VfB Stuttgart:1. FC Heidenheim 1846,2023/2024,Bundesliga,DFL-CLU-000018,1. FC Heidenheim 1846,guest,4-2-3-1,4-2-3-1,"[4, 2, 3, 1]"
DFL-MAT-J03YKK,VfB Stuttgart:1. FC Heidenheim 1846,2023/2024,Bundesliga,DFL-CLU-00000D,VfB Stuttgart,home,4-4-2 Double-6 offensive Outliner,4-4-2,"[4, 4, 2]"
DFL-MAT-J03YKL,Borussia Dortmund:VfB Stuttgart,2023/2024,Bundesliga,DFL-CLU-00000D,VfB Stuttgart,guest,4-4-2 Double-6 offensive Outliner,4-4-2,"[4, 4, 2]"
DFL-MAT-J03YKL,Borussia Dortmund:VfB Stuttgart,2023/2024,Bundesliga,DFL-CLU-000007,Borussia Dortmund,home,4-2-3-1,4-2-3-1,"[4, 2, 3, 1]"
DFL-MAT-J03YKM,1. FC Union Berlin:Bayer 04 Leverkusen,2023/2024,Bundesliga,DFL-CLU-00000B,Bayer 04 Leverkusen,guest,3-4-2-1 Double-10,3-4-2-1,"[3, 4, 2, 1]"
DFL-MAT-J03YKM,1. FC Union Berlin:Bayer 04 Leverkusen,2023/2024,Bundesliga,DFL-CLU-00000V,1. FC Union Berlin,home,3-3-2-2,3-3-2-2,"[3, 3, 2, 2]"
DFL-MAT-J03YKN,Sport-Club Freiburg:RB Leipzig,2023/2024,Bundesliga,DFL-CLU-000017,RB Leipzig,guest,4-4-2 Double-6 offensive Outliner,4-4-2,"[4, 4, 2]"
DFL-MAT-J03YKN,Sport-Club Freiburg:RB Leipzig,2023/2024,Bundesliga,DFL-CLU-00000A,Sport-Club Freiburg,home,3-4-2-1 Double-10,3-4-2-1,"[3, 4, 2, 1]"
DFL-MAT-J03YKO,Eintracht Frankfurt:SV Werder Bremen,2023/2024,Bundesliga,DFL-CLU-00000E,SV Werder Bremen,guest,3-3-2-2,3-3-2-2,"[3, 3, 2, 2]"
DFL-MAT-J03YKO,Eintracht Frankfurt:SV Werder Bremen,2023/2024,Bundesliga,DFL-CLU-00000F,Eintracht Frankfurt,home,3-4-2-1 Double-10,3-4-2-1,"[3, 4, 2, 1]"
DFL-MAT-J03YKP,VfL Wolfsburg:Borussia Mönchengladbach,2023/2024,Bundesliga,DFL-CLU-000004,Borussia Mönchengladbach,guest,3-4-3 defensive Midfielder,3-4-3,"[3, 4, 3]"
DFL-MAT-J03YKP,VfL Wolfsburg:Borussia Mönchengladbach,2023/2024,Bundesliga,DFL-CLU-000003,VfL Wolfsburg,home,4-4-2 Double-6 offensive Outliner,4-4-2,"[4, 4, 2]"
DFL-MAT-J03YKQ,1. FSV Mainz 05:SV Darmstadt 98,2023/2024,Bundesliga,DFL-CLU-000016,SV Darmstadt 98,guest,4-1-4-1,4-1-4-1,"[4, 1, 4, 1]"
DFL-MAT-J03YKQ,1. FSV Mainz 05:SV Darmstadt 98,2023/2024,Bundesliga,DFL-CLU-000006,1. FSV Mainz 05,home,3-4-2-1 Double-10,3-4-2-1,"[3, 4, 2, 1]"
DFL-MAT-J03YKR,1. FC Köln:VfL Bochum 1848,2023/2024,Bundesliga,DFL-CLU-000008,1. FC Köln,home,4-2-3-1,4-2-3-1,"[4, 2, 3, 1]"
DFL-MAT-J03YKR,1. FC Köln:VfL Bochum 1848,2023/2024,Bundesliga,DFL-CLU-00000S,VfL Bochum 1848,guest,4-4-2 Double-6,4-4-2,"[4, 4, 2]"
DFL-MAT-J03YKS,TSG Hoffenheim:FC Augsburg,2023/2024,Bundesliga,DFL-CLU-000010,FC Augsburg,guest,3-1-4-2,3-1-4-2,"[3, 1, 4, 2]"
DFL-MAT-J03YKS,TSG Hoffenheim:FC Augsburg,2023/2024,Bundesliga,DFL-CLU-000002,TSG Hoffenheim,home,3-3-2-2,3-3-2-2,"[3, 3, 2, 2]"
DFL-MAT-J03YKT,1. FC Heidenheim 1846:FC Bayern München,2023/2024,Bundesliga,DFL-CLU-000018,1. FC Heidenheim 1846,home,4-1-4-1,4-1-4-1,"[4, 1, 4, 1]"
DFL-MAT-J03YKT,1. FC Heidenheim 1846:FC Bayern München,2023/2024,Bundesliga,DFL-CLU-00000G,FC Bayern München,guest,4-2-3-1,4-2-3-1,"[4, 2, 3, 1]"
DFL-MAT-J03YKU,FC Bayern München:1. FC Köln,2023/2024,Bundesliga,DFL-CLU-00000G,FC Bayern München,home,4-2-3-1,4-2-3-1,"[4, 2, 3, 1]"
DFL-MAT-J03YKU,FC Bayern München:1. FC Köln,2023/2024,Bundesliga,DFL-CLU-000008,1. FC Köln,guest,4-4-2 Double-6,4-4-2,"[4, 4, 2]"
DFL-MAT-J03YKV,RB Leipzig:VfL Wolfsburg,2023/2024,Bundesliga,DFL-CLU-000017,RB Leipzig,home,4-4-2 Double-6 offensive Outliner,4-4-2,"[4, 4, 2]"
DFL-MAT-J03YKV,RB Leipzig:VfL Wolfsburg,2023/2024,Bundesliga,DFL-CLU-000003,VfL Wolfsburg,guest,3-4-3 defensive Midfielder,3-4-3,"[3, 4, 3]"
DFL-MAT-J03YKW,Bayer 04 Leverkusen:SV Werder Bremen,2023/2024,Bundesliga,DFL-CLU-00000E,SV Werder Bremen,guest,3-3-2-2,3-3-2-2,"[3, 3, 2, 2]"
DFL-MAT-J03YKW,Bayer 04 Leverkusen:SV Werder Bremen,2023/2024,Bundesliga,DFL-CLU-00000B,Bayer 04 Leverkusen,home,3-4-2-1 Double-10,3-4-2-1,"[3, 4, 2, 1]"
DFL-MAT-J03YKX,1. FSV Mainz 05:TSG Hoffenheim,2023/2024,Bundesliga,DFL-CLU-000006,1. FSV Mainz 05,home,3-4-2-1 Double-10,3-4-2-1,"[3, 4, 2, 1]"
DFL-MAT-J03YKX,1. FSV Mainz 05:TSG Hoffenheim,2023/2024,Bundesliga,DFL-CLU-000002,TSG Hoffenheim,guest,3-3-2-2,3-3-2-2,"[3, 3, 2, 2]"
DFL-MAT-J03YKY,Borussia Mönchengladbach:Borussia Dortmund,2023/2024,Bundesliga,DFL-CLU-000004,Borussia Mönchengladbach,home,3-4-3 defensive Midfielder,3-4-3,"[3, 4, 3]"
DFL-MAT-J03YKY,Borussia Mönchengladbach:Borussia Dortmund,2023/2024,Bundesliga,DFL-CLU-000007,Borussia Dortmund,guest,4-5-1 offensive Outliner,4-5-1,"[4, 5, 1]"
DFL-MAT-J03YKZ,VfL Bochum 1848:1. FC Heidenheim 1846,2023/2024,Bundesliga,DFL-CLU-000018,1. FC Heidenheim 1846,guest,4-5-1 offensive Outliner,4-5-1,"[4, 5, 1]"
DFL-MAT-J03YKZ,VfL Bochum 1848:1. FC Heidenheim 1846,2023/2024,Bundesliga,DFL-CLU-00000S,VfL Bochum 1848,home,4-2-3-1,4-2-3-1,"[4, 2, 3, 1]"
DFL-MAT-J03YL0,FC Augsburg:1. FC Union Berlin,2023/2024,Bundesliga,DFL-CLU-000010,FC Augsburg,home,4-4-2 Diamond,4-4-2,"[4, 4, 2]"
DFL-MAT-J03YL0,FC Augsburg:1. FC Union Berlin,2023/2024,Bundesliga,DFL-CLU-00000V,1. FC Union Berlin,guest,3-3-2-2,3-3-2-2,"[3, 3, 2, 2]"
DFL-MAT-J03YL1,VfB Stuttgart:Eintracht Frankfurt,2023/2024,Bundesliga,DFL-CLU-00000F,Eintracht Frankfurt,guest,4-4-2 Double-6,4-4-2,"[4, 4, 2]"
DFL-MAT-J03YL1,VfB Stuttgart:Eintracht Frankfurt,2023/2024,Bundesliga,DFL-CLU-00000D,VfB Stuttgart,home,4-4-2 Double-6 offensive Outliner,4-4-2,"[4, 4, 2]"
DFL-MAT-J03YL2,SV Darmstadt 98:Sport-Club Freiburg,2023/2024,Bundesliga,DFL-CLU-00000A,Sport-Club Freiburg,guest,3-4-2-1 Double-10,3-4-2-1,"[3, 4, 2, 1]"
DFL-MAT-J03YL2,SV Darmstadt 98:Sport-Club Freiburg,2023/2024,Bundesliga,DFL-CLU-000016,SV Darmstadt 98,home,3-4-1-2 defensive Midfielder,3-4-1-2,"[3, 4, 1, 2]"
DFL-MAT-J03YL3,Borussia Dortmund:Bayer 04 Leverkusen,2023/2024,Bundesliga,DFL-CLU-00000B,Bayer 04 Leverkusen,guest,3-4-3 defensive Midfielder,3-4-3,"[3, 4, 3]"
DFL-MAT-J03YL3,Borussia Dortmund:Bayer 04 Leverkusen,2023/2024,Bundesliga,DFL-CLU-000007,Borussia Dortmund,home,4-5-1 offensive Outliner,4-5-1,"[4, 5, 1]"
DFL-MAT-J03YL4,1. FC Union Berlin:FC Bayern München,2023/2024,Bundesliga,DFL-CLU-00000G,FC Bayern München,guest,4-2-3-1,4-2-3-1,"[4, 2, 3, 1]"
DFL-MAT-J03YL4,1. FC Union Berlin:FC Bayern München,2023/2024,Bundesliga,DFL-CLU-00000V,1. FC Union Berlin,home,3-3-2-2,3-3-2-2,"[3, 3, 2, 2]"
DFL-MAT-J03YL5,Sport-Club Freiburg:1. FSV Mainz 05,2023/2024,Bundesliga,DFL-CLU-00000A,Sport-Club Freiburg,home,3-4-2-1 Double-10,3-4-2-1,"[3, 4, 2, 1]"
DFL-MAT-J03YL5,Sport-Club Freiburg:1. FSV Mainz 05,2023/2024,Bundesliga,DFL-CLU-000006,1. FSV Mainz 05,guest,3-4-2-1 Double-10,3-4-2-1,"[3, 4, 2, 1]"
DFL-MAT-J03YL6,Eintracht Frankfurt:FC Augsburg,2023/2024,Bundesliga,DFL-CLU-00000F,Eintracht Frankfurt,home,4-4-2 Double-6 offensive Outliner,4-4-2,"[4, 4, 2]"
DFL-MAT-J03YL6,Eintracht Frankfurt:FC Augsburg,2023/2024,Bundesliga,DFL-CLU-000010,FC Augsburg,guest,4-4-2 Diamond,4-4-2,"[4, 4, 2]"
DFL-MAT-J03YL7,VfL Wolfsburg:VfL Bochum 1848,2023/2024,Bundesliga,DFL-CLU-00000S,VfL Bochum 1848,guest,4-2-3-1,4-2-3-1,"[4, 2, 3, 1]"
DFL-MAT-J03YL7,VfL Wolfsburg:VfL Bochum 1848,2023/2024,Bundesliga,DFL-CLU-000003,VfL Wolfsburg,home,3-4-2-1 Double-10,3-4-2-1,"[3, 4, 2, 1]"
DFL-MAT-J03YL8,1. FC Köln:SV Darmstadt 98,2023/2024,Bundesliga,DFL-CLU-000008,1. FC Köln,home,4-2-3-1,4-2-3-1,"[4, 2, 3, 1]"
DFL-MAT-J03YL8,1. FC Köln:SV Darmstadt 98,2023/2024,Bundesliga,DFL-CLU-000016,SV Darmstadt 98,guest,3-4-3 defensive Midfielder,3-4-3,"[3, 4, 3]"
DFL-MAT-J03YL9,TSG Hoffenheim:Borussia Mönchengladbach,2023/2024,Bundesliga,DFL-CLU-000004,Borussia Mönchengladbach,guest,3-4-3,3-4-3,"[3, 4, 3]"
DFL-MAT-J03YL9,TSG Hoffenheim:Borussia Mönchengladbach,2023/2024,Bundesliga,DFL-CLU-000002,TSG Hoffenheim,home,3-3-2-2,3-3-2-2,"[3, 3, 2, 2]"
DFL-MAT-J03YLA,SV Werder Bremen:VfB Stuttgart,2023/2024,Bundesliga,DFL-CLU-00000E,SV Werder Bremen,home,3-4-3 defensive Midfielder,3-4-3,"[3, 4, 3]"
DFL-MAT-J03YLA,SV Werder Bremen:VfB Stuttgart,2023/2024,Bundesliga,DFL-CLU-00000D,VfB Stuttgart,guest,3-4-2-1 Double-10,3-4-2-1,"[3, 4, 2, 1]"
DFL-MAT-J03YLB,1. FC Heidenheim 1846:RB Leipzig,2023/2024,Bundesliga,DFL-CLU-000018,1. FC Heidenheim 1846,home,4-1-3-2,4-1-3-2,"[4, 1, 3, 2]"
DFL-MAT-J03YLB,1. FC Heidenheim 1846:RB Leipzig,2023/2024,Bundesliga,DFL-CLU-000017,RB Leipzig,guest,4-4-2 Double-6 offensive Outliner,4-4-2,"[4, 4, 2]"
DFL-MAT-J03YLC,FC Bayern München:Eintracht Frankfurt,2023/2024,Bundesliga,DFL-CLU-00000G,FC Bayern München,home,4-2-3-1,4-2-3-1,"[4, 2, 3, 1]"
DFL-MAT-J03YLC,FC Bayern München:Eintracht Frankfurt,2023/2024,Bundesliga,DFL-CLU-00000F,Eintracht Frankfurt,guest,4-4-2 Double-6 offensive Outliner,4-4-2,"[4, 4, 2]"
DFL-MAT-J03YLD,RB Leipzig:Borussia Dortmund,2023/2024,Bundesliga,DFL-CLU-000017,RB Leipzig,home,4-4-2 Double-6 offensive Outliner,4-4-2,"[4, 4, 2]"
DFL-MAT-J03YLD,RB Leipzig:Borussia Dortmund,2023/2024,Bundesliga,DFL-CLU-000007,Borussia Dortmund,guest,4-5-1 offensive Outliner,4-5-1,"[4, 5, 1]"
DFL-MAT-J03YLE,Sport-Club Freiburg:VfL Wolfsburg,2023/2024,Bundesliga,DFL-CLU-00000A,Sport-Club Freiburg,home,3-4-2-1 Double-10,3-4-2-1,"[3, 4, 2, 1]"
DFL-MAT-J03YLE,Sport-Club Freiburg:VfL Wolfsburg,2023/2024,Bundesliga,DFL-CLU-000003,VfL Wolfsburg,guest,3-4-2-1 Double-10,3-4-2-1,"[3, 4, 2, 1]"
DFL-MAT-J03YLF,Bayer 04 Leverkusen:VfB Stuttgart,2023/2024,Bundesliga,DFL-CLU-00000D,VfB Stuttgart,guest,4-4-2 Double-6 offensive Outliner,4-4-2,"[4, 4, 2]"
DFL-MAT-J03YLF,Bayer 04 Leverkusen:VfB Stuttgart,2023/2024,Bundesliga,DFL-CLU-00000B,Bayer 04 Leverkusen,home,3-4-3 defensive Midfielder,3-4-3,"[3, 4, 3]"
DFL-MAT-J03YLG,1. FSV Mainz 05:1. FC Köln,2023/2024,Bundesliga,DFL-CLU-000008,1. FC Köln,guest,4-3-3 Double-6,4-3-3,"[4, 3, 3]"
DFL-MAT-J03YLG,1. FSV Mainz 05:1. FC Köln,2023/2024,Bundesliga,DFL-CLU-000006,1. FSV Mainz 05,home,3-4-2-1 Double-10,3-4-2-1,"[3, 4, 2, 1]"
DFL-MAT-J03YLH,Borussia Mönchengladbach:1. FC Union Berlin,2023/2024,Bundesliga,DFL-CLU-000004,Borussia Mönchengladbach,home,3-4-3,3-4-3,"[3, 4, 3]"
DFL-MAT-J03YLH,Borussia Mönchengladbach:1. FC Union Berlin,2023/2024,Bundesliga,DFL-CLU-00000V,1. FC Union Berlin,guest,3-3-2-2,3-3-2-2,"[3, 3, 2, 2]"
DFL-MAT-J03YLI,VfL Bochum 1848:TSG Hoffenheim,2023/2024,Bundesliga,DFL-CLU-00000S,VfL Bochum 1848,home,4-2-3-1,4-2-3-1,"[4, 2, 3, 1]"
DFL-MAT-J03YLI,VfL Bochum 1848:TSG Hoffenheim,2023/2024,Bundesliga,DFL-CLU-000002,TSG Hoffenheim,guest,3-3-2-2,3-3-2-2,"[3, 3, 2, 2]"
DFL-MAT-J03YLJ,FC Augsburg:SV Werder Bremen,2023/2024,Bundesliga,DFL-CLU-00000E,SV Werder Bremen,guest,3-4-2-1 Double-10,3-4-2-1,"[3, 4, 2, 1]"
DFL-MAT-J03YLJ,FC Augsburg:SV Werder Bremen,2023/2024,Bundesliga,DFL-CLU-000010,FC Augsburg,home,4-4-2 Diamond,4-4-2,"[4, 4, 2]"
DFL-MAT-J03YLK,SV Darmstadt 98:1. FC Heidenheim 1846,2023/2024,Bundesliga,DFL-CLU-000018,1. FC Heidenheim 1846,guest,4-1-3-2,4-1-3-2,"[4, 1, 3, 2]"
DFL-MAT-J03YLK,SV Darmstadt 98:1. FC Heidenheim 1846,2023/2024,Bundesliga,DFL-CLU-000016,SV Darmstadt 98,home,3-4-1-2 defensive Midfielder,3-4-1-2,"[3, 4, 1, 2]"
DFL-MAT-J03YLL,Borussia Dortmund:FC Augsburg,2023/2024,Bundesliga,DFL-CLU-000007,Borussia Dortmund,home,4-3-3 Double-6,4-3-3,"[4, 3, 3]"
DFL-MAT-J03YLL,Borussia Dortmund:FC Augsburg,2023/2024,Bundesliga,DFL-CLU-000010,FC Augsburg,guest,3-4-2-1 defensive Midfielder,3-4-2-1,"[3, 4, 2, 1]"
DFL-MAT-J03YLM,1. FC Union Berlin:VfL Bochum 1848,2023/2024,Bundesliga,DFL-CLU-00000S,VfL Bochum 1848,guest,4-2-3-1,4-2-3-1,"[4, 2, 3, 1]"
DFL-MAT-J03YLM,1. FC Union Berlin:VfL Bochum 1848,2023/2024,Bundesliga,DFL-CLU-00000V,1. FC Union Berlin,home,3-3-2-2,3-3-2-2,"[3, 3, 2, 2]"
DFL-MAT-J03YLN,Eintracht Frankfurt:Bayer 04 Leverkusen,2023/2024,Bundesliga,DFL-CLU-00000F,Eintracht Frankfurt,home,4-4-2 Double-6 offensive Outliner,4-4-2,"[4, 4, 2]"
DFL-MAT-J03YLN,Eintracht Frankfurt:Bayer 04 Leverkusen,2023/2024,Bundesliga,DFL-CLU-00000B,Bayer 04 Leverkusen,guest,3-4-2-1 Double-10,3-4-2-1,"[3, 4, 2, 1]"
DFL-MAT-J03YLO,VfL Wolfsburg:SV Darmstadt 98,2023/2024,Bundesliga,DFL-CLU-000016,SV Darmstadt 98,guest,3-3-2-2,3-3-2-2,"[3, 3, 2, 2]"
DFL-MAT-J03YLO,VfL Wolfsburg:SV Darmstadt 98,2023/2024,Bundesliga,DFL-CLU-000003,VfL Wolfsburg,home,4-2-3-1,4-2-3-1,"[4, 2, 3, 1]"
DFL-MAT-J03YLP,1. FC Köln:Sport-Club Freiburg,2023/2024,Bundesliga,DFL-CLU-000008,1. FC Köln,home,4-2-3-1,4-2-3-1,"[4, 2, 3, 1]"
DFL-MAT-J03YLP,1. FC Köln:Sport-Club Freiburg,2023/2024,Bundesliga,DFL-CLU-00000A,Sport-Club Freiburg,guest,3-3-2-2,3-3-2-2,"[3, 3, 2, 2]"
DFL-MAT-J03YLQ,TSG Hoffenheim:RB Leipzig,2023/2024,Bundesliga,DFL-CLU-000017,RB Leipzig,guest,4-4-2 Double-6 offensive Outliner,4-4-2,"[4, 4, 2]"
DFL-MAT-J03YLQ,TSG Hoffenheim:RB Leipzig,2023/2024,Bundesliga,DFL-CLU-000002,TSG Hoffenheim,home,3-3-2-2,3-3-2-2,"[3, 3, 2, 2]"
DFL-MAT-J03YLR,SV Werder Bremen:Borussia Mönchengladbach,2023/2024,Bundesliga,DFL-CLU-00000E,SV Werder Bremen,home,3-4-2-1 Double-10,3-4-2-1,"[3, 4, 2, 1]"
DFL-MAT-J03YLR,SV Werder Bremen:Borussia Mönchengladbach,2023/2024,Bundesliga,DFL-CLU-000004,Borussia Mönchengladbach,guest,3-3-2-2,3-3-2-2,"[3, 3, 2, 2]"
DFL-MAT-J03YLS,VfB Stuttgart:FC Bayern München,2023/2024,Bundesliga,DFL-CLU-00000G,FC Bayern München,guest,4-2-3-1,4-2-3-1,"[4, 2, 3, 1]"
DFL-MAT-J03YLS,VfB Stuttgart:FC Bayern München,2023/2024,Bundesliga,DFL-CLU-00000D,VfB Stuttgart,home,4-4-2 Double-6 offensive Outliner,4-4-2,"[4, 4, 2]"
DFL-MAT-J03YLT,1. FC Heidenheim 1846:1. FSV Mainz 05,2023/2024,Bundesliga,DFL-CLU-000018,1. FC Heidenheim 1846,home,4-1-3-2,4-1-3-2,"[4, 1, 3, 2]"
DFL-MAT-J03YLT,1. FC Heidenheim 1846:1. FSV Mainz 05,2023/2024,Bundesliga,DFL-CLU-000006,1. FSV Mainz 05,guest,3-4-2-1 Double-10,3-4-2-1,"[3, 4, 2, 1]"
DFL-MAT-J03YLU,FC Bayern München:VfL Wolfsburg,2023/2024,Bundesliga,DFL-CLU-00000G,FC Bayern München,home,4-2-3-1,4-2-3-1,"[4, 2, 3, 1]"
DFL-MAT-J03YLU,FC Bayern München:VfL Wolfsburg,2023/2024,Bundesliga,DFL-CLU-000003,VfL Wolfsburg,guest,4-2-3-1,4-2-3-1,"[4, 2, 3, 1]"
DFL-MAT-J03YLV,RB Leipzig:SV Werder Bremen,2023/2024,Bundesliga,DFL-CLU-000017,RB Leipzig,home,3-4-2-1 Double-10,3-4-2-1,"[3, 4, 2, 1]"
DFL-MAT-J03YLV,RB Leipzig:SV Werder Bremen,2023/2024,Bundesliga,DFL-CLU-00000E,SV Werder Bremen,guest,3-4-2-1 Double-10,3-4-2-1,"[3, 4, 2, 1]"
DFL-MAT-J03YLW,Sport-Club Freiburg:1. FC Heidenheim 1846,2023/2024,Bundesliga,DFL-CLU-000018,1. FC Heidenheim 1846,guest,4-2-3-1,4-2-3-1,"[4, 2, 3, 1]"
DFL-MAT-J03YLW,Sport-Club Freiburg:1. FC Heidenheim 1846,2023/2024,Bundesliga,DFL-CLU-00000A,Sport-Club Freiburg,home,4-4-1-1 offensive Outliner,4-4-1-1,"[4, 4, 1, 1]"
DFL-MAT-J03YLX,1. FSV Mainz 05:Borussia Dortmund,2023/2024,Bundesliga,DFL-CLU-000007,Borussia Dortmund,guest,4-3-3 Double-6,4-3-3,"[4, 3, 3]"
DFL-MAT-J03YLX,1. FSV Mainz 05:Borussia Dortmund,2023/2024,Bundesliga,DFL-CLU-000006,1. FSV Mainz 05,home,3-4-2-1 Double-10,3-4-2-1,"[3, 4, 2, 1]"
DFL-MAT-J03YLY,Borussia Mönchengladbach:Eintracht Frankfurt,2023/2024,Bundesliga,DFL-CLU-00000F,Eintracht Frankfurt,guest,3-4-2-1 Double-10,3-4-2-1,"[3, 4, 2, 1]"
DFL-MAT-J03YLY,Borussia Mönchengladbach:Eintracht Frankfurt,2023/2024,Bundesliga,DFL-CLU-000004,Borussia Mönchengladbach,home,3-3-2-2,3-3-2-2,"[3, 3, 2, 2]"
DFL-MAT-J03YLZ,1. FC Köln:1. FC Union Berlin,2023/2024,Bundesliga,DFL-CLU-000008,1. FC Köln,home,4-2-3-1,4-2-3-1,"[4, 2, 3, 1]"
DFL-MAT-J03YLZ,1. FC Köln:1. FC Union Berlin,2023/2024,Bundesliga,DFL-CLU-00000V,1. FC Union Berlin,guest,3-4-2-1 Double-10,3-4-2-1,"[3, 4, 2, 1]"
DFL-MAT-J03YM0,VfL Bochum 1848:Bayer 04 Leverkusen,2023/2024,Bundesliga,DFL-CLU-00000B,Bayer 04 Leverkusen,guest,3-4-3 defensive Midfielder,3-4-3,"[3, 4, 3]"
DFL-MAT-J03YM0,VfL Bochum 1848:Bayer 04 Leverkusen,2023/2024,Bundesliga,DFL-CLU-00000S,VfL Bochum 1848,home,4-2-3-1,4-2-3-1,"[4, 2, 3, 1]"
DFL-MAT-J03YM1,FC Augsburg:VfB Stuttgart,2023/2024,Bundesliga,DFL-CLU-00000D,VfB Stuttgart,guest,4-2-3-1,4-2-3-1,"[4, 2, 3, 1]"
DFL-MAT-J03YM1,FC Augsburg:VfB Stuttgart,2023/2024,Bundesliga,DFL-CLU-000010,FC Augsburg,home,4-4-2 Diamond,4-4-2,"[4, 4, 2]"
DFL-MAT-J03YM2,SV Darmstadt 98:TSG Hoffenheim,2023/2024,Bundesliga,DFL-CLU-000016,SV Darmstadt 98,home,3-4-3 defensive Midfielder,3-4-3,"[3, 4, 3]"
DFL-MAT-J03YM2,SV Darmstadt 98:TSG Hoffenheim,2023/2024,Bundesliga,DFL-CLU-000002,TSG Hoffenheim,guest,3-4-2-1 defensive Midfielder,3-4-2-1,"[3, 4, 2, 1]"
DFL-MAT-J03YM3,Borussia Dortmund:SV Darmstadt 98,2023/2024,Bundesliga,DFL-CLU-000007,Borussia Dortmund,home,4-2-3-1,4-2-3-1,"[4, 2, 3, 1]"
DFL-MAT-J03YM3,Borussia Dortmund:SV Darmstadt 98,2023/2024,Bundesliga,DFL-CLU-000016,SV Darmstadt 98,guest,3-4-1-2 defensive Midfielder,3-4-1-2,"[3, 4, 1, 2]"
DFL-MAT-J03YM4,1. FC Union Berlin:Sport-Club Freiburg,2023/2024,Bundesliga,DFL-CLU-00000A,Sport-Club Freiburg,guest,4-4-1-1 offensive Outliner,4-4-1-1,"[4, 4, 1, 1]"
DFL-MAT-J03YM4,1. FC Union Berlin:Sport-Club Freiburg,2023/2024,Bundesliga,DFL-CLU-00000V,1. FC Union Berlin,home,3-4-2-1 Double-10,3-4-2-1,"[3, 4, 2, 1]"
DFL-MAT-J03YM5,Bayer 04 Leverkusen:FC Augsburg,2023/2024,Bundesliga,DFL-CLU-00000B,Bayer 04 Leverkusen,home,3-4-2-1 Double-10,3-4-2-1,"[3, 4, 2, 1]"
DFL-MAT-J03YM5,Bayer 04 Leverkusen:FC Augsburg,2023/2024,Bundesliga,DFL-CLU-000010,FC Augsburg,guest,4-4-2 Diamond,4-4-2,"[4, 4, 2]"
DFL-MAT-J03YM6,Eintracht Frankfurt:RB Leipzig,2023/2024,Bundesliga,DFL-CLU-000017,RB Leipzig,guest,4-4-2 Double-6 offensive Outliner,4-4-2,"[4, 4, 2]"
DFL-MAT-J03YM6,Eintracht Frankfurt:RB Leipzig,2023/2024,Bundesliga,DFL-CLU-00000F,Eintracht Frankfurt,home,3-4-2-1 Double-10,3-4-2-1,"[3, 4, 2, 1]"
DFL-MAT-J03YM7,VfL Wolfsburg:1. FSV Mainz 05,2023/2024,Bundesliga,DFL-CLU-000006,1. FSV Mainz 05,guest,3-4-2-1 Double-10,3-4-2-1,"[3, 4, 2, 1]"
DFL-MAT-J03YM7,VfL Wolfsburg:1. FSV Mainz 05,2023/2024,Bundesliga,DFL-CLU-000003,VfL Wolfsburg,home,3-4-3,3-4-3,"[3, 4, 3]"
DFL-MAT-J03YM8,TSG Hoffenheim:FC Bayern München,2023/2024,Bundesliga,DFL-CLU-00000G,FC Bayern München,guest,3-1-4-2,3-1-4-2,"[3, 1, 4, 2]"
DFL-MAT-J03YM8,TSG Hoffenheim:FC Bayern München,2023/2024,Bundesliga,DFL-CLU-000002,TSG Hoffenheim,home,3-4-2-1 Double-10,3-4-2-1,"[3, 4, 2, 1]"
DFL-MAT-J03YM9,SV Werder Bremen:VfL Bochum 1848,2023/2024,Bundesliga,DFL-CLU-00000E,SV Werder Bremen,home,3-4-2-1 Double-10,3-4-2-1,"[3, 4, 2, 1]"
DFL-MAT-J03YM9,SV Werder Bremen:VfL Bochum 1848,2023/2024,Bundesliga,DFL-CLU-00000S,VfL Bochum 1848,guest,4-2-3-1,4-2-3-1,"[4, 2, 3, 1]"
DFL-MAT-J03YMA,VfB Stuttgart:Borussia Mönchengladbach,2023/2024,Bundesliga,DFL-CLU-00000D,VfB Stuttgart,home,3-4-2-1 Double-10,3-4-2-1,"[3, 4, 2, 1]"
DFL-MAT-J03YMA,VfB Stuttgart:Borussia Mönchengladbach,2023/2024,Bundesliga,DFL-CLU-000004,Borussia Mönchengladbach,guest,4-5-1 offensive Outliner,4-5-1,"[4, 5, 1]"
DFL-MAT-J03YMB,1. FC Heidenheim 1846:1. FC Köln,2023/2024,Bundesliga,DFL-CLU-000018,1. FC Heidenheim 1846,home,4-2-3-1,4-2-3-1,"[4, 2, 3, 1]"
DFL-MAT-J03YMB,1. FC Heidenheim 1846:1. FC Köln,2023/2024,Bundesliga,DFL-CLU-000008,1. FC Köln,guest,4-2-3-1,4-2-3-1,"[4, 2, 3, 1]"
DFL-MAT-J03YMC,Hamburger SV:FC Schalke 04,2023/2024,2. Bundesliga,DFL-CLU-00000C,Hamburger SV,home,4-3-3 with 6,4-3-3,"[4, 3, 3]"
DFL-MAT-J03YMC,Hamburger SV:FC Schalke 04,2023/2024,2. Bundesliga,DFL-CLU-000009,FC Schalke 04,guest,4-3-3 with 6,4-3-3,"[4, 3, 3]"
DFL-MAT-J03YMD,Fortuna Düsseldorf:Hertha BSC,2023/2024,2. Bundesliga,DFL-CLU-00000P,Fortuna Düsseldorf,home,4-2-3-1,4-2-3-1,"[4, 2, 3, 1]"
DFL-MAT-J03YMD,Fortuna Düsseldorf:Hertha BSC,2023/2024,2. Bundesliga,DFL-CLU-00000Z,Hertha BSC,guest,4-4-2 Double-6 offensive Outliner,4-4-2,"[4, 4, 2]"
DFL-MAT-J03YME,1. FC Kaiserslautern:FC St. Pauli,2023/2024,2. Bundesliga,DFL-CLU-00000I,1. FC Kaiserslautern,home,3-4-3 defensive Midfielder,3-4-3,"[3, 4, 3]"
DFL-MAT-J03YME,1. FC Kaiserslautern:FC St. Pauli,2023/2024,2. Bundesliga,DFL-CLU-00000H,FC St. Pauli,guest,3-4-3 defensive Midfielder,3-4-3,"[3, 4, 3]"
DFL-MAT-J03YMF,Hannover 96:SV Elversberg,2023/2024,2. Bundesliga,DFL-CLU-000001,Hannover 96,home,3-4-3 defensive Midfielder,3-4-3,"[3, 4, 3]"
DFL-MAT-J03YMF,Hannover 96:SV Elversberg,2023/2024,2. Bundesliga,DFL-CLU-000N6L,SV Elversberg,guest,4-2-3-1,4-2-3-1,"[4, 2, 3, 1]"
DFL-MAT-J03YMG,SpVgg Greuther Fürth:SC Paderborn 07,2023/2024,2. Bundesliga,DFL-CLU-00000W,SpVgg Greuther Fürth,home,3-4-1-2 defensive Midfielder,3-4-1-2,"[3, 4, 1, 2]"
DFL-MAT-J03YMG,SpVgg Greuther Fürth:SC Paderborn 07,2023/2024,2. Bundesliga,DFL-CLU-00000L,SC Paderborn 07,guest,3-4-2-1 Double-10,3-4-2-1,"[3, 4, 2, 1]"
DFL-MAT-J03YMH,F.C. Hansa Rostock:1. FC Nürnberg,2023/2024,2. Bundesliga,DFL-CLU-000005,1. FC Nürnberg,guest,4-3-3 with 6,4-3-3,"[4, 3, 3]"
DFL-MAT-J03YMH,F.C. Hansa Rostock:1. FC Nürnberg,2023/2024,2. Bundesliga,DFL-CLU-00000Q,F.C. Hansa Rostock,home,3-4-2-1 Double-10,3-4-2-1,"[3, 4, 2, 1]"
DFL-MAT-J03YMI,Eintracht Braunschweig:Holstein Kiel,2023/2024,2. Bundesliga,DFL-CLU-00000X,Eintracht Braunschweig,home,3-4-2-1 Double-10,3-4-2-1,"[3, 4, 2, 1]"
DFL-MAT-J03YMI,Eintracht Braunschweig:Holstein Kiel,2023/2024,2. Bundesliga,DFL-CLU-000N5P,Holstein Kiel,guest,3-4-2-1 Double-10,3-4-2-1,"[3, 4, 2, 1]"
DFL-MAT-J03YMJ,VfL Osnabrück:Karlsruher SC,2023/2024,2. Bundesliga,DFL-CLU-00000T,Karlsruher SC,guest,4-4-2 Diamond,4-4-2,"[4, 4, 2]"
DFL-MAT-J03YMJ,VfL Osnabrück:Karlsruher SC,2023/2024,2. Bundesliga,DFL-CLU-000014,VfL Osnabrück,home,4-3-3 with 6,4-3-3,"[4, 3, 3]"
DFL-MAT-J03YMK,SV Wehen Wiesbaden:1. FC Magdeburg,2023/2024,2. Bundesliga,DFL-CLU-000N5D,1. FC Magdeburg,guest,4-3-3 with 6,4-3-3,"[4, 3, 3]"
DFL-MAT-J03YMK,SV Wehen Wiesbaden:1. FC Magdeburg,2023/2024,2. Bundesliga,DFL-CLU-000N5X,SV Wehen Wiesbaden,home,3-4-1-2 defensive Midfielder,3-4-1-2,"[3, 4, 1, 2]"
DFL-MAT-J03YML,FC Schalke 04:1. FC Kaiserslautern,2023/2024,2. Bundesliga,DFL-CLU-00000I,1. FC Kaiserslautern,guest,3-4-1-2 defensive Midfielder,3-4-1-2,"[3, 4, 1, 2]"
DFL-MAT-J03YML,FC Schalke 04:1. FC Kaiserslautern,2023/2024,2. Bundesliga,DFL-CLU-000009,FC Schalke 04,home,4-3-3 with 6,4-3-3,"[4, 3, 3]"
DFL-MAT-J03YMM,Hertha BSC:SV Wehen Wiesbaden,2023/2024,2. Bundesliga,DFL-CLU-00000Z,Hertha BSC,home,4-4-2 Double-6 offensive Outliner,4-4-2,"[4, 4, 2]"
DFL-MAT-J03YMM,Hertha BSC:SV Wehen Wiesbaden,2023/2024,2. Bundesliga,DFL-CLU-000N5X,SV Wehen Wiesbaden,guest,3-4-1-2 defensive Midfielder,3-4-1-2,"[3, 4, 1, 2]"
DFL-MAT-J03YMN,FC St. Pauli:Fortuna Düsseldorf,2023/2024,2. Bundesliga,DFL-CLU-00000P,Fortuna Düsseldorf,guest,4-2-3-1,4-2-3-1,"[4, 2, 3, 1]"
DFL-MAT-J03YMN,FC St. Pauli:Fortuna Düsseldorf,2023/2024,2. Bundesliga,DFL-CLU-00000H,FC St. Pauli,home,3-4-3 defensive Midfielder,3-4-3,"[3, 4, 3]"
DFL-MAT-J03YMO,SC Paderborn 07:VfL Osnabrück,2023/2024,2. Bundesliga,DFL-CLU-000014,VfL Osnabrück,guest,4-3-3 with 6,4-3-3,"[4, 3, 3]"
DFL-MAT-J03YMO,SC Paderborn 07:VfL Osnabrück,2023/2024,2. Bundesliga,DFL-CLU-00000L,SC Paderborn 07,home,3-4-2-1 Double-10,3-4-2-1,"[3, 4, 2, 1]"
DFL-MAT-J03YMP,Karlsruher SC:Hamburger SV,2023/2024,2. Bundesliga,DFL-CLU-00000C,Hamburger SV,guest,4-3-3 with 6,4-3-3,"[4, 3, 3]"
DFL-MAT-J03YMP,Karlsruher SC:Hamburger SV,2023/2024,2. Bundesliga,DFL-CLU-00000T,Karlsruher SC,home,4-4-2 Diamond,4-4-2,"[4, 4, 2]"
DFL-MAT-J03YMQ,Holstein Kiel:SpVgg Greuther Fürth,2023/2024,2. Bundesliga,DFL-CLU-000N5P,Holstein Kiel,home,3-4-1-2 defensive Midfielder,3-4-1-2,"[3, 4, 1, 2]"
DFL-MAT-J03YMQ,Holstein Kiel:SpVgg Greuther Fürth,2023/2024,2. Bundesliga,DFL-CLU-00000W,SpVgg Greuther Fürth,guest,3-4-1-2 defensive Midfielder,3-4-1-2,"[3, 4, 1, 2]"
DFL-MAT-J03YMR,1. FC Magdeburg:Eintracht Braunschweig,2023/2024,2. Bundesliga,DFL-CLU-00000X,Eintracht Braunschweig,guest,3-4-3 defensive Midfielder,3-4-3,"[3, 4, 3]"
DFL-MAT-J03YMR,1. FC Magdeburg:Eintracht Braunschweig,2023/2024,2. Bundesliga,DFL-CLU-000N5D,1. FC Magdeburg,home,3-4-3 Diamond,3-4-3,"[3, 4, 3]"
DFL-MAT-J03YMS,1. FC Nürnberg:Hannover 96,2023/2024,2. Bundesliga,DFL-CLU-000005,1. FC Nürnberg,home,4-3-3 with 6,4-3-3,"[4, 3, 3]"
DFL-MAT-J03YMS,1. FC Nürnberg:Hannover 96,2023/2024,2. Bundesliga,DFL-CLU-000001,Hannover 96,guest,3-4-3 defensive Midfielder,3-4-3,"[3, 4, 3]"
DFL-MAT-J03YMT,SV Elversberg:F.C. Hansa Rostock,2023/2024,2. Bundesliga,DFL-CLU-00000Q,F.C. Hansa Rostock,guest,3-3-2-2,3-3-2-2,"[3, 3, 2, 2]"
DFL-MAT-J03YMT,SV Elversberg:F.C. Hansa Rostock,2023/2024,2. Bundesliga,DFL-CLU-000N6L,SV Elversberg,home,4-2-3-1,4-2-3-1,"[4, 2, 3, 1]"
DFL-MAT-J03YMU,Hamburger SV:Hertha BSC,2023/2024,2. Bundesliga,DFL-CLU-00000C,Hamburger SV,home,4-3-3 with 6,4-3-3,"[4, 3, 3]"
DFL-MAT-J03YMU,Hamburger SV:Hertha BSC,2023/2024,2. Bundesliga,DFL-CLU-00000Z,Hertha BSC,guest,4-3-3 with 6,4-3-3,"[4, 3, 3]"
DFL-MAT-J03YMV,Fortuna Düsseldorf:SC Paderborn 07,2023/2024,2. Bundesliga,DFL-CLU-00000P,Fortuna Düsseldorf,home,4-2-3-1,4-2-3-1,"[4, 2, 3, 1]"
DFL-MAT-J03YMV,Fortuna Düsseldorf:SC Paderborn 07,2023/2024,2. Bundesliga,DFL-CLU-00000L,SC Paderborn 07,guest,4-4-2 Double-6 offensive Outliner,4-4-2,"[4, 4, 2]"
DFL-MAT-J03YMW,Holstein Kiel:1. FC Magdeburg,2023/2024,2. Bundesliga,DFL-CLU-000N5P,Holstein Kiel,home,3-4-1-2 defensive Midfielder,3-4-1-2,"[3, 4, 1, 2]"
DFL-MAT-J03YMW,Holstein Kiel:1. FC Magdeburg,2023/2024,2. Bundesliga,DFL-CLU-000N5D,1. FC Magdeburg,guest,3-4-3 defensive Midfielder,3-4-3,"[3, 4, 3]"
DFL-MAT-J03YMX,1. FC Kaiserslautern:SV Elversberg,2023/2024,2. Bundesliga,DFL-CLU-00000I,1. FC Kaiserslautern,home,4-2-3-1,4-2-3-1,"[4, 2, 3, 1]"
DFL-MAT-J03YMX,1. FC Kaiserslautern:SV Elversberg,2023/2024,2. Bundesliga,DFL-CLU-000N6L,SV Elversberg,guest,4-2-3-1,4-2-3-1,"[4, 2, 3, 1]"
DFL-MAT-J03YMY,SpVgg Greuther Fürth:FC St. Pauli,2023/2024,2. Bundesliga,DFL-CLU-00000H,FC St. Pauli,guest,3-4-3 defensive Midfielder,3-4-3,"[3, 4, 3]"
DFL-MAT-J03YMY,SpVgg Greuther Fürth:FC St. Pauli,2023/2024,2. Bundesliga,DFL-CLU-00000W,SpVgg Greuther Fürth,home,3-4-1-2 defensive Midfielder,3-4-1-2,"[3, 4, 1, 2]"
DFL-MAT-J03YMZ,F.C. Hansa Rostock:Hannover 96,2023/2024,2. Bundesliga,DFL-CLU-00000Q,F.C. Hansa Rostock,home,3-4-1-2 defensive Midfielder,3-4-1-2,"[3, 4, 1, 2]"
DFL-MAT-J03YMZ,F.C. Hansa Rostock:Hannover 96,2023/2024,2. Bundesliga,DFL-CLU-000001,Hannover 96,guest,3-4-3 defensive Midfielder,3-4-3,"[3, 4, 3]"
DFL-MAT-J03YN0,Eintracht Braunschweig:FC Schalke 04,2023/2024,2. Bundesliga,DFL-CLU-000009,FC Schalke 04,guest,4-3-3 with 6,4-3-3,"[4, 3, 3]"
DFL-MAT-J03YN0,Eintracht Braunschweig:FC Schalke 04,2023/2024,2. Bundesliga,DFL-CLU-00000X,Eintracht Braunschweig,home,3-4-1-2 defensive Midfielder,3-4-1-2,"[3, 4, 1, 2]"
DFL-MAT-J03YN1,VfL Osnabrück:1. FC Nürnberg,2023/2024,2. Bundesliga,DFL-CLU-000005,1. FC Nürnberg,guest,4-3-3 with 6,4-3-3,"[4, 3, 3]"
DFL-MAT-J03YN1,VfL Osnabrück:1. FC Nürnberg,2023/2024,2. Bundesliga,DFL-CLU-000014,VfL Osnabrück,home,4-3-3 with 6,4-3-3,"[4, 3, 3]"
DFL-MAT-J03YN2,SV Wehen Wiesbaden:Karlsruher SC,2023/2024,2. Bundesliga,DFL-CLU-00000T,Karlsruher SC,guest,4-2-3-1,4-2-3-1,"[4, 2, 3, 1]"
DFL-MAT-J03YN2,SV Wehen Wiesbaden:Karlsruher SC,2023/2024,2. Bundesliga,DFL-CLU-000N5X,SV Wehen Wiesbaden,home,3-4-2-1 Double-10,3-4-2-1,"[3, 4, 2, 1]"
DFL-MAT-J03YN3,FC Schalke 04:Holstein Kiel,2023/2024,2. Bundesliga,DFL-CLU-000009,FC Schalke 04,home,4-3-3 with 6,4-3-3,"[4, 3, 3]"
DFL-MAT-J03YN3,FC Schalke 04:Holstein Kiel,2023/2024,2. Bundesliga,DFL-CLU-000N5P,Holstein Kiel,guest,3-3-2-2,3-3-2-2,"[3, 3, 2, 2]"
DFL-MAT-J03YN4,Hertha BSC:SpVgg Greuther Fürth,2023/2024,2. Bundesliga,DFL-CLU-00000Z,Hertha BSC,home,4-3-3 with 6,4-3-3,"[4, 3, 3]"
DFL-MAT-J03YN4,Hertha BSC:SpVgg Greuther Fürth,2023/2024,2. Bundesliga,DFL-CLU-00000W,SpVgg Greuther Fürth,guest,3-4-1-2 defensive Midfielder,3-4-1-2,"[3, 4, 1, 2]"
DFL-MAT-J03YN5,FC St. Pauli:1. FC Magdeburg,2023/2024,2. Bundesliga,DFL-CLU-00000H,FC St. Pauli,home,3-4-3 defensive Midfielder,3-4-3,"[3, 4, 3]"
DFL-MAT-J03YN5,FC St. Pauli:1. FC Magdeburg,2023/2024,2. Bundesliga,DFL-CLU-000N5D,1. FC Magdeburg,guest,3-4-3 defensive Midfielder,3-4-3,"[3, 4, 3]"
DFL-MAT-J03YN6,SC Paderborn 07:1. FC Kaiserslautern,2023/2024,2. Bundesliga,DFL-CLU-00000I,1. FC Kaiserslautern,guest,3-4-2-1 Double-10,3-4-2-1,"[3, 4, 2, 1]"
DFL-MAT-J03YN6,SC Paderborn 07:1. FC Kaiserslautern,2023/2024,2. Bundesliga,DFL-CLU-00000L,SC Paderborn 07,home,4-2-3-1,4-2-3-1,"[4, 2, 3, 1]"
DFL-MAT-J03YN7,Karlsruher SC:Eintracht Braunschweig,2023/2024,2. Bundesliga,DFL-CLU-00000T,Karlsruher SC,home,4-1-3-2,4-1-3-2,"[4, 1, 3, 2]"
DFL-MAT-J03YN7,Karlsruher SC:Eintracht Braunschweig,2023/2024,2. Bundesliga,DFL-CLU-00000X,Eintracht Braunschweig,guest,3-4-1-2 defensive Midfielder,3-4-1-2,"[3, 4, 1, 2]"
DFL-MAT-J03YN8,Hannover 96:Hamburger SV,2023/2024,2. Bundesliga,DFL-CLU-00000C,Hamburger SV,guest,4-4-2 Double-6 offensive Outliner,4-4-2,"[4, 4, 2]"
DFL-MAT-J03YN8,Hannover 96:Hamburger SV,2023/2024,2. Bundesliga,DFL-CLU-000001,Hannover 96,home,3-4-3 defensive Midfielder,3-4-3,"[3, 4, 3]"
DFL-MAT-J03YN9,F.C. Hansa Rostock:VfL Osnabrück,2023/2024,2. Bundesliga,DFL-CLU-00000Q,F.C. Hansa Rostock,home,3-4-1-2 defensive Midfielder,3-4-1-2,"[3, 4, 1, 2]"
DFL-MAT-J03YN9,F.C. Hansa Rostock:VfL Osnabrück,2023/2024,2. Bundesliga,DFL-CLU-000014,VfL Osnabrück,guest,4-3-3 with 6,4-3-3,"[4, 3, 3]"
DFL-MAT-J03YNA,1. FC Nürnberg:SV Wehen Wiesbaden,2023/2024,2. Bundesliga,DFL-CLU-000005,1. FC Nürnberg,home,4-3-3 with 6,4-3-3,"[4, 3, 3]"
DFL-MAT-J03YNA,1. FC Nürnberg:SV Wehen Wiesbaden,2023/2024,2. Bundesliga,DFL-CLU-000N5X,SV Wehen Wiesbaden,guest,3-4-2-1 Double-10,3-4-2-1,"[3, 4, 2, 1]"
DFL-MAT-J03YNB,SV Elversberg:Fortuna Düsseldorf,2023/2024,2. Bundesliga,DFL-CLU-00000P,Fortuna Düsseldorf,guest,4-5-1 offensive Outliner,4-5-1,"[4, 5, 1]"
DFL-MAT-J03YNB,SV Elversberg:Fortuna Düsseldorf,2023/2024,2. Bundesliga,DFL-CLU-000N6L,SV Elversberg,home,4-2-3-1,4-2-3-1,"[4, 2, 3, 1]"
DFL-MAT-J03YNC,Hamburger SV:F.C. Hansa Rostock,2023/2024,2. Bundesliga,DFL-CLU-00000C,Hamburger SV,home,4-3-3 with 6,4-3-3,"[4, 3, 3]"
DFL-MAT-J03YNC,Hamburger SV:F.C. Hansa Rostock,2023/2024,2. Bundesliga,DFL-CLU-00000Q,F.C. Hansa Rostock,guest,3-3-2-2,3-3-2-2,"[3, 3, 2, 2]"
DFL-MAT-J03YND,Fortuna Düsseldorf:Karlsruher SC,2023/2024,2. Bundesliga,DFL-CLU-00000T,Karlsruher SC,guest,4-1-3-2,4-1-3-2,"[4, 1, 3, 2]"
DFL-MAT-J03YND,Fortuna Düsseldorf:Karlsruher SC,2023/2024,2. Bundesliga,DFL-CLU-00000P,Fortuna Düsseldorf,home,4-5-1 offensive Outliner,4-5-1,"[4, 5, 1]"
DFL-MAT-J03YNE,Holstein Kiel:SC Paderborn 07,2023/2024,2. Bundesliga,DFL-CLU-000N5P,Holstein Kiel,home,3-3-2-2,3-3-2-2,"[3, 3, 2, 2]"
DFL-MAT-J03YNE,Holstein Kiel:SC Paderborn 07,2023/2024,2. Bundesliga,DFL-CLU-00000L,SC Paderborn 07,guest,4-2-3-1,4-2-3-1,"[4, 2, 3, 1]"
DFL-MAT-J03YNF,1. FC Kaiserslautern:1. FC Nürnberg,2023/2024,2. Bundesliga,DFL-CLU-00000I,1. FC Kaiserslautern,home,3-4-1-2 defensive Midfielder,3-4-1-2,"[3, 4, 1, 2]"
DFL-MAT-J03YNF,1. FC Kaiserslautern:1. FC Nürnberg,2023/2024,2. Bundesliga,DFL-CLU-000005,1. FC Nürnberg,guest,4-3-3 with 6,4-3-3,"[4, 3, 3]"
DFL-MAT-J03YNG,1. FC Magdeburg:Hertha BSC,2023/2024,2. Bundesliga,DFL-CLU-00000Z,Hertha BSC,guest,4-3-3 with 6,4-3-3,"[4, 3, 3]"
DFL-MAT-J03YNG,1. FC Magdeburg:Hertha BSC,2023/2024,2. Bundesliga,DFL-CLU-000N5D,1. FC Magdeburg,home,3-4-3 defensive Midfielder,3-4-3,"[3, 4, 3]"
DFL-MAT-J03YNH,SpVgg Greuther Fürth:Hannover 96,2023/2024,2. Bundesliga,DFL-CLU-000001,Hannover 96,guest,3-4-2-1 Double-10,3-4-2-1,"[3, 4, 2, 1]"
DFL-MAT-J03YNH,SpVgg Greuther Fürth:Hannover 96,2023/2024,2. Bundesliga,DFL-CLU-00000W,SpVgg Greuther Fürth,home,4-4-2 Diamond,4-4-2,"[4, 4, 2]"
DFL-MAT-J03YNI,Eintracht Braunschweig:FC St. Pauli,2023/2024,2. Bundesliga,DFL-CLU-00000H,FC St. Pauli,guest,3-4-3 defensive Midfielder,3-4-3,"[3, 4, 3]"
DFL-MAT-J03YNI,Eintracht Braunschweig:FC St. Pauli,2023/2024,2. Bundesliga,DFL-CLU-00000X,Eintracht Braunschweig,home,3-4-2-1 Double-10,3-4-2-1,"[3, 4, 2, 1]"
DFL-MAT-J03YNJ,VfL Osnabrück:SV Elversberg,2023/2024,2. Bundesliga,DFL-CLU-000014,VfL Osnabrück,home,4-4-2 Diamond,4-4-2,"[4, 4, 2]"
DFL-MAT-J03YNJ,VfL Osnabrück:SV Elversberg,2023/2024,2. Bundesliga,DFL-CLU-000N6L,SV Elversberg,guest,3-4-2-1 Double-10,3-4-2-1,"[3, 4, 2, 1]"
DFL-MAT-J03YNK,SV Wehen Wiesbaden:FC Schalke 04,2023/2024,2. Bundesliga,DFL-CLU-000009,FC Schalke 04,guest,4-3-3 with 6,4-3-3,"[4, 3, 3]"
DFL-MAT-J03YNK,SV Wehen Wiesbaden:FC Schalke 04,2023/2024,2. Bundesliga,DFL-CLU-000N5X,SV Wehen Wiesbaden,home,3-4-2-1 Double-10,3-4-2-1,"[3, 4, 2, 1]"
DFL-MAT-J03YNL,FC Schalke 04:1. FC Magdeburg,2023/2024,2. Bundesliga,DFL-CLU-000009,FC Schalke 04,home,4-2-3-1,4-2-3-1,"[4, 2, 3, 1]"
DFL-MAT-J03YNL,FC Schalke 04:1. FC Magdeburg,2023/2024,2. Bundesliga,DFL-CLU-000N5D,1. FC Magdeburg,guest,4-3-3 with 6,4-3-3,"[4, 3, 3]"
DFL-MAT-J03YNM,Hertha BSC:Eintracht Braunschweig,2023/2024,2. Bundesliga,DFL-CLU-00000Z,Hertha BSC,home,4-2-3-1,4-2-3-1,"[4, 2, 3, 1]"
DFL-MAT-J03YNM,Hertha BSC:Eintracht Braunschweig,2023/2024,2. Bundesliga,DFL-CLU-00000X,Eintracht Braunschweig,guest,3-4-2-1 defensive Midfielder,3-4-2-1,"[3, 4, 2, 1]"
DFL-MAT-J03YNN,FC St. Pauli:Holstein Kiel,2023/2024,2. Bundesliga,DFL-CLU-00000H,FC St. Pauli,home,3-4-3 defensive Midfielder,3-4-3,"[3, 4, 3]"
DFL-MAT-J03YNN,FC St. Pauli:Holstein Kiel,2023/2024,2. Bundesliga,DFL-CLU-000N5P,Holstein Kiel,guest,3-3-2-2,3-3-2-2,"[3, 3, 2, 2]"
DFL-MAT-J03YNO,SC Paderborn 07:SV Wehen Wiesbaden,2023/2024,2. Bundesliga,DFL-CLU-000N5X,SV Wehen Wiesbaden,guest,3-4-1-2 defensive Midfielder,3-4-1-2,"[3, 4, 1, 2]"
DFL-MAT-J03YNO,SC Paderborn 07:SV Wehen Wiesbaden,2023/2024,2. Bundesliga,DFL-CLU-00000L,SC Paderborn 07,home,3-3-3-1,3-3-3-1,"[3, 3, 3, 1]"
DFL-MAT-J03YNP,Karlsruher SC:1. FC Kaiserslautern,2023/2024,2. Bundesliga,DFL-CLU-00000I,1. FC Kaiserslautern,guest,3-4-1-2 defensive Midfielder,3-4-1-2,"[3, 4, 1, 2]"
DFL-MAT-J03YNP,Karlsruher SC:1. FC Kaiserslautern,2023/2024,2. Bundesliga,DFL-CLU-00000T,Karlsruher SC,home,4-1-3-2,4-1-3-2,"[4, 1, 3, 2]"
DFL-MAT-J03YNQ,Hannover 96:VfL Osnabrück,2023/2024,2. Bundesliga,DFL-CLU-000001,Hannover 96,home,3-4-2-1 Double-10,3-4-2-1,"[3, 4, 2, 1]"
DFL-MAT-J03YNQ,Hannover 96:VfL Osnabrück,2023/2024,2. Bundesliga,DFL-CLU-000014,VfL Osnabrück,guest,4-3-3 with 6,4-3-3,"[4, 3, 3]"
DFL-MAT-J03YNR,F.C. Hansa Rostock:Fortuna Düsseldorf,2023/2024,2. Bundesliga,DFL-CLU-00000P,Fortuna Düsseldorf,guest,4-5-1 offensive Outliner,4-5-1,"[4, 5, 1]"
DFL-MAT-J03YNR,F.C. Hansa Rostock:Fortuna Düsseldorf,2023/2024,2. Bundesliga,DFL-CLU-00000Q,F.C. Hansa Rostock,home,3-3-2-2,3-3-2-2,"[3, 3, 2, 2]"
DFL-MAT-J03YNS,1. FC Nürnberg:SpVgg Greuther Fürth,2023/2024,2. Bundesliga,DFL-CLU-000005,1. FC Nürnberg,home,4-3-3 with 6,4-3-3,"[4, 3, 3]"
DFL-MAT-J03YNS,1. FC Nürnberg:SpVgg Greuther Fürth,2023/2024,2. Bundesliga,DFL-CLU-00000W,SpVgg Greuther Fürth,guest,3-4-1-2 defensive Midfielder,3-4-1-2,"[3, 4, 1, 2]"
DFL-MAT-J03YNT,SV Elversberg:Hamburger SV,2023/2024,2. Bundesliga,DFL-CLU-00000C,Hamburger SV,guest,4-3-3 with 6,4-3-3,"[4, 3, 3]"
DFL-MAT-J03YNT,SV Elversberg:Hamburger SV,2023/2024,2. Bundesliga,DFL-CLU-000N6L,SV Elversberg,home,4-3-3 with 6,4-3-3,"[4, 3, 3]"
DFL-MAT-J03YNU,Fortuna Düsseldorf:Hannover 96,2023/2024,2. Bundesliga,DFL-CLU-00000P,Fortuna Düsseldorf,home,4-5-1 offensive Outliner,4-5-1,"[4, 5, 1]"
DFL-MAT-J03YNU,Fortuna Düsseldorf:Hannover 96,2023/2024,2. Bundesliga,DFL-CLU-000001,Hannover 96,guest,3-4-2-1 Double-10,3-4-2-1,"[3, 4, 2, 1]"
DFL-MAT-J03YNV,FC St. Pauli:FC Schalke 04,2023/2024,2. Bundesliga,DFL-CLU-000009,FC Schalke 04,guest,4-2-3-1,4-2-3-1,"[4, 2, 3, 1]"
DFL-MAT-J03YNV,FC St. Pauli:FC Schalke 04,2023/2024,2. Bundesliga,DFL-CLU-00000H,FC St. Pauli,home,3-4-3 defensive Midfielder,3-4-3,"[3, 4, 3]"
DFL-MAT-J03YNW,Holstein Kiel:Hertha BSC,2023/2024,2. Bundesliga,DFL-CLU-00000Z,Hertha BSC,guest,4-2-3-1,4-2-3-1,"[4, 2, 3, 1]"
DFL-MAT-J03YNW,Holstein Kiel:Hertha BSC,2023/2024,2. Bundesliga,DFL-CLU-000N5P,Holstein Kiel,home,3-3-2-2,3-3-2-2,"[3, 3, 2, 2]"
DFL-MAT-J03YNX,1. FC Kaiserslautern:F.C. Hansa Rostock,2023/2024,2. Bundesliga,DFL-CLU-00000I,1. FC Kaiserslautern,home,3-4-2-1 Double-10,3-4-2-1,"[3, 4, 2, 1]"
DFL-MAT-J03YNX,1. FC Kaiserslautern:F.C. Hansa Rostock,2023/2024,2. Bundesliga,DFL-CLU-00000Q,F.C. Hansa Rostock,guest,3-3-2-2,3-3-2-2,"[3, 3, 2, 2]"
DFL-MAT-J03YNY,1. FC Magdeburg:SC Paderborn 07,2023/2024,2. Bundesliga,DFL-CLU-000N5D,1. FC Magdeburg,home,3-4-3 Diamond,3-4-3,"[3, 4, 3]"
DFL-MAT-J03YNY,1. FC Magdeburg:SC Paderborn 07,2023/2024,2. Bundesliga,DFL-CLU-00000L,SC Paderborn 07,guest,3-4-2-1 defensive Midfielder,3-4-2-1,"[3, 4, 2, 1]"
DFL-MAT-J03YNZ,SpVgg Greuther Fürth:Karlsruher SC,2023/2024,2. Bundesliga,DFL-CLU-00000T,Karlsruher SC,guest,4-4-2 Double-6 offensive Outliner,4-4-2,"[4, 4, 2]"
DFL-MAT-J03YNZ,SpVgg Greuther Fürth:Karlsruher SC,2023/2024,2. Bundesliga,DFL-CLU-00000W,SpVgg Greuther Fürth,home,3-4-1-2 defensive Midfielder,3-4-1-2,"[3, 4, 1, 2]"
DFL-MAT-J03YO0,Eintracht Braunschweig:1. FC Nürnberg,2023/2024,2. Bundesliga,DFL-CLU-000005,1. FC Nürnberg,guest,4-3-3 with 6,4-3-3,"[4, 3, 3]"
DFL-MAT-J03YO0,Eintracht Braunschweig:1. FC Nürnberg,2023/2024,2. Bundesliga,DFL-CLU-00000X,Eintracht Braunschweig,home,4-2-3-1,4-2-3-1,"[4, 2, 3, 1]"
DFL-MAT-J03YO1,VfL Osnabrück:Hamburger SV,2023/2024,2. Bundesliga,DFL-CLU-00000C,Hamburger SV,guest,4-3-3 with 6,4-3-3,"[4, 3, 3]"
DFL-MAT-J03YO1,VfL Osnabrück:Hamburger SV,2023/2024,2. Bundesliga,DFL-CLU-000014,VfL Osnabrück,home,4-3-3 with 6,4-3-3,"[4, 3, 3]"
DFL-MAT-J03YO2,SV Wehen Wiesbaden:SV Elversberg,2023/2024,2. Bundesliga,DFL-CLU-000N5X,SV Wehen Wiesbaden,home,3-3-2-2,3-3-2-2,"[3, 3, 2, 2]"
DFL-MAT-J03YO2,SV Wehen Wiesbaden:SV Elversberg,2023/2024,2. Bundesliga,DFL-CLU-000N6L,SV Elversberg,guest,4-2-3-1,4-2-3-1,"[4, 2, 3, 1]"
DFL-MAT-J03YO3,Hertha BSC:FC St. Pauli,2023/2024,2. Bundesliga,DFL-CLU-00000H,FC St. Pauli,guest,3-4-3 defensive Midfielder,3-4-3,"[3, 4, 3]"
DFL-MAT-J03YO3,Hertha BSC:FC St. Pauli,2023/2024,2. Bundesliga,DFL-CLU-00000Z,Hertha BSC,home,4-2-3-1,4-2-3-1,"[4, 2, 3, 1]"
DFL-MAT-J03YO4,Hamburger SV:Fortuna Düsseldorf,2023/2024,2. Bundesliga,DFL-CLU-00000C,Hamburger SV,home,4-3-3 with 6,4-3-3,"[4, 3, 3]"
DFL-MAT-J03YO4,Hamburger SV:Fortuna Düsseldorf,2023/2024,2. Bundesliga,DFL-CLU-00000P,Fortuna Düsseldorf,guest,4-5-1 offensive Outliner,4-5-1,"[4, 5, 1]"
DFL-MAT-J03YO5,SC Paderborn 07:FC Schalke 04,2023/2024,2. Bundesliga,DFL-CLU-000009,FC Schalke 04,guest,4-2-3-1,4-2-3-1,"[4, 2, 3, 1]"
DFL-MAT-J03YO5,SC Paderborn 07:FC Schalke 04,2023/2024,2. Bundesliga,DFL-CLU-00000L,SC Paderborn 07,home,3-4-2-1 defensive Midfielder,3-4-2-1,"[3, 4, 2, 1]"
DFL-MAT-J03YO6,Karlsruher SC:Holstein Kiel,2023/2024,2. Bundesliga,DFL-CLU-00000T,Karlsruher SC,home,4-4-2 Double-6 offensive Outliner,4-4-2,"[4, 4, 2]"
DFL-MAT-J03YO6,Karlsruher SC:Holstein Kiel,2023/2024,2. Bundesliga,DFL-CLU-000N5P,Holstein Kiel,guest,4-2-3-1,4-2-3-1,"[4, 2, 3, 1]"
DFL-MAT-J03YO7,Hannover 96:SV Wehen Wiesbaden,2023/2024,2. Bundesliga,DFL-CLU-000001,Hannover 96,home,3-4-2-1 Double-10,3-4-2-1,"[3, 4, 2, 1]"
DFL-MAT-J03YO7,Hannover 96:SV Wehen Wiesbaden,2023/2024,2. Bundesliga,DFL-CLU-000N5X,SV Wehen Wiesbaden,guest,3-4-2-1 defensive Midfielder,3-4-2-1,"[3, 4, 2, 1]"
DFL-MAT-J03YO8,F.C. Hansa Rostock:Eintracht Braunschweig,2023/2024,2. Bundesliga,DFL-CLU-00000Q,F.C. Hansa Rostock,home,3-3-2-2,3-3-2-2,"[3, 3, 2, 2]"
DFL-MAT-J03YO8,F.C. Hansa Rostock:Eintracht Braunschweig,2023/2024,2. Bundesliga,DFL-CLU-00000X,Eintracht Braunschweig,guest,4-2-3-1,4-2-3-1,"[4, 2, 3, 1]"
DFL-MAT-J03YO9,1. FC Nürnberg:1. FC Magdeburg,2023/2024,2. Bundesliga,DFL-CLU-000005,1. FC Nürnberg,home,4-3-3 with 6,4-3-3,"[4, 3, 3]"
DFL-MAT-J03YO9,1. FC Nürnberg:1. FC Magdeburg,2023/2024,2. Bundesliga,DFL-CLU-000N5D,1. FC Magdeburg,guest,3-4-1-2 defensive Midfielder,3-4-1-2,"[3, 4, 1, 2]"
DFL-MAT-J03YOA,SV Elversberg:SpVgg Greuther Fürth,2023/2024,2. Bundesliga,DFL-CLU-00000W,SpVgg Greuther Fürth,guest,3-4-1-2 defensive Midfielder,3-4-1-2,"[3, 4, 1, 2]"
DFL-MAT-J03YOA,SV Elversberg:SpVgg Greuther Fürth,2023/2024,2. Bundesliga,DFL-CLU-000N6L,SV Elversberg,home,4-2-3-1,4-2-3-1,"[4, 2, 3, 1]"
DFL-MAT-J03YOB,VfL Osnabrück:1. FC Kaiserslautern,2023/2024,2. Bundesliga,DFL-CLU-00000I,1. FC Kaiserslautern,guest,3-4-2-1 Double-10,3-4-2-1,"[3, 4, 2, 1]"
DFL-MAT-J03YOB,VfL Osnabrück:1. FC Kaiserslautern,2023/2024,2. Bundesliga,DFL-CLU-000014,VfL Osnabrück,home,4-3-3 with 6,4-3-3,"[4, 3, 3]"
DFL-MAT-J03YOC,FC Schalke 04:Hertha BSC,2023/2024,2. Bundesliga,DFL-CLU-000009,FC Schalke 04,home,4-2-3-1,4-2-3-1,"[4, 2, 3, 1]"
DFL-MAT-J03YOC,FC Schalke 04:Hertha BSC,2023/2024,2. Bundesliga,DFL-CLU-00000Z,Hertha BSC,guest,4-2-3-1,4-2-3-1,"[4, 2, 3, 1]"
DFL-MAT-J03YOD,Fortuna Düsseldorf:VfL Osnabrück,2023/2024,2. Bundesliga,DFL-CLU-00000P,Fortuna Düsseldorf,home,4-3-3 with 6,4-3-3,"[4, 3, 3]"
DFL-MAT-J03YOD,Fortuna Düsseldorf:VfL Osnabrück,2023/2024,2. Bundesliga,DFL-CLU-000014,VfL Osnabrück,guest,4-3-3 with 6,4-3-3,"[4, 3, 3]"
DFL-MAT-J03YOE,FC St. Pauli:1. FC Nürnberg,2023/2024,2. Bundesliga,DFL-CLU-000005,1. FC Nürnberg,guest,4-3-3 with 6,4-3-3,"[4, 3, 3]"
DFL-MAT-J03YOE,FC St. Pauli:1. FC Nürnberg,2023/2024,2. Bundesliga,DFL-CLU-00000H,FC St. Pauli,home,3-4-3 defensive Midfielder,3-4-3,"[3, 4, 3]"
DFL-MAT-J03YOF,Holstein Kiel:SV Elversberg,2023/2024,2. Bundesliga,DFL-CLU-000N5P,Holstein Kiel,home,3-4-2-1 Double-10,3-4-2-1,"[3, 4, 2, 1]"
DFL-MAT-J03YOF,Holstein Kiel:SV Elversberg,2023/2024,2. Bundesliga,DFL-CLU-000N6L,SV Elversberg,guest,3-4-2-1 Double-10,3-4-2-1,"[3, 4, 2, 1]"
DFL-MAT-J03YOG,1. FC Kaiserslautern:Hannover 96,2023/2024,2. Bundesliga,DFL-CLU-00000I,1. FC Kaiserslautern,home,3-4-2-1 Double-10,3-4-2-1,"[3, 4, 2, 1]"
DFL-MAT-J03YOG,1. FC Kaiserslautern:Hannover 96,2023/2024,2. Bundesliga,DFL-CLU-000001,Hannover 96,guest,3-4-2-1 Double-10,3-4-2-1,"[3, 4, 2, 1]"
DFL-MAT-J03YOH,1. FC Magdeburg:Karlsruher SC,2023/2024,2. Bundesliga,DFL-CLU-00000T,Karlsruher SC,guest,4-4-2 Double-6 offensive Outliner,4-4-2,"[4, 4, 2]"
DFL-MAT-J03YOH,1. FC Magdeburg:Karlsruher SC,2023/2024,2. Bundesliga,DFL-CLU-000N5D,1. FC Magdeburg,home,3-4-3 defensive Midfielder,3-4-3,"[3, 4, 3]"
DFL-MAT-J03YOI,SpVgg Greuther Fürth:F.C. Hansa Rostock,2023/2024,2. Bundesliga,DFL-CLU-00000Q,F.C. Hansa Rostock,guest,3-4-2-1 Double-10,3-4-2-1,"[3, 4, 2, 1]"
DFL-MAT-J03YOI,SpVgg Greuther Fürth:F.C. Hansa Rostock,2023/2024,2. Bundesliga,DFL-CLU-00000W,SpVgg Greuther Fürth,home,3-3-2-2,3-3-2-2,"[3, 3, 2, 2]"
DFL-MAT-J03YOJ,Eintracht Braunschweig:SC Paderborn 07,2023/2024,2. Bundesliga,DFL-CLU-00000X,Eintracht Braunschweig,home,4-2-3-1,4-2-3-1,"[4, 2, 3, 1]"
DFL-MAT-J03YOJ,Eintracht Braunschweig:SC Paderborn 07,2023/2024,2. Bundesliga,DFL-CLU-00000L,SC Paderborn 07,guest,3-4-2-1 Double-10,3-4-2-1,"[3, 4, 2, 1]"
DFL-MAT-J03YOK,SV Wehen Wiesbaden:Hamburger SV,2023/2024,2. Bundesliga,DFL-CLU-00000C,Hamburger SV,guest,4-3-3 with 6,4-3-3,"[4, 3, 3]"
DFL-MAT-J03YOK,SV Wehen Wiesbaden:Hamburger SV,2023/2024,2. Bundesliga,DFL-CLU-000N5X,SV Wehen Wiesbaden,home,3-4-2-1 Double-10,3-4-2-1,"[3, 4, 2, 1]"
DFL-MAT-J03YOL,Hamburger SV:SpVgg Greuther Fürth,2023/2024,2. Bundesliga,DFL-CLU-00000C,Hamburger SV,home,4-3-3 with 6,4-3-3,"[4, 3, 3]"
DFL-MAT-J03YOL,Hamburger SV:SpVgg Greuther Fürth,2023/2024,2. Bundesliga,DFL-CLU-00000W,SpVgg Greuther Fürth,guest,3-4-1-2 defensive Midfielder,3-4-1-2,"[3, 4, 1, 2]"
DFL-MAT-J03YOM,Fortuna Düsseldorf:1. FC Kaiserslautern,2023/2024,2. Bundesliga,DFL-CLU-00000I,1. FC Kaiserslautern,guest,3-4-1-2 defensive Midfielder,3-4-1-2,"[3, 4, 1, 2]"
DFL-MAT-J03YOM,Fortuna Düsseldorf:1. FC Kaiserslautern,2023/2024,2. Bundesliga,DFL-CLU-00000P,Fortuna Düsseldorf,home,4-3-3 with 6,4-3-3,"[4, 3, 3]"
DFL-MAT-J03YON,SC Paderborn 07:FC St. Pauli,2023/2024,2. Bundesliga,DFL-CLU-00000H,FC St. Pauli,guest,3-4-3 defensive Midfielder,3-4-3,"[3, 4, 3]"
DFL-MAT-J03YON,SC Paderborn 07:FC St. Pauli,2023/2024,2. Bundesliga,DFL-CLU-00000L,SC Paderborn 07,home,4-3-3 with 6,4-3-3,"[4, 3, 3]"
DFL-MAT-J03YOO,Karlsruher SC:FC Schalke 04,2023/2024,2. Bundesliga,DFL-CLU-00000T,Karlsruher SC,home,4-4-2 Diamond,4-4-2,"[4, 4, 2]"
DFL-MAT-J03YOO,Karlsruher SC:FC Schalke 04,2023/2024,2. Bundesliga,DFL-CLU-000009,FC Schalke 04,guest,3-3-2-2,3-3-2-2,"[3, 3, 2, 2]"
DFL-MAT-J03YOP,Hannover 96:1. FC Magdeburg,2023/2024,2. Bundesliga,DFL-CLU-000001,Hannover 96,home,3-4-2-1 Double-10,3-4-2-1,"[3, 4, 2, 1]"
DFL-MAT-J03YOP,Hannover 96:1. FC Magdeburg,2023/2024,2. Bundesliga,DFL-CLU-000N5D,1. FC Magdeburg,guest,3-4-3 defensive Midfielder,3-4-3,"[3, 4, 3]"
DFL-MAT-J03YOQ,F.C. Hansa Rostock:Holstein Kiel,2023/2024,2. Bundesliga,DFL-CLU-00000Q,F.C. Hansa Rostock,home,3-3-2-2,3-3-2-2,"[3, 3, 2, 2]"
DFL-MAT-J03YOQ,F.C. Hansa Rostock:Holstein Kiel,2023/2024,2. Bundesliga,DFL-CLU-000N5P,Holstein Kiel,guest,3-3-2-2,3-3-2-2,"[3, 3, 2, 2]"
DFL-MAT-J03YOR,1. FC Nürnberg:Hertha BSC,2023/2024,2. Bundesliga,DFL-CLU-000005,1. FC Nürnberg,home,4-3-3 with 6,4-3-3,"[4, 3, 3]"
DFL-MAT-J03YOR,1. FC Nürnberg:Hertha BSC,2023/2024,2. Bundesliga,DFL-CLU-00000Z,Hertha BSC,guest,4-2-3-1,4-2-3-1,"[4, 2, 3, 1]"
DFL-MAT-J03YOS,SV Elversberg:Eintracht Braunschweig,2023/2024,2. Bundesliga,DFL-CLU-00000X,Eintracht Braunschweig,guest,4-2-3-1,4-2-3-1,"[4, 2, 3, 1]"
DFL-MAT-J03YOS,SV Elversberg:Eintracht Braunschweig,2023/2024,2. Bundesliga,DFL-CLU-000N6L,SV Elversberg,home,4-2-3-1,4-2-3-1,"[4, 2, 3, 1]"
DFL-MAT-J03YOT,VfL Osnabrück:SV Wehen Wiesbaden,2023/2024,2. Bundesliga,DFL-CLU-000014,VfL Osnabrück,home,4-3-3 with 6,4-3-3,"[4, 3, 3]"
DFL-MAT-J03YOT,VfL Osnabrück:SV Wehen Wiesbaden,2023/2024,2. Bundesliga,DFL-CLU-000N5X,SV Wehen Wiesbaden,guest,3-4-2-1 Double-10,3-4-2-1,"[3, 4, 2, 1]"
DFL-MAT-J03YOU,FC Schalke 04:Hannover 96,2023/2024,2. Bundesliga,DFL-CLU-000009,FC Schalke 04,home,3-3-2-2,3-3-2-2,"[3, 3, 2, 2]"
DFL-MAT-J03YOU,FC Schalke 04:Hannover 96,2023/2024,2. Bundesliga,DFL-CLU-000001,Hannover 96,guest,3-4-2-1 Double-10,3-4-2-1,"[3, 4, 2, 1]"
DFL-MAT-J03YOV,Hertha BSC:SC Paderborn 07,2023/2024,2. Bundesliga,DFL-CLU-00000Z,Hertha BSC,home,4-2-3-1,4-2-3-1,"[4, 2, 3, 1]"
DFL-MAT-J03YOV,Hertha BSC:SC Paderborn 07,2023/2024,2. Bundesliga,DFL-CLU-00000L,SC Paderborn 07,guest,4-3-3 with 6,4-3-3,"[4, 3, 3]"
DFL-MAT-J03YOW,FC St. Pauli:Karlsruher SC,2023/2024,2. Bundesliga,DFL-CLU-00000T,Karlsruher SC,guest,4-4-2 Diamond,4-4-2,"[4, 4, 2]"
DFL-MAT-J03YOW,FC St. Pauli:Karlsruher SC,2023/2024,2. Bundesliga,DFL-CLU-00000H,FC St. Pauli,home,3-4-3 defensive Midfielder,3-4-3,"[3, 4, 3]"
DFL-MAT-J03YOX,Holstein Kiel:1. FC Nürnberg,2023/2024,2. Bundesliga,DFL-CLU-000005,1. FC Nürnberg,guest,4-3-3 with 6,4-3-3,"[4, 3, 3]"
DFL-MAT-J03YOX,Holstein Kiel:1. FC Nürnberg,2023/2024,2. Bundesliga,DFL-CLU-000N5P,Holstein Kiel,home,4-4-2 Diamond,4-4-2,"[4, 4, 2]"
DFL-MAT-J03YOY,1. FC Kaiserslautern:Hamburger SV,2023/2024,2. Bundesliga,DFL-CLU-00000I,1. FC Kaiserslautern,home,3-4-1-2 defensive Midfielder,3-4-1-2,"[3, 4, 1, 2]"
DFL-MAT-J03YOY,1. FC Kaiserslautern:Hamburger SV,2023/2024,2. Bundesliga,DFL-CLU-00000C,Hamburger SV,guest,4-3-3 with 6,4-3-3,"[4, 3, 3]"
DFL-MAT-J03YOZ,1. FC Magdeburg:SV Elversberg,2023/2024,2. Bundesliga,DFL-CLU-000N5D,1. FC Magdeburg,home,4-3-3 Double-6,4-3-3,"[4, 3, 3]"
DFL-MAT-J03YOZ,1. FC Magdeburg:SV Elversberg,2023/2024,2. Bundesliga,DFL-CLU-000N6L,SV Elversberg,guest,4-2-3-1,4-2-3-1,"[4, 2, 3, 1]"
DFL-MAT-J03YP0,SpVgg Greuther Fürth:VfL Osnabrück,2023/2024,2. Bundesliga,DFL-CLU-000014,VfL Osnabrück,guest,4-3-3 with 6,4-3-3,"[4, 3, 3]"
DFL-MAT-J03YP0,SpVgg Greuther Fürth:VfL Osnabrück,2023/2024,2. Bundesliga,DFL-CLU-00000W,SpVgg Greuther Fürth,home,3-4-1-2 defensive Midfielder,3-4-1-2,"[3, 4, 1, 2]"
DFL-MAT-J03YP1,Eintracht Braunschweig:Fortuna Düsseldorf,2023/2024,2. Bundesliga,DFL-CLU-00000P,Fortuna Düsseldorf,guest,4-5-1 offensive Outliner,4-5-1,"[4, 5, 1]"
DFL-MAT-J03YP1,Eintracht Braunschweig:Fortuna Düsseldorf,2023/2024,2. Bundesliga,DFL-CLU-00000X,Eintracht Braunschweig,home,4-4-2 Double-6 offensive Outliner,4-4-2,"[4, 4, 2]"
DFL-MAT-J03YP2,SV Wehen Wiesbaden:F.C. Hansa Rostock,2023/2024,2. Bundesliga,DFL-CLU-00000Q,F.C. Hansa Rostock,guest,3-3-2-2,3-3-2-2,"[3, 3, 2, 2]"
DFL-MAT-J03YP2,SV Wehen Wiesbaden:F.C. Hansa Rostock,2023/2024,2. Bundesliga,DFL-CLU-000N5X,SV Wehen Wiesbaden,home,3-4-2-1 Double-10,3-4-2-1,"[3, 4, 2, 1]"
DFL-MAT-J03YP3,Hamburger SV:1. FC Magdeburg,2023/2024,2. Bundesliga,DFL-CLU-00000C,Hamburger SV,home,4-3-3 with 6,4-3-3,"[4, 3, 3]"
DFL-MAT-J03YP3,Hamburger SV:1. FC Magdeburg,2023/2024,2. Bundesliga,DFL-CLU-000N5D,1. FC Magdeburg,guest,3-4-3 defensive Midfielder,3-4-3,"[3, 4, 3]"
DFL-MAT-J03YP4,Fortuna Düsseldorf:SV Wehen Wiesbaden,2023/2024,2. Bundesliga,DFL-CLU-00000P,Fortuna Düsseldorf,home,4-2-3-1,4-2-3-1,"[4, 2, 3, 1]"
DFL-MAT-J03YP4,Fortuna Düsseldorf:SV Wehen Wiesbaden,2023/2024,2. Bundesliga,DFL-CLU-000N5X,SV Wehen Wiesbaden,guest,3-4-2-1 Double-10,3-4-2-1,"[3, 4, 2, 1]"
DFL-MAT-J03YP5,Karlsruher SC:SC Paderborn 07,2023/2024,2. Bundesliga,DFL-CLU-00000T,Karlsruher SC,home,4-4-2 Diamond,4-4-2,"[4, 4, 2]"
DFL-MAT-J03YP5,Karlsruher SC:SC Paderborn 07,2023/2024,2. Bundesliga,DFL-CLU-00000L,SC Paderborn 07,guest,3-4-1-2,3-4-1-2,"[3, 4, 1, 2]"
DFL-MAT-J03YP6,1. FC Kaiserslautern:SpVgg Greuther Fürth,2023/2024,2. Bundesliga,DFL-CLU-00000I,1. FC Kaiserslautern,home,3-4-1-2 defensive Midfielder,3-4-1-2,"[3, 4, 1, 2]"
DFL-MAT-J03YP6,1. FC Kaiserslautern:SpVgg Greuther Fürth,2023/2024,2. Bundesliga,DFL-CLU-00000W,SpVgg Greuther Fürth,guest,3-4-1-2 defensive Midfielder,3-4-1-2,"[3, 4, 1, 2]"
DFL-MAT-J03YP7,Hannover 96:Eintracht Braunschweig,2023/2024,2. Bundesliga,DFL-CLU-000001,Hannover 96,home,3-4-2-1 Double-10,3-4-2-1,"[3, 4, 2, 1]"
DFL-MAT-J03YP7,Hannover 96:Eintracht Braunschweig,2023/2024,2. Bundesliga,DFL-CLU-00000X,Eintracht Braunschweig,guest,3-4-2-1 Double-10,3-4-2-1,"[3, 4, 2, 1]"
DFL-MAT-J03YP8,F.C. Hansa Rostock:Hertha BSC,2023/2024,2. Bundesliga,DFL-CLU-00000Q,F.C. Hansa Rostock,home,4-4-2 Double-6 offensive Outliner,4-4-2,"[4, 4, 2]"
DFL-MAT-J03YP8,F.C. Hansa Rostock:Hertha BSC,2023/2024,2. Bundesliga,DFL-CLU-00000Z,Hertha BSC,guest,4-2-3-1,4-2-3-1,"[4, 2, 3, 1]"
DFL-MAT-J03YP9,1. FC Nürnberg:FC Schalke 04,2023/2024,2. Bundesliga,DFL-CLU-000005,1. FC Nürnberg,home,4-3-3 with 6,4-3-3,"[4, 3, 3]"
DFL-MAT-J03YP9,1. FC Nürnberg:FC Schalke 04,2023/2024,2. Bundesliga,DFL-CLU-000009,FC Schalke 04,guest,3-3-2-2,3-3-2-2,"[3, 3, 2, 2]"
DFL-MAT-J03YPA,SV Elversberg:FC St. Pauli,2023/2024,2. Bundesliga,DFL-CLU-00000H,FC St. Pauli,guest,3-4-3 defensive Midfielder,3-4-3,"[3, 4, 3]"
DFL-MAT-J03YPA,SV Elversberg:FC St. Pauli,2023/2024,2. Bundesliga,DFL-CLU-000N6L,SV Elversberg,home,4-2-3-1,4-2-3-1,"[4, 2, 3, 1]"
DFL-MAT-J03YPB,VfL Osnabrück:Holstein Kiel,2023/2024,2. Bundesliga,DFL-CLU-000014,VfL Osnabrück,home,3-3-2-2,3-3-2-2,"[3, 3, 2, 2]"
DFL-MAT-J03YPB,VfL Osnabrück:Holstein Kiel,2023/2024,2. Bundesliga,DFL-CLU-000N5P,Holstein Kiel,guest,3-4-2-1 Double-10,3-4-2-1,"[3, 4, 2, 1]"
DFL-MAT-J03YPC,FC Schalke 04:SV Elversberg,2023/2024,2. Bundesliga,DFL-CLU-000009,FC Schalke 04,home,3-3-2-2,3-3-2-2,"[3, 3, 2, 2]"
DFL-MAT-J03YPC,FC Schalke 04:SV Elversberg,2023/2024,2. Bundesliga,DFL-CLU-000N6L,SV Elversberg,guest,4-2-3-1,4-2-3-1,"[4, 2, 3, 1]"
DFL-MAT-J03YPD,Hertha BSC:Karlsruher SC,2023/2024,2. Bundesliga,DFL-CLU-00000T,Karlsruher SC,guest,4-4-2 Diamond,4-4-2,"[4, 4, 2]"
DFL-MAT-J03YPD,Hertha BSC:Karlsruher SC,2023/2024,2. Bundesliga,DFL-CLU-00000Z,Hertha BSC,home,4-2-3-1,4-2-3-1,"[4, 2, 3, 1]"
DFL-MAT-J03YPE,FC St. Pauli:Hannover 96,2023/2024,2. Bundesliga,DFL-CLU-00000H,FC St. Pauli,home,3-4-3 defensive Midfielder,3-4-3,"[3, 4, 3]"
DFL-MAT-J03YPE,FC St. Pauli:Hannover 96,2023/2024,2. Bundesliga,DFL-CLU-000001,Hannover 96,guest,4-4-2 Double-6,4-4-2,"[4, 4, 2]"
DFL-MAT-J03YPF,SC Paderborn 07:1. FC Nürnberg,2023/2024,2. Bundesliga,DFL-CLU-000005,1. FC Nürnberg,guest,4-3-3 with 6,4-3-3,"[4, 3, 3]"
DFL-MAT-J03YPF,SC Paderborn 07:1. FC Nürnberg,2023/2024,2. Bundesliga,DFL-CLU-00000L,SC Paderborn 07,home,3-4-1-2,3-4-1-2,"[3, 4, 1, 2]"
DFL-MAT-J03YPG,Holstein Kiel:Hamburger SV,2023/2024,2. Bundesliga,DFL-CLU-00000C,Hamburger SV,guest,4-3-3 with 6,4-3-3,"[4, 3, 3]"
DFL-MAT-J03YPG,Holstein Kiel:Hamburger SV,2023/2024,2. Bundesliga,DFL-CLU-000N5P,Holstein Kiel,home,4-3-3 with 6,4-3-3,"[4, 3, 3]"
DFL-MAT-J03YPH,1. FC Magdeburg:F.C. Hansa Rostock,2023/2024,2. Bundesliga,DFL-CLU-00000Q,F.C. Hansa Rostock,guest,4-4-2 Double-6 offensive Outliner,4-4-2,"[4, 4, 2]"
DFL-MAT-J03YPH,1. FC Magdeburg:F.C. Hansa Rostock,2023/2024,2. Bundesliga,DFL-CLU-000N5D,1. FC Magdeburg,home,3-4-3 Diamond,3-4-3,"[3, 4, 3]"
DFL-MAT-J03YPI,SpVgg Greuther Fürth:Fortuna Düsseldorf,2023/2024,2. Bundesliga,DFL-CLU-00000P,Fortuna Düsseldorf,guest,4-2-3-1,4-2-3-1,"[4, 2, 3, 1]"
DFL-MAT-J03YPI,SpVgg Greuther Fürth:Fortuna Düsseldorf,2023/2024,2. Bundesliga,DFL-CLU-00000W,SpVgg Greuther Fürth,home,3-4-1-2 defensive Midfielder,3-4-1-2,"[3, 4, 1, 2]"
DFL-MAT-J03YPJ,Eintracht Braunschweig:VfL Osnabrück,2023/2024,2. Bundesliga,DFL-CLU-000014,VfL Osnabrück,guest,3-3-2-2 Double-10,3-3-2-2,"[3, 3, 2, 2]"
DFL-MAT-J03YPJ,Eintracht Braunschweig:VfL Osnabrück,2023/2024,2. Bundesliga,DFL-CLU-00000X,Eintracht Braunschweig,home,3-3-2-2 Double-10,3-3-2-2,"[3, 3, 2, 2]"
DFL-MAT-J03YPK,SV Wehen Wiesbaden:1. FC Kaiserslautern,2023/2024,2. Bundesliga,DFL-CLU-00000I,1. FC Kaiserslautern,guest,3-4-3 defensive Midfielder,3-4-3,"[3, 4, 3]"
DFL-MAT-J03YPK,SV Wehen Wiesbaden:1. FC Kaiserslautern,2023/2024,2. Bundesliga,DFL-CLU-000N5X,SV Wehen Wiesbaden,home,3-4-3 Diamond,3-4-3,"[3, 4, 3]"
DFL-MAT-J03YPL,Hamburger SV:Eintracht Braunschweig,2023/2024,2. Bundesliga,DFL-CLU-00000C,Hamburger SV,home,4-3-3 with 6,4-3-3,"[4, 3, 3]"
DFL-MAT-J03YPL,Hamburger SV:Eintracht Braunschweig,2023/2024,2. Bundesliga,DFL-CLU-00000X,Eintracht Braunschweig,guest,5-3-2 with 6,5-3-2,"[5, 3, 2]"
DFL-MAT-J03YPM,Fortuna Düsseldorf:FC Schalke 04,2023/2024,2. Bundesliga,DFL-CLU-000009,FC Schalke 04,guest,3-3-2-2,3-3-2-2,"[3, 3, 2, 2]"
DFL-MAT-J03YPM,Fortuna Düsseldorf:FC Schalke 04,2023/2024,2. Bundesliga,DFL-CLU-00000P,Fortuna Düsseldorf,home,4-5-1 offensive Outliner,4-5-1,"[4, 5, 1]"
DFL-MAT-J03YPN,Karlsruher SC:1. FC Nürnberg,2023/2024,2. Bundesliga,DFL-CLU-00000T,Karlsruher SC,home,4-4-2 Diamond,4-4-2,"[4, 4, 2]"
DFL-MAT-J03YPN,Karlsruher SC:1. FC Nürnberg,2023/2024,2. Bundesliga,DFL-CLU-000005,1. FC Nürnberg,guest,4-3-3 with 6,4-3-3,"[4, 3, 3]"
DFL-MAT-J03YPO,1. FC Kaiserslautern:Holstein Kiel,2023/2024,2. Bundesliga,DFL-CLU-00000I,1. FC Kaiserslautern,home,4-2-3-1,4-2-3-1,"[4, 2, 3, 1]"
DFL-MAT-J03YPO,1. FC Kaiserslautern:Holstein Kiel,2023/2024,2. Bundesliga,DFL-CLU-000N5P,Holstein Kiel,guest,4-2-3-1,4-2-3-1,"[4, 2, 3, 1]"
DFL-MAT-J03YPP,Hannover 96:Hertha BSC,2023/2024,2. Bundesliga,DFL-CLU-00000Z,Hertha BSC,guest,4-2-3-1,4-2-3-1,"[4, 2, 3, 1]"
DFL-MAT-J03YPP,Hannover 96:Hertha BSC,2023/2024,2. Bundesliga,DFL-CLU-000001,Hannover 96,home,3-4-2-1 Double-10,3-4-2-1,"[3, 4, 2, 1]"
DFL-MAT-J03YPQ,SpVgg Greuther Fürth:SV Wehen Wiesbaden,2023/2024,2. Bundesliga,DFL-CLU-000N5X,SV Wehen Wiesbaden,guest,3-4-2-1 Double-10,3-4-2-1,"[3, 4, 2, 1]"
DFL-MAT-J03YPQ,SpVgg Greuther Fürth:SV Wehen Wiesbaden,2023/2024,2. Bundesliga,DFL-CLU-00000W,SpVgg Greuther Fürth,home,3-4-1-2 defensive Midfielder,3-4-1-2,"[3, 4, 1, 2]"
DFL-MAT-J03YPR,F.C. Hansa Rostock:FC St. Pauli,2023/2024,2. Bundesliga,DFL-CLU-00000Q,F.C. Hansa Rostock,home,4-4-2 Double-6 offensive Outliner,4-4-2,"[4, 4, 2]"
DFL-MAT-J03YPR,F.C. Hansa Rostock:FC St. Pauli,2023/2024,2. Bundesliga,DFL-CLU-00000H,FC St. Pauli,guest,3-4-3 defensive Midfielder,3-4-3,"[3, 4, 3]"
DFL-MAT-J03YPS,SV Elversberg:SC Paderborn 07,2023/2024,2. Bundesliga,DFL-CLU-000N6L,SV Elversberg,home,4-2-3-1,4-2-3-1,"[4, 2, 3, 1]"
DFL-MAT-J03YPS,SV Elversberg:SC Paderborn 07,2023/2024,2. Bundesliga,DFL-CLU-00000L,SC Paderborn 07,guest,3-3-2-2,3-3-2-2,"[3, 3, 2, 2]"
DFL-MAT-J03YPT,VfL Osnabrück:1. FC Magdeburg,2023/2024,2. Bundesliga,DFL-CLU-000014,VfL Osnabrück,home,3-4-3 defensive Midfielder,3-4-3,"[3, 4, 3]"
DFL-MAT-J03YPT,VfL Osnabrück:1. FC Magdeburg,2023/2024,2. Bundesliga,DFL-CLU-000N5D,1. FC Magdeburg,guest,3-4-3 Diamond,3-4-3,"[3, 4, 3]"
DFL-MAT-J03YPU,FC Schalke 04:VfL Osnabrück,2023/2024,2. Bundesliga,DFL-CLU-000009,FC Schalke 04,home,4-4-2 Diamond,4-4-2,"[4, 4, 2]"
DFL-MAT-J03YPU,FC Schalke 04:VfL Osnabrück,2023/2024,2. Bundesliga,DFL-CLU-000014,VfL Osnabrück,guest,3-3-2-2,3-3-2-2,"[3, 3, 2, 2]"
DFL-MAT-J03YPV,Hertha BSC:SV Elversberg,2023/2024,2. Bundesliga,DFL-CLU-00000Z,Hertha BSC,home,4-2-3-1,4-2-3-1,"[4, 2, 3, 1]"
DFL-MAT-J03YPV,Hertha BSC:SV Elversberg,2023/2024,2. Bundesliga,DFL-CLU-000N6L,SV Elversberg,guest,4-4-2 Double-6 offensive Outliner,4-4-2,"[4, 4, 2]"
DFL-MAT-J03YPW,FC St. Pauli:Hamburger SV,2023/2024,2. Bundesliga,DFL-CLU-00000C,Hamburger SV,guest,4-3-3 with 6,4-3-3,"[4, 3, 3]"
DFL-MAT-J03YPW,FC St. Pauli:Hamburger SV,2023/2024,2. Bundesliga,DFL-CLU-00000H,FC St. Pauli,home,3-4-3 defensive Midfielder,3-4-3,"[3, 4, 3]"
DFL-MAT-J03YPX,SC Paderborn 07:Hannover 96,2023/2024,2. Bundesliga,DFL-CLU-000001,Hannover 96,guest,3-4-2-1 Double-10,3-4-2-1,"[3, 4, 2, 1]"
DFL-MAT-J03YPX,SC Paderborn 07:Hannover 96,2023/2024,2. Bundesliga,DFL-CLU-00000L,SC Paderborn 07,home,3-4-3 defensive Midfielder,3-4-3,"[3, 4, 3]"
DFL-MAT-J03YPY,Karlsruher SC:F.C. Hansa Rostock,2023/2024,2. Bundesliga,DFL-CLU-00000T,Karlsruher SC,home,4-4-2 Diamond,4-4-2,"[4, 4, 2]"
DFL-MAT-J03YPY,Karlsruher SC:F.C. Hansa Rostock,2023/2024,2. Bundesliga,DFL-CLU-00000Q,F.C. Hansa Rostock,guest,4-3-3 with 6,4-3-3,"[4, 3, 3]"
DFL-MAT-J03YPZ,Holstein Kiel:SV Wehen Wiesbaden,2023/2024,2. Bundesliga,DFL-CLU-000N5P,Holstein Kiel,home,3-4-1-2 defensive Midfielder,3-4-1-2,"[3, 4, 1, 2]"
DFL-MAT-J03YPZ,Holstein Kiel:SV Wehen Wiesbaden,2023/2024,2. Bundesliga,DFL-CLU-000N5X,SV Wehen Wiesbaden,guest,3-4-2-1 Double-10,3-4-2-1,"[3, 4, 2, 1]"
DFL-MAT-J03YQ0,1. FC Magdeburg:1. FC Kaiserslautern,2023/2024,2. Bundesliga,DFL-CLU-00000I,1. FC Kaiserslautern,guest,3-4-1-2 defensive Midfielder,3-4-1-2,"[3, 4, 1, 2]"
DFL-MAT-J03YQ0,1. FC Magdeburg:1. FC Kaiserslautern,2023/2024,2. Bundesliga,DFL-CLU-000N5D,1. FC Magdeburg,home,3-4-3,3-4-3,"[3, 4, 3]"
DFL-MAT-J03YQ1,1. FC Nürnberg:Fortuna Düsseldorf,2023/2024,2. Bundesliga,DFL-CLU-000005,1. FC Nürnberg,home,4-2-3-1,4-2-3-1,"[4, 2, 3, 1]"
DFL-MAT-J03YQ1,1. FC Nürnberg:Fortuna Düsseldorf,2023/2024,2. Bundesliga,DFL-CLU-00000P,Fortuna Düsseldorf,guest,4-5-1 offensive Outliner,4-5-1,"[4, 5, 1]"
DFL-MAT-J03YQ2,Eintracht Braunschweig:SpVgg Greuther Fürth,2023/2024,2. Bundesliga,DFL-CLU-00000X,Eintracht Braunschweig,home,3-4-1-2 defensive Midfielder,3-4-1-2,"[3, 4, 1, 2]"
DFL-MAT-J03YQ2,Eintracht Braunschweig:SpVgg Greuther Fürth,2023/2024,2. Bundesliga,DFL-CLU-00000W,SpVgg Greuther Fürth,guest,3-4-1-2 defensive Midfielder,3-4-1-2,"[3, 4, 1, 2]"
DFL-MAT-J03YQ3,Hamburger SV:SC Paderborn 07,2023/2024,2. Bundesliga,DFL-CLU-00000C,Hamburger SV,home,4-3-3 with 6,4-3-3,"[4, 3, 3]"
DFL-MAT-J03YQ3,Hamburger SV:SC Paderborn 07,2023/2024,2. Bundesliga,DFL-CLU-00000L,SC Paderborn 07,guest,3-4-2-1 Double-10,3-4-2-1,"[3, 4, 2, 1]"
DFL-MAT-J03YQ4,Fortuna Düsseldorf:Holstein Kiel,2023/2024,2. Bundesliga,DFL-CLU-00000P,Fortuna Düsseldorf,home,4-5-1 offensive Outliner,4-5-1,"[4, 5, 1]"
DFL-MAT-J03YQ4,Fortuna Düsseldorf:Holstein Kiel,2023/2024,2. Bundesliga,DFL-CLU-000N5P,Holstein Kiel,guest,4-4-2 Diamond,4-4-2,"[4, 4, 2]"
DFL-MAT-J03YQ5,1. FC Kaiserslautern:Hertha BSC,2023/2024,2. Bundesliga,DFL-CLU-00000I,1. FC Kaiserslautern,home,3-4-2-1 defensive Midfielder,3-4-2-1,"[3, 4, 2, 1]"
DFL-MAT-J03YQ5,1. FC Kaiserslautern:Hertha BSC,2023/2024,2. Bundesliga,DFL-CLU-00000Z,Hertha BSC,guest,4-2-3-1,4-2-3-1,"[4, 2, 3, 1]"
DFL-MAT-J03YQ6,Hannover 96:Karlsruher SC,2023/2024,2. Bundesliga,DFL-CLU-00000T,Karlsruher SC,guest,4-4-2 Diamond,4-4-2,"[4, 4, 2]"
DFL-MAT-J03YQ6,Hannover 96:Karlsruher SC,2023/2024,2. Bundesliga,DFL-CLU-000001,Hannover 96,home,3-4-2-1 Double-10,3-4-2-1,"[3, 4, 2, 1]"
DFL-MAT-J03YQ7,SpVgg Greuther Fürth:1. FC Magdeburg,2023/2024,2. Bundesliga,DFL-CLU-000N5D,1. FC Magdeburg,guest,3-4-3,3-4-3,"[3, 4, 3]"
DFL-MAT-J03YQ7,SpVgg Greuther Fürth:1. FC Magdeburg,2023/2024,2. Bundesliga,DFL-CLU-00000W,SpVgg Greuther Fürth,home,3-4-1-2 defensive Midfielder,3-4-1-2,"[3, 4, 1, 2]"
DFL-MAT-J03YQ8,F.C. Hansa Rostock:FC Schalke 04,2023/2024,2. Bundesliga,DFL-CLU-000009,FC Schalke 04,guest,4-4-2 Diamond,4-4-2,"[4, 4, 2]"
DFL-MAT-J03YQ8,F.C. Hansa Rostock:FC Schalke 04,2023/2024,2. Bundesliga,DFL-CLU-00000Q,F.C. Hansa Rostock,home,4-4-2 Diamond,4-4-2,"[4, 4, 2]"
DFL-MAT-J03YQ9,SV Elversberg:1. FC Nürnberg,2023/2024,2. Bundesliga,DFL-CLU-000005,1. FC Nürnberg,guest,4-3-3 with 6,4-3-3,"[4, 3, 3]"
DFL-MAT-J03YQ9,SV Elversberg:1. FC Nürnberg,2023/2024,2. Bundesliga,DFL-CLU-000N6L,SV Elversberg,home,4-3-3 with 6,4-3-3,"[4, 3, 3]"
DFL-MAT-J03YQA,VfL Osnabrück:FC St. Pauli,2023/2024,2. Bundesliga,DFL-CLU-00000H,FC St. Pauli,guest,3-4-3 defensive Midfielder,3-4-3,"[3, 4, 3]"
DFL-MAT-J03YQA,VfL Osnabrück:FC St. Pauli,2023/2024,2. Bundesliga,DFL-CLU-000014,VfL Osnabrück,home,4-2-3-1,4-2-3-1,"[4, 2, 3, 1]"
DFL-MAT-J03YQB,SV Wehen Wiesbaden:Eintracht Braunschweig,2023/2024,2. Bundesliga,DFL-CLU-00000X,Eintracht Braunschweig,guest,3-4-2-1 Double-10,3-4-2-1,"[3, 4, 2, 1]"
DFL-MAT-J03YQB,SV Wehen Wiesbaden:Eintracht Braunschweig,2023/2024,2. Bundesliga,DFL-CLU-000N5X,SV Wehen Wiesbaden,home,3-4-1-2 defensive Midfielder,3-4-1-2,"[3, 4, 1, 2]"
DFL-MAT-J03YQC,FC Schalke 04:SpVgg Greuther Fürth,2023/2024,2. Bundesliga,DFL-CLU-000009,FC Schalke 04,home,4-4-2 Diamond,4-4-2,"[4, 4, 2]"
DFL-MAT-J03YQC,FC Schalke 04:SpVgg Greuther Fürth,2023/2024,2. Bundesliga,DFL-CLU-00000W,SpVgg Greuther Fürth,guest,3-4-1-2 defensive Midfielder,3-4-1-2,"[3, 4, 1, 2]"
DFL-MAT-J03YQD,Hertha BSC:VfL Osnabrück,2023/2024,2. Bundesliga,DFL-CLU-00000Z,Hertha BSC,home,4-2-3-1,4-2-3-1,"[4, 2, 3, 1]"
DFL-MAT-J03YQD,Hertha BSC:VfL Osnabrück,2023/2024,2. Bundesliga,DFL-CLU-000014,VfL Osnabrück,guest,4-3-3 with 6,4-3-3,"[4, 3, 3]"
DFL-MAT-J03YQE,FC St. Pauli:SV Wehen Wiesbaden,2023/2024,2. Bundesliga,DFL-CLU-00000H,FC St. Pauli,home,3-4-3 defensive Midfielder,3-4-3,"[3, 4, 3]"
DFL-MAT-J03YQE,FC St. Pauli:SV Wehen Wiesbaden,2023/2024,2. Bundesliga,DFL-CLU-000N5X,SV Wehen Wiesbaden,guest,3-4-2-1 Double-10,3-4-2-1,"[3, 4, 2, 1]"
DFL-MAT-J03YQF,SC Paderborn 07:F.C. Hansa Rostock,2023/2024,2. Bundesliga,DFL-CLU-00000Q,F.C. Hansa Rostock,guest,4-4-2 Double-6 offensive Outliner,4-4-2,"[4, 4, 2]"
DFL-MAT-J03YQF,SC Paderborn 07:F.C. Hansa Rostock,2023/2024,2. Bundesliga,DFL-CLU-00000L,SC Paderborn 07,home,3-4-2-1 Double-10,3-4-2-1,"[3, 4, 2, 1]"
DFL-MAT-J03YQG,Karlsruher SC:SV Elversberg,2023/2024,2. Bundesliga,DFL-CLU-00000T,Karlsruher SC,home,4-4-2 Diamond,4-4-2,"[4, 4, 2]"
DFL-MAT-J03YQG,Karlsruher SC:SV Elversberg,2023/2024,2. Bundesliga,DFL-CLU-000N6L,SV Elversberg,guest,4-3-3 with 6,4-3-3,"[4, 3, 3]"
DFL-MAT-J03YQH,Holstein Kiel:Hannover 96,2023/2024,2. Bundesliga,DFL-CLU-000001,Hannover 96,guest,3-4-1-2 defensive Midfielder,3-4-1-2,"[3, 4, 1, 2]"
DFL-MAT-J03YQH,Holstein Kiel:Hannover 96,2023/2024,2. Bundesliga,DFL-CLU-000N5P,Holstein Kiel,home,3-4-1-2 defensive Midfielder,3-4-1-2,"[3, 4, 1, 2]"
DFL-MAT-J03YQI,1. FC Magdeburg:Fortuna Düsseldorf,2023/2024,2. Bundesliga,DFL-CLU-00000P,Fortuna Düsseldorf,guest,4-5-1 offensive Outliner,4-5-1,"[4, 5, 1]"
DFL-MAT-J03YQI,1. FC Magdeburg:Fortuna Düsseldorf,2023/2024,2. Bundesliga,DFL-CLU-000N5D,1. FC Magdeburg,home,4-3-3 Double-6,4-3-3,"[4, 3, 3]"
DFL-MAT-J03YQJ,1. FC Nürnberg:Hamburger SV,2023/2024,2. Bundesliga,DFL-CLU-00000C,Hamburger SV,guest,4-3-3 with 6,4-3-3,"[4, 3, 3]"
DFL-MAT-J03YQJ,1. FC Nürnberg:Hamburger SV,2023/2024,2. Bundesliga,DFL-CLU-000005,1. FC Nürnberg,home,4-3-3 with 6,4-3-3,"[4, 3, 3]"
DFL-MAT-J03YQK,Eintracht Braunschweig:1. FC Kaiserslautern,2023/2024,2. Bundesliga,DFL-CLU-00000I,1. FC Kaiserslautern,guest,3-4-2-1 Double-10,3-4-2-1,"[3, 4, 2, 1]"
DFL-MAT-J03YQK,Eintracht Braunschweig:1. FC Kaiserslautern,2023/2024,2. Bundesliga,DFL-CLU-00000X,Eintracht Braunschweig,home,3-4-2-1 Double-10,3-4-2-1,"[3, 4, 2, 1]"
DFL-MAT-J03YQL,FC Schalke 04:Hamburger SV,2023/2024,2. Bundesliga,DFL-CLU-00000C,Hamburger SV,guest,4-3-3 with 6,4-3-3,"[4, 3, 3]"
DFL-MAT-J03YQL,FC Schalke 04:Hamburger SV,2023/2024,2. Bundesliga,DFL-CLU-000009,FC Schalke 04,home,4-4-2 Diamond,4-4-2,"[4, 4, 2]"
DFL-MAT-J03YQM,Hertha BSC:Fortuna Düsseldorf,2023/2024,2. Bundesliga,DFL-CLU-00000P,Fortuna Düsseldorf,guest,4-5-1 offensive Outliner,4-5-1,"[4, 5, 1]"
DFL-MAT-J03YQM,Hertha BSC:Fortuna Düsseldorf,2023/2024,2. Bundesliga,DFL-CLU-00000Z,Hertha BSC,home,4-2-3-1,4-2-3-1,"[4, 2, 3, 1]"
DFL-MAT-J03YQN,FC St. Pauli:1. FC Kaiserslautern,2023/2024,2. Bundesliga,DFL-CLU-00000I,1. FC Kaiserslautern,guest,3-4-2-1 defensive Midfielder,3-4-2-1,"[3, 4, 2, 1]"
DFL-MAT-J03YQN,FC St. Pauli:1. FC Kaiserslautern,2023/2024,2. Bundesliga,DFL-CLU-00000H,FC St. Pauli,home,3-4-3 defensive Midfielder,3-4-3,"[3, 4, 3]"
DFL-MAT-J03YQO,SC Paderborn 07:SpVgg Greuther Fürth,2023/2024,2. Bundesliga,DFL-CLU-00000W,SpVgg Greuther Fürth,guest,4-4-2 Double-6 offensive Outliner,4-4-2,"[4, 4, 2]"
DFL-MAT-J03YQO,SC Paderborn 07:SpVgg Greuther Fürth,2023/2024,2. Bundesliga,DFL-CLU-00000L,SC Paderborn 07,home,3-4-3 defensive Midfielder,3-4-3,"[3, 4, 3]"
DFL-MAT-J03YQP,Karlsruher SC:VfL Osnabrück,2023/2024,2. Bundesliga,DFL-CLU-00000T,Karlsruher SC,home,4-4-2 Diamond,4-4-2,"[4, 4, 2]"
DFL-MAT-J03YQP,Karlsruher SC:VfL Osnabrück,2023/2024,2. Bundesliga,DFL-CLU-000014,VfL Osnabrück,guest,4-3-3 with 6,4-3-3,"[4, 3, 3]"
DFL-MAT-J03YQQ,Holstein Kiel:Eintracht Braunschweig,2023/2024,2. Bundesliga,DFL-CLU-00000X,Eintracht Braunschweig,guest,3-3-2-2,3-3-2-2,"[3, 3, 2, 2]"
DFL-MAT-J03YQQ,Holstein Kiel:Eintracht Braunschweig,2023/2024,2. Bundesliga,DFL-CLU-000N5P,Holstein Kiel,home,3-3-2-2,3-3-2-2,"[3, 3, 2, 2]"
DFL-MAT-J03YQR,1. FC Magdeburg:SV Wehen Wiesbaden,2023/2024,2. Bundesliga,DFL-CLU-000N5D,1. FC Magdeburg,home,3-4-3 defensive Midfielder,3-4-3,"[3, 4, 3]"
DFL-MAT-J03YQR,1. FC Magdeburg:SV Wehen Wiesbaden,2023/2024,2. Bundesliga,DFL-CLU-000N5X,SV Wehen Wiesbaden,guest,3-4-2-1 Double-10,3-4-2-1,"[3, 4, 2, 1]"
DFL-MAT-J03YQS,1. FC Nürnberg:F.C. Hansa Rostock,2023/2024,2. Bundesliga,DFL-CLU-000005,1. FC Nürnberg,home,4-3-3 with 6,4-3-3,"[4, 3, 3]"
DFL-MAT-J03YQS,1. FC Nürnberg:F.C. Hansa Rostock,2023/2024,2. Bundesliga,DFL-CLU-00000Q,F.C. Hansa Rostock,guest,4-4-2 Double-6 offensive Outliner,4-4-2,"[4, 4, 2]"
DFL-MAT-J03YQT,SV Elversberg:Hannover 96,2023/2024,2. Bundesliga,DFL-CLU-000001,Hannover 96,guest,4-1-3-2,4-1-3-2,"[4, 1, 3, 2]"
DFL-MAT-J03YQT,SV Elversberg:Hannover 96,2023/2024,2. Bundesliga,DFL-CLU-000N6L,SV Elversberg,home,3-4-3 defensive Midfielder,3-4-3,"[3, 4, 3]"
DFL-MAT-J03YQU,Hamburger SV:Karlsruher SC,2023/2024,2. Bundesliga,DFL-CLU-00000C,Hamburger SV,home,4-3-3 with 6,4-3-3,"[4, 3, 3]"
DFL-MAT-J03YQU,Hamburger SV:Karlsruher SC,2023/2024,2. Bundesliga,DFL-CLU-00000T,Karlsruher SC,guest,4-4-2 Diamond,4-4-2,"[4, 4, 2]"
DFL-MAT-J03YQV,Fortuna Düsseldorf:FC St. Pauli,2023/2024,2. Bundesliga,DFL-CLU-00000P,Fortuna Düsseldorf,home,4-5-1 offensive Outliner,4-5-1,"[4, 5, 1]"
DFL-MAT-J03YQV,Fortuna Düsseldorf:FC St. Pauli,2023/2024,2. Bundesliga,DFL-CLU-00000H,FC St. Pauli,guest,3-4-3 defensive Midfielder,3-4-3,"[3, 4, 3]"
DFL-MAT-J03YQW,1. FC Kaiserslautern:FC Schalke 04,2023/2024,2. Bundesliga,DFL-CLU-00000I,1. FC Kaiserslautern,home,3-4-1-2 defensive Midfielder,3-4-1-2,"[3, 4, 1, 2]"
DFL-MAT-J03YQW,1. FC Kaiserslautern:FC Schalke 04,2023/2024,2. Bundesliga,DFL-CLU-000009,FC Schalke 04,guest,4-4-2 Diamond,4-4-2,"[4, 4, 2]"
DFL-MAT-J03YQX,Hannover 96:1. FC Nürnberg,2023/2024,2. Bundesliga,DFL-CLU-000005,1. FC Nürnberg,guest,4-3-3 with 6,4-3-3,"[4, 3, 3]"
DFL-MAT-J03YQX,Hannover 96:1. FC Nürnberg,2023/2024,2. Bundesliga,DFL-CLU-000001,Hannover 96,home,4-4-2 Diamond,4-4-2,"[4, 4, 2]"
DFL-MAT-J03YQY,SpVgg Greuther Fürth:Holstein Kiel,2023/2024,2. Bundesliga,DFL-CLU-000N5P,Holstein Kiel,guest,3-3-2-2,3-3-2-2,"[3, 3, 2, 2]"
DFL-MAT-J03YQY,SpVgg Greuther Fürth:Holstein Kiel,2023/2024,2. Bundesliga,DFL-CLU-00000W,SpVgg Greuther Fürth,home,3-4-1-2 defensive Midfielder,3-4-1-2,"[3, 4, 1, 2]"
DFL-MAT-J03YQZ,F.C. Hansa Rostock:SV Elversberg,2023/2024,2. Bundesliga,DFL-CLU-00000Q,F.C. Hansa Rostock,home,4-2-3-1,4-2-3-1,"[4, 2, 3, 1]"
DFL-MAT-J03YQZ,F.C. Hansa Rostock:SV Elversberg,2023/2024,2. Bundesliga,DFL-CLU-000N6L,SV Elversberg,guest,4-2-3-1,4-2-3-1,"[4, 2, 3, 1]"
DFL-MAT-J03YR0,Eintracht Braunschweig:1. FC Magdeburg,2023/2024,2. Bundesliga,DFL-CLU-00000X,Eintracht Braunschweig,home,3-3-2-2,3-3-2-2,"[3, 3, 2, 2]"
DFL-MAT-J03YR0,Eintracht Braunschweig:1. FC Magdeburg,2023/2024,2. Bundesliga,DFL-CLU-000N5D,1. FC Magdeburg,guest,3-4-3 Diamond,3-4-3,"[3, 4, 3]"
DFL-MAT-J03YR1,VfL Osnabrück:SC Paderborn 07,2023/2024,2. Bundesliga,DFL-CLU-000014,VfL Osnabrück,home,4-3-3 with 6,4-3-3,"[4, 3, 3]"
DFL-MAT-J03YR1,VfL Osnabrück:SC Paderborn 07,2023/2024,2. Bundesliga,DFL-CLU-00000L,SC Paderborn 07,guest,3-4-3 defensive Midfielder,3-4-3,"[3, 4, 3]"
DFL-MAT-J03YR2,SV Wehen Wiesbaden:Hertha BSC,2023/2024,2. Bundesliga,DFL-CLU-00000Z,Hertha BSC,guest,4-2-3-1,4-2-3-1,"[4, 2, 3, 1]"
DFL-MAT-J03YR2,SV Wehen Wiesbaden:Hertha BSC,2023/2024,2. Bundesliga,DFL-CLU-000N5X,SV Wehen Wiesbaden,home,3-4-2-1 Double-10,3-4-2-1,"[3, 4, 2, 1]"
DFL-MAT-J03YR3,FC Schalke 04:Eintracht Braunschweig,2023/2024,2. Bundesliga,DFL-CLU-000009,FC Schalke 04,home,4-4-2 Double-6 offensive Outliner,4-4-2,"[4, 4, 2]"
DFL-MAT-J03YR3,FC Schalke 04:Eintracht Braunschweig,2023/2024,2. Bundesliga,DFL-CLU-00000X,Eintracht Braunschweig,guest,3-4-1-2 defensive Midfielder,3-4-1-2,"[3, 4, 1, 2]"
DFL-MAT-J03YR4,Hertha BSC:Hamburger SV,2023/2024,2. Bundesliga,DFL-CLU-00000C,Hamburger SV,guest,4-3-3 with 6,4-3-3,"[4, 3, 3]"
DFL-MAT-J03YR4,Hertha BSC:Hamburger SV,2023/2024,2. Bundesliga,DFL-CLU-00000Z,Hertha BSC,home,4-5-1 offensive Outliner,4-5-1,"[4, 5, 1]"
DFL-MAT-J03YR5,FC St. Pauli:SpVgg Greuther Fürth,2023/2024,2. Bundesliga,DFL-CLU-00000H,FC St. Pauli,home,3-4-3 defensive Midfielder,3-4-3,"[3, 4, 3]"
DFL-MAT-J03YR5,FC St. Pauli:SpVgg Greuther Fürth,2023/2024,2. Bundesliga,DFL-CLU-00000W,SpVgg Greuther Fürth,guest,3-4-1-2 defensive Midfielder,3-4-1-2,"[3, 4, 1, 2]"
DFL-MAT-J03YR6,SC Paderborn 07:Fortuna Düsseldorf,2023/2024,2. Bundesliga,DFL-CLU-00000P,Fortuna Düsseldorf,guest,4-5-1 offensive Outliner,4-5-1,"[4, 5, 1]"
DFL-MAT-J03YR6,SC Paderborn 07:Fortuna Düsseldorf,2023/2024,2. Bundesliga,DFL-CLU-00000L,SC Paderborn 07,home,3-4-3 defensive Midfielder,3-4-3,"[3, 4, 3]"
DFL-MAT-J03YR7,Karlsruher SC:SV Wehen Wiesbaden,2023/2024,2. Bundesliga,DFL-CLU-00000T,Karlsruher SC,home,4-4-2 Diamond,4-4-2,"[4, 4, 2]"
DFL-MAT-J03YR7,Karlsruher SC:SV Wehen Wiesbaden,2023/2024,2. Bundesliga,DFL-CLU-000N5X,SV Wehen Wiesbaden,guest,3-4-2-1 Double-10,3-4-2-1,"[3, 4, 2, 1]"
DFL-MAT-J03YR8,Hannover 96:F.C. Hansa Rostock,2023/2024,2. Bundesliga,DFL-CLU-00000Q,F.C. Hansa Rostock,guest,3-4-1-2 defensive Midfielder,3-4-1-2,"[3, 4, 1, 2]"
DFL-MAT-J03YR8,Hannover 96:F.C. Hansa Rostock,2023/2024,2. Bundesliga,DFL-CLU-000001,Hannover 96,home,4-4-2 Diamond,4-4-2,"[4, 4, 2]"
DFL-MAT-J03YR9,1. FC Magdeburg:Holstein Kiel,2023/2024,2. Bundesliga,DFL-CLU-000N5P,Holstein Kiel,guest,4-4-2 Diamond,4-4-2,"[4, 4, 2]"
DFL-MAT-J03YR9,1. FC Magdeburg:Holstein Kiel,2023/2024,2. Bundesliga,DFL-CLU-000N5D,1. FC Magdeburg,home,3-4-1-2,3-4-1-2,"[3, 4, 1, 2]"
DFL-MAT-J03YRA,1. FC Nürnberg:VfL Osnabrück,2023/2024,2. Bundesliga,DFL-CLU-000005,1. FC Nürnberg,home,4-1-4-1 offensive Midfielder,4-1-4-1,"[4, 1, 4, 1]"
DFL-MAT-J03YRA,1. FC Nürnberg:VfL Osnabrück,2023/2024,2. Bundesliga,DFL-CLU-000014,VfL Osnabrück,guest,4-3-3 with 6,4-3-3,"[4, 3, 3]"
DFL-MAT-J03YRB,SV Elversberg:1. FC Kaiserslautern,2023/2024,2. Bundesliga,DFL-CLU-00000I,1. FC Kaiserslautern,guest,3-4-1-2 defensive Midfielder,3-4-1-2,"[3, 4, 1, 2]"
DFL-MAT-J03YRB,SV Elversberg:1. FC Kaiserslautern,2023/2024,2. Bundesliga,DFL-CLU-000N6L,SV Elversberg,home,4-2-3-1,4-2-3-1,"[4, 2, 3, 1]"
DFL-MAT-J03YRC,Hamburger SV:Hannover 96,2023/2024,2. Bundesliga,DFL-CLU-00000C,Hamburger SV,home,4-3-3 with 6,4-3-3,"[4, 3, 3]"
DFL-MAT-J03YRC,Hamburger SV:Hannover 96,2023/2024,2. Bundesliga,DFL-CLU-000001,Hannover 96,guest,4-4-2 Diamond,4-4-2,"[4, 4, 2]"
DFL-MAT-J03YRD,Fortuna Düsseldorf:SV Elversberg,2023/2024,2. Bundesliga,DFL-CLU-00000P,Fortuna Düsseldorf,home,3-1-4-2,3-1-4-2,"[3, 1, 4, 2]"
DFL-MAT-J03YRD,Fortuna Düsseldorf:SV Elversberg,2023/2024,2. Bundesliga,DFL-CLU-000N6L,SV Elversberg,guest,4-2-3-1,4-2-3-1,"[4, 2, 3, 1]"
DFL-MAT-J03YRE,Holstein Kiel:FC Schalke 04,2023/2024,2. Bundesliga,DFL-CLU-000009,FC Schalke 04,guest,4-4-2 Double-6 offensive Outliner,4-4-2,"[4, 4, 2]"
DFL-MAT-J03YRE,Holstein Kiel:FC Schalke 04,2023/2024,2. Bundesliga,DFL-CLU-000N5P,Holstein Kiel,home,3-4-1-2 defensive Midfielder,3-4-1-2,"[3, 4, 1, 2]"
DFL-MAT-J03YRF,1. FC Kaiserslautern:SC Paderborn 07,2023/2024,2. Bundesliga,DFL-CLU-00000I,1. FC Kaiserslautern,home,3-4-2-1 Double-10,3-4-2-1,"[3, 4, 2, 1]"
DFL-MAT-J03YRF,1. FC Kaiserslautern:SC Paderborn 07,2023/2024,2. Bundesliga,DFL-CLU-00000L,SC Paderborn 07,guest,4-3-3 with 6,4-3-3,"[4, 3, 3]"
DFL-MAT-J03YRG,1. FC Magdeburg:FC St. Pauli,2023/2024,2. Bundesliga,DFL-CLU-00000H,FC St. Pauli,guest,3-4-3 defensive Midfielder,3-4-3,"[3, 4, 3]"
DFL-MAT-J03YRG,1. FC Magdeburg:FC St. Pauli,2023/2024,2. Bundesliga,DFL-CLU-000N5D,1. FC Magdeburg,home,3-4-3 Diamond,3-4-3,"[3, 4, 3]"
DFL-MAT-J03YRH,SpVgg Greuther Fürth:Hertha BSC,2023/2024,2. Bundesliga,DFL-CLU-00000Z,Hertha BSC,guest,4-2-3-1,4-2-3-1,"[4, 2, 3, 1]"
DFL-MAT-J03YRH,SpVgg Greuther Fürth:Hertha BSC,2023/2024,2. Bundesliga,DFL-CLU-00000W,SpVgg Greuther Fürth,home,3-4-1-2 defensive Midfielder,3-4-1-2,"[3, 4, 1, 2]"
DFL-MAT-J03YRI,Eintracht Braunschweig:Karlsruher SC,2023/2024,2. Bundesliga,DFL-CLU-00000T,Karlsruher SC,guest,4-4-2 Diamond,4-4-2,"[4, 4, 2]"
DFL-MAT-J03YRI,Eintracht Braunschweig:Karlsruher SC,2023/2024,2. Bundesliga,DFL-CLU-00000X,Eintracht Braunschweig,home,3-3-2-2,3-3-2-2,"[3, 3, 2, 2]"
DFL-MAT-J03YRJ,VfL Osnabrück:F.C. Hansa Rostock,2023/2024,2. Bundesliga,DFL-CLU-00000Q,F.C. Hansa Rostock,guest,4-4-2 Double-6 offensive Outliner,4-4-2,"[4, 4, 2]"
DFL-MAT-J03YRJ,VfL Osnabrück:F.C. Hansa Rostock,2023/2024,2. Bundesliga,DFL-CLU-000014,VfL Osnabrück,home,4-5-1 offensive Outliner,4-5-1,"[4, 5, 1]"
DFL-MAT-J03YRK,SV Wehen Wiesbaden:1. FC Nürnberg,2023/2024,2. Bundesliga,DFL-CLU-000005,1. FC Nürnberg,guest,4-1-4-1 offensive Midfielder,4-1-4-1,"[4, 1, 4, 1]"
DFL-MAT-J03YRK,SV Wehen Wiesbaden:1. FC Nürnberg,2023/2024,2. Bundesliga,DFL-CLU-000N5X,SV Wehen Wiesbaden,home,3-4-2-1 Double-10,3-4-2-1,"[3, 4, 2, 1]"
DFL-MAT-J03YRL,FC Schalke 04:SV Wehen Wiesbaden,2023/2024,2. Bundesliga,DFL-CLU-000009,FC Schalke 04,home,3-3-2-2 Double-10,3-3-2-2,"[3, 3, 2, 2]"
DFL-MAT-J03YRL,FC Schalke 04:SV Wehen Wiesbaden,2023/2024,2. Bundesliga,DFL-CLU-000N5X,SV Wehen Wiesbaden,guest,3-4-2-1 Double-10,3-4-2-1,"[3, 4, 2, 1]"
DFL-MAT-J03YRM,Hertha BSC:1. FC Magdeburg,2023/2024,2. Bundesliga,DFL-CLU-00000Z,Hertha BSC,home,4-2-3-1,4-2-3-1,"[4, 2, 3, 1]"
DFL-MAT-J03YRM,Hertha BSC:1. FC Magdeburg,2023/2024,2. Bundesliga,DFL-CLU-000N5D,1. FC Magdeburg,guest,3-4-3,3-4-3,"[3, 4, 3]"
DFL-MAT-J03YRN,FC St. Pauli:Eintracht Braunschweig,2023/2024,2. Bundesliga,DFL-CLU-00000H,FC St. Pauli,home,3-4-3 defensive Midfielder,3-4-3,"[3, 4, 3]"
DFL-MAT-J03YRN,FC St. Pauli:Eintracht Braunschweig,2023/2024,2. Bundesliga,DFL-CLU-00000X,Eintracht Braunschweig,guest,3-3-2-2,3-3-2-2,"[3, 3, 2, 2]"
DFL-MAT-J03YRO,SC Paderborn 07:Holstein Kiel,2023/2024,2. Bundesliga,DFL-CLU-000N5P,Holstein Kiel,guest,3-4-1-2 defensive Midfielder,3-4-1-2,"[3, 4, 1, 2]"
DFL-MAT-J03YRO,SC Paderborn 07:Holstein Kiel,2023/2024,2. Bundesliga,DFL-CLU-00000L,SC Paderborn 07,home,4-3-3 with 6,4-3-3,"[4, 3, 3]"
DFL-MAT-J03YRP,Karlsruher SC:Fortuna Düsseldorf,2023/2024,2. Bundesliga,DFL-CLU-00000T,Karlsruher SC,home,4-2-3-1,4-2-3-1,"[4, 2, 3, 1]"
DFL-MAT-J03YRP,Karlsruher SC:Fortuna Düsseldorf,2023/2024,2. Bundesliga,DFL-CLU-00000P,Fortuna Düsseldorf,guest,4-5-1 offensive Outliner,4-5-1,"[4, 5, 1]"
DFL-MAT-J03YRQ,Hannover 96:SpVgg Greuther Fürth,2023/2024,2. Bundesliga,DFL-CLU-000001,Hannover 96,home,4-4-2 Diamond,4-4-2,"[4, 4, 2]"
DFL-MAT-J03YRQ,Hannover 96:SpVgg Greuther Fürth,2023/2024,2. Bundesliga,DFL-CLU-00000W,SpVgg Greuther Fürth,guest,3-4-1-2 defensive Midfielder,3-4-1-2,"[3, 4, 1, 2]"
DFL-MAT-J03YRR,F.C. Hansa Rostock:Hamburger SV,2023/2024,2. Bundesliga,DFL-CLU-00000C,Hamburger SV,guest,4-3-3 with 6,4-3-3,"[4, 3, 3]"
DFL-MAT-J03YRR,F.C. Hansa Rostock:Hamburger SV,2023/2024,2. Bundesliga,DFL-CLU-00000Q,F.C. Hansa Rostock,home,5-3-2 with 6,5-3-2,"[5, 3, 2]"
DFL-MAT-J03YRS,1. FC Nürnberg:1. FC Kaiserslautern,2023/2024,2. Bundesliga,DFL-CLU-00000I,1. FC Kaiserslautern,guest,4-2-3-1,4-2-3-1,"[4, 2, 3, 1]"
DFL-MAT-J03YRS,1. FC Nürnberg:1. FC Kaiserslautern,2023/2024,2. Bundesliga,DFL-CLU-000005,1. FC Nürnberg,home,4-1-4-1 offensive Midfielder,4-1-4-1,"[4, 1, 4, 1]"
DFL-MAT-J03YRT,SV Elversberg:VfL Osnabrück,2023/2024,2. Bundesliga,DFL-CLU-000014,VfL Osnabrück,guest,4-5-1 offensive Outliner,4-5-1,"[4, 5, 1]"
DFL-MAT-J03YRT,SV Elversberg:VfL Osnabrück,2023/2024,2. Bundesliga,DFL-CLU-000N6L,SV Elversberg,home,4-2-3-1,4-2-3-1,"[4, 2, 3, 1]"
DFL-MAT-J03YRU,Hamburger SV:SV Elversberg,2023/2024,2. Bundesliga,DFL-CLU-00000C,Hamburger SV,home,4-3-3 with 6,4-3-3,"[4, 3, 3]"
DFL-MAT-J03YRU,Hamburger SV:SV Elversberg,2023/2024,2. Bundesliga,DFL-CLU-000N6L,SV Elversberg,guest,4-2-3-1,4-2-3-1,"[4, 2, 3, 1]"
DFL-MAT-J03YRV,Fortuna Düsseldorf:F.C. Hansa Rostock,2023/2024,2. Bundesliga,DFL-CLU-00000P,Fortuna Düsseldorf,home,4-4-2 Double-6 offensive Outliner,4-4-2,"[4, 4, 2]"
DFL-MAT-J03YRV,Fortuna Düsseldorf:F.C. Hansa Rostock,2023/2024,2. Bundesliga,DFL-CLU-00000Q,F.C. Hansa Rostock,guest,3-3-2-2,3-3-2-2,"[3, 3, 2, 2]"
DFL-MAT-J03YRW,Holstein Kiel:FC St. Pauli,2023/2024,2. Bundesliga,DFL-CLU-00000H,FC St. Pauli,guest,3-4-3 defensive Midfielder,3-4-3,"[3, 4, 3]"
DFL-MAT-J03YRW,Holstein Kiel:FC St. Pauli,2023/2024,2. Bundesliga,DFL-CLU-000N5P,Holstein Kiel,home,4-4-2 Diamond,4-4-2,"[4, 4, 2]"
DFL-MAT-J03YRX,1. FC Kaiserslautern:Karlsruher SC,2023/2024,2. Bundesliga,DFL-CLU-00000I,1. FC Kaiserslautern,home,4-1-4-1,4-1-4-1,"[4, 1, 4, 1]"
DFL-MAT-J03YRX,1. FC Kaiserslautern:Karlsruher SC,2023/2024,2. Bundesliga,DFL-CLU-00000T,Karlsruher SC,guest,4-2-3-1,4-2-3-1,"[4, 2, 3, 1]"
DFL-MAT-J03YRY,1. FC Magdeburg:FC Schalke 04,2023/2024,2. Bundesliga,DFL-CLU-000009,FC Schalke 04,guest,3-3-2-2,3-3-2-2,"[3, 3, 2, 2]"
DFL-MAT-J03YRY,1. FC Magdeburg:FC Schalke 04,2023/2024,2. Bundesliga,DFL-CLU-000N5D,1. FC Magdeburg,home,3-4-3,3-4-3,"[3, 4, 3]"
DFL-MAT-J03YRZ,SpVgg Greuther Fürth:1. FC Nürnberg,2023/2024,2. Bundesliga,DFL-CLU-000005,1. FC Nürnberg,guest,4-1-4-1 offensive Midfielder,4-1-4-1,"[4, 1, 4, 1]"
DFL-MAT-J03YRZ,SpVgg Greuther Fürth:1. FC Nürnberg,2023/2024,2. Bundesliga,DFL-CLU-00000W,SpVgg Greuther Fürth,home,3-4-1-2 defensive Midfielder,3-4-1-2,"[3, 4, 1, 2]"
DFL-MAT-J03YS0,Eintracht Braunschweig:Hertha BSC,2023/2024,2. Bundesliga,DFL-CLU-00000Z,Hertha BSC,guest,4-2-3-1,4-2-3-1,"[4, 2, 3, 1]"
DFL-MAT-J03YS0,Eintracht Braunschweig:Hertha BSC,2023/2024,2. Bundesliga,DFL-CLU-00000X,Eintracht Braunschweig,home,3-3-2-2,3-3-2-2,"[3, 3, 2, 2]"
DFL-MAT-J03YS1,VfL Osnabrück:Hannover 96,2023/2024,2. Bundesliga,DFL-CLU-000001,Hannover 96,guest,4-4-2 Diamond,4-4-2,"[4, 4, 2]"
DFL-MAT-J03YS1,VfL Osnabrück:Hannover 96,2023/2024,2. Bundesliga,DFL-CLU-000014,VfL Osnabrück,home,4-5-1 offensive Outliner,4-5-1,"[4, 5, 1]"
DFL-MAT-J03YS2,SV Wehen Wiesbaden:SC Paderborn 07,2023/2024,2. Bundesliga,DFL-CLU-000N5X,SV Wehen Wiesbaden,home,3-4-2-1 Double-10,3-4-2-1,"[3, 4, 2, 1]"
DFL-MAT-J03YS2,SV Wehen Wiesbaden:SC Paderborn 07,2023/2024,2. Bundesliga,DFL-CLU-00000L,SC Paderborn 07,guest,3-4-2-1 Double-10,3-4-2-1,"[3, 4, 2, 1]"
DFL-MAT-J03YS3,FC Schalke 04:FC St. Pauli,2023/2024,2. Bundesliga,DFL-CLU-000009,FC Schalke 04,home,4-4-2 Diamond,4-4-2,"[4, 4, 2]"
DFL-MAT-J03YS3,FC Schalke 04:FC St. Pauli,2023/2024,2. Bundesliga,DFL-CLU-00000H,FC St. Pauli,guest,3-4-3 defensive Midfielder,3-4-3,"[3, 4, 3]"
DFL-MAT-J03YS4,Hertha BSC:Holstein Kiel,2023/2024,2. Bundesliga,DFL-CLU-00000Z,Hertha BSC,home,4-2-3-1,4-2-3-1,"[4, 2, 3, 1]"
DFL-MAT-J03YS4,Hertha BSC:Holstein Kiel,2023/2024,2. Bundesliga,DFL-CLU-000N5P,Holstein Kiel,guest,4-4-2 Diamond,4-4-2,"[4, 4, 2]"
DFL-MAT-J03YS5,Hamburger SV:VfL Osnabrück,2023/2024,2. Bundesliga,DFL-CLU-00000C,Hamburger SV,home,4-3-3 with 6,4-3-3,"[4, 3, 3]"
DFL-MAT-J03YS5,Hamburger SV:VfL Osnabrück,2023/2024,2. Bundesliga,DFL-CLU-000014,VfL Osnabrück,guest,4-5-1 offensive Outliner,4-5-1,"[4, 5, 1]"
DFL-MAT-J03YS6,SC Paderborn 07:1. FC Magdeburg,2023/2024,2. Bundesliga,DFL-CLU-000N5D,1. FC Magdeburg,guest,3-4-3 defensive Midfielder,3-4-3,"[3, 4, 3]"
DFL-MAT-J03YS6,SC Paderborn 07:1. FC Magdeburg,2023/2024,2. Bundesliga,DFL-CLU-00000L,SC Paderborn 07,home,3-4-3,3-4-3,"[3, 4, 3]"
DFL-MAT-J03YS7,Karlsruher SC:SpVgg Greuther Fürth,2023/2024,2. Bundesliga,DFL-CLU-00000T,Karlsruher SC,home,4-2-3-1,4-2-3-1,"[4, 2, 3, 1]"
DFL-MAT-J03YS7,Karlsruher SC:SpVgg Greuther Fürth,2023/2024,2. Bundesliga,DFL-CLU-00000W,SpVgg Greuther Fürth,guest,3-4-1-2 defensive Midfielder,3-4-1-2,"[3, 4, 1, 2]"
DFL-MAT-J03YS8,Hannover 96:Fortuna Düsseldorf,2023/2024,2. Bundesliga,DFL-CLU-00000P,Fortuna Düsseldorf,guest,4-2-3-1,4-2-3-1,"[4, 2, 3, 1]"
DFL-MAT-J03YS8,Hannover 96:Fortuna Düsseldorf,2023/2024,2. Bundesliga,DFL-CLU-000001,Hannover 96,home,4-4-2 Diamond,4-4-2,"[4, 4, 2]"
DFL-MAT-J03YS9,F.C. Hansa Rostock:1. FC Kaiserslautern,2023/2024,2. Bundesliga,DFL-CLU-00000I,1. FC Kaiserslautern,guest,4-2-3-1,4-2-3-1,"[4, 2, 3, 1]"
DFL-MAT-J03YS9,F.C. Hansa Rostock:1. FC Kaiserslautern,2023/2024,2. Bundesliga,DFL-CLU-00000Q,F.C. Hansa Rostock,home,3-3-2-2,3-3-2-2,"[3, 3, 2, 2]"
DFL-MAT-J03YSA,1. FC Nürnberg:Eintracht Braunschweig,2023/2024,2. Bundesliga,DFL-CLU-000005,1. FC Nürnberg,home,4-1-4-1 offensive Midfielder,4-1-4-1,"[4, 1, 4, 1]"
DFL-MAT-J03YSA,1. FC Nürnberg:Eintracht Braunschweig,2023/2024,2. Bundesliga,DFL-CLU-00000X,Eintracht Braunschweig,guest,3-3-2-2,3-3-2-2,"[3, 3, 2, 2]"
DFL-MAT-J03YSB,SV Elversberg:SV Wehen Wiesbaden,2023/2024,2. Bundesliga,DFL-CLU-000N5X,SV Wehen Wiesbaden,guest,3-3-2-2,3-3-2-2,"[3, 3, 2, 2]"
DFL-MAT-J03YSB,SV Elversberg:SV Wehen Wiesbaden,2023/2024,2. Bundesliga,DFL-CLU-000N6L,SV Elversberg,home,4-2-3-1,4-2-3-1,"[4, 2, 3, 1]"
DFL-MAT-J03YSC,FC Schalke 04:SC Paderborn 07,2023/2024,2. Bundesliga,DFL-CLU-000009,FC Schalke 04,home,4-4-2 Diamond,4-4-2,"[4, 4, 2]"
DFL-MAT-J03YSC,FC Schalke 04:SC Paderborn 07,2023/2024,2. Bundesliga,DFL-CLU-00000L,SC Paderborn 07,guest,3-4-3 defensive Midfielder,3-4-3,"[3, 4, 3]"
DFL-MAT-J03YSD,Fortuna Düsseldorf:Hamburger SV,2023/2024,2. Bundesliga,DFL-CLU-00000C,Hamburger SV,guest,4-3-3 with 6,4-3-3,"[4, 3, 3]"
DFL-MAT-J03YSD,Fortuna Düsseldorf:Hamburger SV,2023/2024,2. Bundesliga,DFL-CLU-00000P,Fortuna Düsseldorf,home,4-2-3-1,4-2-3-1,"[4, 2, 3, 1]"
DFL-MAT-J03YSE,FC St. Pauli:Hertha BSC,2023/2024,2. Bundesliga,DFL-CLU-00000H,FC St. Pauli,home,3-4-3 defensive Midfielder,3-4-3,"[3, 4, 3]"
DFL-MAT-J03YSE,FC St. Pauli:Hertha BSC,2023/2024,2. Bundesliga,DFL-CLU-00000Z,Hertha BSC,guest,4-2-3-1,4-2-3-1,"[4, 2, 3, 1]"
DFL-MAT-J03YSF,Holstein Kiel:Karlsruher SC,2023/2024,2. Bundesliga,DFL-CLU-00000T,Karlsruher SC,guest,4-2-3-1,4-2-3-1,"[4, 2, 3, 1]"
DFL-MAT-J03YSF,Holstein Kiel:Karlsruher SC,2023/2024,2. Bundesliga,DFL-CLU-000N5P,Holstein Kiel,home,3-3-2-2,3-3-2-2,"[3, 3, 2, 2]"
DFL-MAT-J03YSG,1. FC Kaiserslautern:VfL Osnabrück,2023/2024,2. Bundesliga,DFL-CLU-00000I,1. FC Kaiserslautern,home,4-2-3-1,4-2-3-1,"[4, 2, 3, 1]"
DFL-MAT-J03YSG,1. FC Kaiserslautern:VfL Osnabrück,2023/2024,2. Bundesliga,DFL-CLU-000014,VfL Osnabrück,guest,4-5-1 offensive Outliner,4-5-1,"[4, 5, 1]"
DFL-MAT-J03YSH,1. FC Magdeburg:1. FC Nürnberg,2023/2024,2. Bundesliga,DFL-CLU-000005,1. FC Nürnberg,guest,4-5-1 offensive Outliner,4-5-1,"[4, 5, 1]"
DFL-MAT-J03YSH,1. FC Magdeburg:1. FC Nürnberg,2023/2024,2. Bundesliga,DFL-CLU-000N5D,1. FC Magdeburg,home,3-4-3 defensive Midfielder,3-4-3,"[3, 4, 3]"
DFL-MAT-J03YSI,SpVgg Greuther Fürth:SV Elversberg,2023/2024,2. Bundesliga,DFL-CLU-00000W,SpVgg Greuther Fürth,home,3-4-1-2 defensive Midfielder,3-4-1-2,"[3, 4, 1, 2]"
DFL-MAT-J03YSI,SpVgg Greuther Fürth:SV Elversberg,2023/2024,2. Bundesliga,DFL-CLU-000N6L,SV Elversberg,guest,3-4-2-1 Double-10,3-4-2-1,"[3, 4, 2, 1]"
DFL-MAT-J03YSJ,Eintracht Braunschweig:F.C. Hansa Rostock,2023/2024,2. Bundesliga,DFL-CLU-00000Q,F.C. Hansa Rostock,guest,3-4-3 defensive Midfielder,3-4-3,"[3, 4, 3]"
DFL-MAT-J03YSJ,Eintracht Braunschweig:F.C. Hansa Rostock,2023/2024,2. Bundesliga,DFL-CLU-00000X,Eintracht Braunschweig,home,3-3-2-2,3-3-2-2,"[3, 3, 2, 2]"
DFL-MAT-J03YSK,SV Wehen Wiesbaden:Hannover 96,2023/2024,2. Bundesliga,DFL-CLU-000001,Hannover 96,guest,4-4-2 Diamond,4-4-2,"[4, 4, 2]"
DFL-MAT-J03YSK,SV Wehen Wiesbaden:Hannover 96,2023/2024,2. Bundesliga,DFL-CLU-000N5X,SV Wehen Wiesbaden,home,3-3-2-2,3-3-2-2,"[3, 3, 2, 2]"
DFL-MAT-J03YSL,Hertha BSC:FC Schalke 04,2023/2024,2. Bundesliga,DFL-CLU-000009,FC Schalke 04,guest,4-4-2 Diamond,4-4-2,"[4, 4, 2]"
DFL-MAT-J03YSL,Hertha BSC:FC Schalke 04,2023/2024,2. Bundesliga,DFL-CLU-00000Z,Hertha BSC,home,4-2-3-1,4-2-3-1,"[4, 2, 3, 1]"
DFL-MAT-J03YSM,Hamburger SV:SV Wehen Wiesbaden,2023/2024,2. Bundesliga,DFL-CLU-00000C,Hamburger SV,home,4-3-3 with 6,4-3-3,"[4, 3, 3]"
DFL-MAT-J03YSM,Hamburger SV:SV Wehen Wiesbaden,2023/2024,2. Bundesliga,DFL-CLU-000N5X,SV Wehen Wiesbaden,guest,3-3-2-2,3-3-2-2,"[3, 3, 2, 2]"
DFL-MAT-J03YSN,SC Paderborn 07:Eintracht Braunschweig,2023/2024,2. Bundesliga,DFL-CLU-00000X,Eintracht Braunschweig,guest,3-3-2-2,3-3-2-2,"[3, 3, 2, 2]"
DFL-MAT-J03YSN,SC Paderborn 07:Eintracht Braunschweig,2023/2024,2. Bundesliga,DFL-CLU-00000L,SC Paderborn 07,home,3-4-3 defensive Midfielder,3-4-3,"[3, 4, 3]"
DFL-MAT-J03YSO,Karlsruher SC:1. FC Magdeburg,2023/2024,2. Bundesliga,DFL-CLU-00000T,Karlsruher SC,home,4-4-2 Double-6 offensive Outliner,4-4-2,"[4, 4, 2]"
DFL-MAT-J03YSO,Karlsruher SC:1. FC Magdeburg,2023/2024,2. Bundesliga,DFL-CLU-000N5D,1. FC Magdeburg,guest,3-4-3 defensive Midfielder,3-4-3,"[3, 4, 3]"
DFL-MAT-J03YSP,Hannover 96:1. FC Kaiserslautern,2023/2024,2. Bundesliga,DFL-CLU-00000I,1. FC Kaiserslautern,guest,4-4-2 Diamond,4-4-2,"[4, 4, 2]"
DFL-MAT-J03YSP,Hannover 96:1. FC Kaiserslautern,2023/2024,2. Bundesliga,DFL-CLU-000001,Hannover 96,home,4-4-2 Double-6 offensive Outliner,4-4-2,"[4, 4, 2]"
DFL-MAT-J03YSQ,F.C. Hansa Rostock:SpVgg Greuther Fürth,2023/2024,2. Bundesliga,DFL-CLU-00000Q,F.C. Hansa Rostock,home,3-4-3 defensive Midfielder,3-4-3,"[3, 4, 3]"
DFL-MAT-J03YSQ,F.C. Hansa Rostock:SpVgg Greuther Fürth,2023/2024,2. Bundesliga,DFL-CLU-00000W,SpVgg Greuther Fürth,guest,3-4-3 defensive Midfielder,3-4-3,"[3, 4, 3]"
DFL-MAT-J03YSR,1. FC Nürnberg:FC St. Pauli,2023/2024,2. Bundesliga,DFL-CLU-000005,1. FC Nürnberg,home,4-4-2 Double-6 offensive Outliner,4-4-2,"[4, 4, 2]"
DFL-MAT-J03YSR,1. FC Nürnberg:FC St. Pauli,2023/2024,2. Bundesliga,DFL-CLU-00000H,FC St. Pauli,guest,3-4-3 defensive Midfielder,3-4-3,"[3, 4, 3]"
DFL-MAT-J03YSS,SV Elversberg:Holstein Kiel,2023/2024,2. Bundesliga,DFL-CLU-000N5P,Holstein Kiel,guest,3-3-2-2,3-3-2-2,"[3, 3, 2, 2]"
DFL-MAT-J03YSS,SV Elversberg:Holstein Kiel,2023/2024,2. Bundesliga,DFL-CLU-000N6L,SV Elversberg,home,3-4-2-1 defensive Midfielder,3-4-2-1,"[3, 4, 2, 1]"
DFL-MAT-J03YST,VfL Osnabrück:Fortuna Düsseldorf,2023/2024,2. Bundesliga,DFL-CLU-00000P,Fortuna Düsseldorf,guest,4-2-3-1,4-2-3-1,"[4, 2, 3, 1]"
DFL-MAT-J03YST,VfL Osnabrück:Fortuna Düsseldorf,2023/2024,2. Bundesliga,DFL-CLU-000014,VfL Osnabrück,home,4-5-1 offensive Outliner,4-5-1,"[4, 5, 1]"
DFL-MAT-J03YSU,FC Schalke 04:Karlsruher SC,2023/2024,2. Bundesliga,DFL-CLU-00000T,Karlsruher SC,guest,4-4-2 Double-6 offensive Outliner,4-4-2,"[4, 4, 2]"
DFL-MAT-J03YSU,FC Schalke 04:Karlsruher SC,2023/2024,2. Bundesliga,DFL-CLU-000009,FC Schalke 04,home,4-4-2 Diamond,4-4-2,"[4, 4, 2]"
DFL-MAT-J03YSV,Hertha BSC:1. FC Nürnberg,2023/2024,2. Bundesliga,DFL-CLU-000005,1. FC Nürnberg,guest,4-1-4-1 offensive Midfielder,4-1-4-1,"[4, 1, 4, 1]"
DFL-MAT-J03YSV,Hertha BSC:1. FC Nürnberg,2023/2024,2. Bundesliga,DFL-CLU-00000Z,Hertha BSC,home,4-2-3-1,4-2-3-1,"[4, 2, 3, 1]"
DFL-MAT-J03YSW,FC St. Pauli:SC Paderborn 07,2023/2024,2. Bundesliga,DFL-CLU-00000H,FC St. Pauli,home,3-4-3 defensive Midfielder,3-4-3,"[3, 4, 3]"
DFL-MAT-J03YSW,FC St. Pauli:SC Paderborn 07,2023/2024,2. Bundesliga,DFL-CLU-00000L,SC Paderborn 07,guest,4-3-3 Double-6,4-3-3,"[4, 3, 3]"
DFL-MAT-J03YSX,Holstein Kiel:F.C. Hansa Rostock,2023/2024,2. Bundesliga,DFL-CLU-00000Q,F.C. Hansa Rostock,guest,3-4-3 defensive Midfielder,3-4-3,"[3, 4, 3]"
DFL-MAT-J03YSX,Holstein Kiel:F.C. Hansa Rostock,2023/2024,2. Bundesliga,DFL-CLU-000N5P,Holstein Kiel,home,3-4-3 defensive Midfielder,3-4-3,"[3, 4, 3]"
DFL-MAT-J03YSY,1. FC Kaiserslautern:Fortuna Düsseldorf,2023/2024,2. Bundesliga,DFL-CLU-00000I,1. FC Kaiserslautern,home,4-2-3-1,4-2-3-1,"[4, 2, 3, 1]"
DFL-MAT-J03YSY,1. FC Kaiserslautern:Fortuna Düsseldorf,2023/2024,2. Bundesliga,DFL-CLU-00000P,Fortuna Düsseldorf,guest,4-2-3-1,4-2-3-1,"[4, 2, 3, 1]"
DFL-MAT-J03YSZ,1. FC Magdeburg:Hannover 96,2023/2024,2. Bundesliga,DFL-CLU-000001,Hannover 96,guest,3-4-3 defensive Midfielder,3-4-3,"[3, 4, 3]"
DFL-MAT-J03YSZ,1. FC Magdeburg:Hannover 96,2023/2024,2. Bundesliga,DFL-CLU-000N5D,1. FC Magdeburg,home,3-4-3 defensive Midfielder,3-4-3,"[3, 4, 3]"
DFL-MAT-J03YT0,SpVgg Greuther Fürth:Hamburger SV,2023/2024,2. Bundesliga,DFL-CLU-00000C,Hamburger SV,guest,4-3-3 with 6,4-3-3,"[4, 3, 3]"
DFL-MAT-J03YT0,SpVgg Greuther Fürth:Hamburger SV,2023/2024,2. Bundesliga,DFL-CLU-00000W,SpVgg Greuther Fürth,home,3-4-1-2 defensive Midfielder,3-4-1-2,"[3, 4, 1, 2]"
DFL-MAT-J03YT1,Eintracht Braunschweig:SV Elversberg,2023/2024,2. Bundesliga,DFL-CLU-00000X,Eintracht Braunschweig,home,3-3-2-2,3-3-2-2,"[3, 3, 2, 2]"
DFL-MAT-J03YT1,Eintracht Braunschweig:SV Elversberg,2023/2024,2. Bundesliga,DFL-CLU-000N6L,SV Elversberg,guest,3-4-2-1 Double-10,3-4-2-1,"[3, 4, 2, 1]"
DFL-MAT-J03YT2,SV Wehen Wiesbaden:VfL Osnabrück,2023/2024,2. Bundesliga,DFL-CLU-000014,VfL Osnabrück,guest,4-5-1 offensive Outliner,4-5-1,"[4, 5, 1]"
DFL-MAT-J03YT2,SV Wehen Wiesbaden:VfL Osnabrück,2023/2024,2. Bundesliga,DFL-CLU-000N5X,SV Wehen Wiesbaden,home,3-3-2-2,3-3-2-2,"[3, 3, 2, 2]"
DFL-MAT-J03YT3,Hamburger SV:1. FC Kaiserslautern,2023/2024,2. Bundesliga,DFL-CLU-00000I,1. FC Kaiserslautern,guest,4-2-3-1,4-2-3-1,"[4, 2, 3, 1]"
DFL-MAT-J03YT3,Hamburger SV:1. FC Kaiserslautern,2023/2024,2. Bundesliga,DFL-CLU-00000C,Hamburger SV,home,4-3-3 with 6,4-3-3,"[4, 3, 3]"
DFL-MAT-J03YT4,Fortuna Düsseldorf:Eintracht Braunschweig,2023/2024,2. Bundesliga,DFL-CLU-00000P,Fortuna Düsseldorf,home,4-5-1 offensive Outliner,4-5-1,"[4, 5, 1]"
DFL-MAT-J03YT4,Fortuna Düsseldorf:Eintracht Braunschweig,2023/2024,2. Bundesliga,DFL-CLU-00000X,Eintracht Braunschweig,guest,3-3-2-2,3-3-2-2,"[3, 3, 2, 2]"
DFL-MAT-J03YT5,SC Paderborn 07:Hertha BSC,2023/2024,2. Bundesliga,DFL-CLU-00000Z,Hertha BSC,guest,4-2-3-1,4-2-3-1,"[4, 2, 3, 1]"
DFL-MAT-J03YT5,SC Paderborn 07:Hertha BSC,2023/2024,2. Bundesliga,DFL-CLU-00000L,SC Paderborn 07,home,3-4-3 defensive Midfielder,3-4-3,"[3, 4, 3]"
DFL-MAT-J03YT6,Karlsruher SC:FC St. Pauli,2023/2024,2. Bundesliga,DFL-CLU-00000T,Karlsruher SC,home,4-4-2 Double-6 offensive Outliner,4-4-2,"[4, 4, 2]"
DFL-MAT-J03YT6,Karlsruher SC:FC St. Pauli,2023/2024,2. Bundesliga,DFL-CLU-00000H,FC St. Pauli,guest,3-4-3 defensive Midfielder,3-4-3,"[3, 4, 3]"
DFL-MAT-J03YT7,Hannover 96:FC Schalke 04,2023/2024,2. Bundesliga,DFL-CLU-000009,FC Schalke 04,guest,4-4-2 Diamond,4-4-2,"[4, 4, 2]"
DFL-MAT-J03YT7,Hannover 96:FC Schalke 04,2023/2024,2. Bundesliga,DFL-CLU-000001,Hannover 96,home,3-4-3 defensive Midfielder,3-4-3,"[3, 4, 3]"
DFL-MAT-J03YT8,F.C. Hansa Rostock:SV Wehen Wiesbaden,2023/2024,2. Bundesliga,DFL-CLU-00000Q,F.C. Hansa Rostock,home,3-4-2-1 Double-10,3-4-2-1,"[3, 4, 2, 1]"
DFL-MAT-J03YT8,F.C. Hansa Rostock:SV Wehen Wiesbaden,2023/2024,2. Bundesliga,DFL-CLU-000N5X,SV Wehen Wiesbaden,guest,3-4-2-1 Double-10,3-4-2-1,"[3, 4, 2, 1]"
DFL-MAT-J03YT9,1. FC Nürnberg:Holstein Kiel,2023/2024,2. Bundesliga,DFL-CLU-000005,1. FC Nürnberg,home,4-1-4-1 offensive Midfielder,4-1-4-1,"[4, 1, 4, 1]"
DFL-MAT-J03YT9,1. FC Nürnberg:Holstein Kiel,2023/2024,2. Bundesliga,DFL-CLU-000N5P,Holstein Kiel,guest,3-4-3 defensive Midfielder,3-4-3,"[3, 4, 3]"
DFL-MAT-J03YTA,SV Elversberg:1. FC Magdeburg,2023/2024,2. Bundesliga,DFL-CLU-000N5D,1. FC Magdeburg,guest,3-4-3 defensive Midfielder,3-4-3,"[3, 4, 3]"
DFL-MAT-J03YTA,SV Elversberg:1. FC Magdeburg,2023/2024,2. Bundesliga,DFL-CLU-000N6L,SV Elversberg,home,4-2-3-1,4-2-3-1,"[4, 2, 3, 1]"
DFL-MAT-J03YTB,VfL Osnabrück:SpVgg Greuther Fürth,2023/2024,2. Bundesliga,DFL-CLU-000014,VfL Osnabrück,home,3-3-2-2,3-3-2-2,"[3, 3, 2, 2]"
DFL-MAT-J03YTB,VfL Osnabrück:SpVgg Greuther Fürth,2023/2024,2. Bundesliga,DFL-CLU-00000W,SpVgg Greuther Fürth,guest,3-4-1-2 defensive Midfielder,3-4-1-2,"[3, 4, 1, 2]"
DFL-MAT-J03YTC,FC Schalke 04:1. FC Nürnberg,2023/2024,2. Bundesliga,DFL-CLU-000005,1. FC Nürnberg,guest,4-1-4-1 offensive Midfielder,4-1-4-1,"[4, 1, 4, 1]"
DFL-MAT-J03YTC,FC Schalke 04:1. FC Nürnberg,2023/2024,2. Bundesliga,DFL-CLU-000009,FC Schalke 04,home,4-4-2 Diamond,4-4-2,"[4, 4, 2]"
DFL-MAT-J03YTD,Hertha BSC:F.C. Hansa Rostock,2023/2024,2. Bundesliga,DFL-CLU-00000Q,F.C. Hansa Rostock,guest,3-4-2-1 Double-10,3-4-2-1,"[3, 4, 2, 1]"
DFL-MAT-J03YTD,Hertha BSC:F.C. Hansa Rostock,2023/2024,2. Bundesliga,DFL-CLU-00000Z,Hertha BSC,home,4-5-1 offensive Outliner,4-5-1,"[4, 5, 1]"
DFL-MAT-J03YTE,FC St. Pauli:SV Elversberg,2023/2024,2. Bundesliga,DFL-CLU-00000H,FC St. Pauli,home,3-4-3 defensive Midfielder,3-4-3,"[3, 4, 3]"
DFL-MAT-J03YTE,FC St. Pauli:SV Elversberg,2023/2024,2. Bundesliga,DFL-CLU-000N6L,SV Elversberg,guest,4-2-3-1,4-2-3-1,"[4, 2, 3, 1]"
DFL-MAT-J03YTF,SC Paderborn 07:Karlsruher SC,2023/2024,2. Bundesliga,DFL-CLU-00000T,Karlsruher SC,guest,4-2-3-1,4-2-3-1,"[4, 2, 3, 1]"
DFL-MAT-J03YTF,SC Paderborn 07:Karlsruher SC,2023/2024,2. Bundesliga,DFL-CLU-00000L,SC Paderborn 07,home,3-3-2-2,3-3-2-2,"[3, 3, 2, 2]"
DFL-MAT-J03YTG,Holstein Kiel:VfL Osnabrück,2023/2024,2. Bundesliga,DFL-CLU-000014,VfL Osnabrück,guest,3-3-2-2,3-3-2-2,"[3, 3, 2, 2]"
DFL-MAT-J03YTG,Holstein Kiel:VfL Osnabrück,2023/2024,2. Bundesliga,DFL-CLU-000N5P,Holstein Kiel,home,3-4-3 defensive Midfielder,3-4-3,"[3, 4, 3]"
DFL-MAT-J03YTH,1. FC Magdeburg:Hamburger SV,2023/2024,2. Bundesliga,DFL-CLU-00000C,Hamburger SV,guest,4-3-3 with 6,4-3-3,"[4, 3, 3]"
DFL-MAT-J03YTH,1. FC Magdeburg:Hamburger SV,2023/2024,2. Bundesliga,DFL-CLU-000N5D,1. FC Magdeburg,home,3-4-3 defensive Midfielder,3-4-3,"[3, 4, 3]"
DFL-MAT-J03YTI,SpVgg Greuther Fürth:1. FC Kaiserslautern,2023/2024,2. Bundesliga,DFL-CLU-00000I,1. FC Kaiserslautern,guest,4-2-3-1,4-2-3-1,"[4, 2, 3, 1]"
DFL-MAT-J03YTI,SpVgg Greuther Fürth:1. FC Kaiserslautern,2023/2024,2. Bundesliga,DFL-CLU-00000W,SpVgg Greuther Fürth,home,3-4-1-2 defensive Midfielder,3-4-1-2,"[3, 4, 1, 2]"
DFL-MAT-J03YTJ,Eintracht Braunschweig:Hannover 96,2023/2024,2. Bundesliga,DFL-CLU-000001,Hannover 96,guest,3-4-1-2 defensive Midfielder,3-4-1-2,"[3, 4, 1, 2]"
DFL-MAT-J03YTJ,Eintracht Braunschweig:Hannover 96,2023/2024,2. Bundesliga,DFL-CLU-00000X,Eintracht Braunschweig,home,3-3-2-2,3-3-2-2,"[3, 3, 2, 2]"
DFL-MAT-J03YTK,SV Wehen Wiesbaden:Fortuna Düsseldorf,2023/2024,2. Bundesliga,DFL-CLU-00000P,Fortuna Düsseldorf,guest,4-5-1 offensive Outliner,4-5-1,"[4, 5, 1]"
DFL-MAT-J03YTK,SV Wehen Wiesbaden:Fortuna Düsseldorf,2023/2024,2. Bundesliga,DFL-CLU-000N5X,SV Wehen Wiesbaden,home,4-2-3-1,4-2-3-1,"[4, 2, 3, 1]"
DFL-MAT-J03YTL,Hamburger SV:Holstein Kiel,2023/2024,2. Bundesliga,DFL-CLU-00000C,Hamburger SV,home,4-3-3 with 6,4-3-3,"[4, 3, 3]"
DFL-MAT-J03YTL,Hamburger SV:Holstein Kiel,2023/2024,2. Bundesliga,DFL-CLU-000N5P,Holstein Kiel,guest,3-4-3 defensive Midfielder,3-4-3,"[3, 4, 3]"
DFL-MAT-J03YTM,Fortuna Düsseldorf:SpVgg Greuther Fürth,2023/2024,2. Bundesliga,DFL-CLU-00000P,Fortuna Düsseldorf,home,4-5-1 offensive Outliner,4-5-1,"[4, 5, 1]"
DFL-MAT-J03YTM,Fortuna Düsseldorf:SpVgg Greuther Fürth,2023/2024,2. Bundesliga,DFL-CLU-00000W,SpVgg Greuther Fürth,guest,3-4-1-2 defensive Midfielder,3-4-1-2,"[3, 4, 1, 2]"
DFL-MAT-J03YTN,Karlsruher SC:Hertha BSC,2023/2024,2. Bundesliga,DFL-CLU-00000T,Karlsruher SC,home,4-4-2 Double-6 offensive Outliner,4-4-2,"[4, 4, 2]"
DFL-MAT-J03YTN,Karlsruher SC:Hertha BSC,2023/2024,2. Bundesliga,DFL-CLU-00000Z,Hertha BSC,guest,4-5-1 offensive Outliner,4-5-1,"[4, 5, 1]"
DFL-MAT-J03YTO,1. FC Kaiserslautern:SV Wehen Wiesbaden,2023/2024,2. Bundesliga,DFL-CLU-00000I,1. FC Kaiserslautern,home,4-2-3-1,4-2-3-1,"[4, 2, 3, 1]"
DFL-MAT-J03YTO,1. FC Kaiserslautern:SV Wehen Wiesbaden,2023/2024,2. Bundesliga,DFL-CLU-000N5X,SV Wehen Wiesbaden,guest,4-2-3-1,4-2-3-1,"[4, 2, 3, 1]"
DFL-MAT-J03YTP,Hannover 96:FC St. Pauli,2023/2024,2. Bundesliga,DFL-CLU-00000H,FC St. Pauli,guest,3-4-3 defensive Midfielder,3-4-3,"[3, 4, 3]"
DFL-MAT-J03YTP,Hannover 96:FC St. Pauli,2023/2024,2. Bundesliga,DFL-CLU-000001,Hannover 96,home,3-4-1-2 defensive Midfielder,3-4-1-2,"[3, 4, 1, 2]"
DFL-MAT-J03YTQ,F.C. Hansa Rostock:1. FC Magdeburg,2023/2024,2. Bundesliga,DFL-CLU-00000Q,F.C. Hansa Rostock,home,3-4-2-1 Double-10,3-4-2-1,"[3, 4, 2, 1]"
DFL-MAT-J03YTQ,F.C. Hansa Rostock:1. FC Magdeburg,2023/2024,2. Bundesliga,DFL-CLU-000N5D,1. FC Magdeburg,guest,3-4-3 defensive Midfielder,3-4-3,"[3, 4, 3]"
DFL-MAT-J03YTR,1. FC Nürnberg:SC Paderborn 07,2023/2024,2. Bundesliga,DFL-CLU-000005,1. FC Nürnberg,home,4-1-4-1 offensive Midfielder,4-1-4-1,"[4, 1, 4, 1]"
DFL-MAT-J03YTR,1. FC Nürnberg:SC Paderborn 07,2023/2024,2. Bundesliga,DFL-CLU-00000L,SC Paderborn 07,guest,4-4-2 Double-6 offensive Outliner,4-4-2,"[4, 4, 2]"
DFL-MAT-J03YTS,SV Elversberg:FC Schalke 04,2023/2024,2. Bundesliga,DFL-CLU-000009,FC Schalke 04,guest,4-4-2 Diamond,4-4-2,"[4, 4, 2]"
DFL-MAT-J03YTS,SV Elversberg:FC Schalke 04,2023/2024,2. Bundesliga,DFL-CLU-000N6L,SV Elversberg,home,4-2-3-1,4-2-3-1,"[4, 2, 3, 1]"
DFL-MAT-J03YTT,VfL Osnabrück:Eintracht Braunschweig,2023/2024,2. Bundesliga,DFL-CLU-000014,VfL Osnabrück,home,3-4-2-1 Double-10,3-4-2-1,"[3, 4, 2, 1]"
DFL-MAT-J03YTT,VfL Osnabrück:Eintracht Braunschweig,2023/2024,2. Bundesliga,DFL-CLU-00000X,Eintracht Braunschweig,guest,3-3-2-2,3-3-2-2,"[3, 3, 2, 2]"
DFL-MAT-J03YTU,FC Schalke 04:Fortuna Düsseldorf,2023/2024,2. Bundesliga,DFL-CLU-000009,FC Schalke 04,home,4-4-2 Diamond,4-4-2,"[4, 4, 2]"
DFL-MAT-J03YTU,FC Schalke 04:Fortuna Düsseldorf,2023/2024,2. Bundesliga,DFL-CLU-00000P,Fortuna Düsseldorf,guest,4-5-1 offensive Outliner,4-5-1,"[4, 5, 1]"
DFL-MAT-J03YTV,Hertha BSC:Hannover 96,2023/2024,2. Bundesliga,DFL-CLU-00000Z,Hertha BSC,home,4-2-3-1,4-2-3-1,"[4, 2, 3, 1]"
DFL-MAT-J03YTV,Hertha BSC:Hannover 96,2023/2024,2. Bundesliga,DFL-CLU-000001,Hannover 96,guest,3-4-2-1 Double-10,3-4-2-1,"[3, 4, 2, 1]"
DFL-MAT-J03YTW,FC St. Pauli:F.C. Hansa Rostock,2023/2024,2. Bundesliga,DFL-CLU-00000Q,F.C. Hansa Rostock,guest,3-4-1-2,3-4-1-2,"[3, 4, 1, 2]"
DFL-MAT-J03YTW,FC St. Pauli:F.C. Hansa Rostock,2023/2024,2. Bundesliga,DFL-CLU-00000H,FC St. Pauli,home,3-4-3 defensive Midfielder,3-4-3,"[3, 4, 3]"
DFL-MAT-J03YTX,SC Paderborn 07:SV Elversberg,2023/2024,2. Bundesliga,DFL-CLU-000N6L,SV Elversberg,guest,4-2-3-1,4-2-3-1,"[4, 2, 3, 1]"
DFL-MAT-J03YTX,SC Paderborn 07:SV Elversberg,2023/2024,2. Bundesliga,DFL-CLU-00000L,SC Paderborn 07,home,3-4-2-1 Double-10,3-4-2-1,"[3, 4, 2, 1]"
DFL-MAT-J03YTY,Holstein Kiel:1. FC Kaiserslautern,2023/2024,2. Bundesliga,DFL-CLU-00000I,1. FC Kaiserslautern,guest,3-4-1-2 defensive Midfielder,3-4-1-2,"[3, 4, 1, 2]"
DFL-MAT-J03YTY,Holstein Kiel:1. FC Kaiserslautern,2023/2024,2. Bundesliga,DFL-CLU-000N5P,Holstein Kiel,home,3-4-3 defensive Midfielder,3-4-3,"[3, 4, 3]"
DFL-MAT-J03YTZ,1. FC Magdeburg:VfL Osnabrück,2023/2024,2. Bundesliga,DFL-CLU-000014,VfL Osnabrück,guest,4-4-2 Double-6 offensive Outliner,4-4-2,"[4, 4, 2]"
DFL-MAT-J03YTZ,1. FC Magdeburg:VfL Osnabrück,2023/2024,2. Bundesliga,DFL-CLU-000N5D,1. FC Magdeburg,home,3-4-2-1 Double-10,3-4-2-1,"[3, 4, 2, 1]"
DFL-MAT-J03YU0,1. FC Nürnberg:Karlsruher SC,2023/2024,2. Bundesliga,DFL-CLU-00000T,Karlsruher SC,guest,4-4-2 Double-6 offensive Outliner,4-4-2,"[4, 4, 2]"
DFL-MAT-J03YU0,1. FC Nürnberg:Karlsruher SC,2023/2024,2. Bundesliga,DFL-CLU-000005,1. FC Nürnberg,home,3-4-2-1 Double-10,3-4-2-1,"[3, 4, 2, 1]"
DFL-MAT-J03YU1,Eintracht Braunschweig:Hamburger SV,2023/2024,2. Bundesliga,DFL-CLU-00000C,Hamburger SV,guest,4-3-3 with 6,4-3-3,"[4, 3, 3]"
DFL-MAT-J03YU1,Eintracht Braunschweig:Hamburger SV,2023/2024,2. Bundesliga,DFL-CLU-00000X,Eintracht Braunschweig,home,3-3-2-2,3-3-2-2,"[3, 3, 2, 2]"
DFL-MAT-J03YU2,SV Wehen Wiesbaden:SpVgg Greuther Fürth,2023/2024,2. Bundesliga,DFL-CLU-000N5X,SV Wehen Wiesbaden,home,4-4-2 Double-6 offensive Outliner,4-4-2,"[4, 4, 2]"
DFL-MAT-J03YU2,SV Wehen Wiesbaden:SpVgg Greuther Fürth,2023/2024,2. Bundesliga,DFL-CLU-00000W,SpVgg Greuther Fürth,guest,4-4-2 Double-6 offensive Outliner,4-4-2,"[4, 4, 2]"
DFL-MAT-J03YU3,Hamburger SV:FC St. Pauli,2023/2024,2. Bundesliga,DFL-CLU-00000C,Hamburger SV,home,4-3-3 with 6,4-3-3,"[4, 3, 3]"
DFL-MAT-J03YU3,Hamburger SV:FC St. Pauli,2023/2024,2. Bundesliga,DFL-CLU-00000H,FC St. Pauli,guest,3-4-3 defensive Midfielder,3-4-3,"[3, 4, 3]"
DFL-MAT-J03YU4,Fortuna Düsseldorf:1. FC Nürnberg,2023/2024,2. Bundesliga,DFL-CLU-000005,1. FC Nürnberg,guest,4-4-2 Double-6 offensive Outliner,4-4-2,"[4, 4, 2]"
DFL-MAT-J03YU4,Fortuna Düsseldorf:1. FC Nürnberg,2023/2024,2. Bundesliga,DFL-CLU-00000P,Fortuna Düsseldorf,home,4-5-1 offensive Outliner,4-5-1,"[4, 5, 1]"
DFL-MAT-J03YU5,1. FC Kaiserslautern:1. FC Magdeburg,2023/2024,2. Bundesliga,DFL-CLU-00000I,1. FC Kaiserslautern,home,3-4-1-2 defensive Midfielder,3-4-1-2,"[3, 4, 1, 2]"
DFL-MAT-J03YU5,1. FC Kaiserslautern:1. FC Magdeburg,2023/2024,2. Bundesliga,DFL-CLU-000N5D,1. FC Magdeburg,guest,3-4-3 defensive Midfielder,3-4-3,"[3, 4, 3]"
DFL-MAT-J03YU6,Hannover 96:SC Paderborn 07,2023/2024,2. Bundesliga,DFL-CLU-000001,Hannover 96,home,3-4-2-1 Double-10,3-4-2-1,"[3, 4, 2, 1]"
DFL-MAT-J03YU6,Hannover 96:SC Paderborn 07,2023/2024,2. Bundesliga,DFL-CLU-00000L,SC Paderborn 07,guest,3-4-3 defensive Midfielder,3-4-3,"[3, 4, 3]"
DFL-MAT-J03YU7,SpVgg Greuther Fürth:Eintracht Braunschweig,2023/2024,2. Bundesliga,DFL-CLU-00000X,Eintracht Braunschweig,guest,3-3-2-2,3-3-2-2,"[3, 3, 2, 2]"
DFL-MAT-J03YU7,SpVgg Greuther Fürth:Eintracht Braunschweig,2023/2024,2. Bundesliga,DFL-CLU-00000W,SpVgg Greuther Fürth,home,4-4-2 Double-6 offensive Outliner,4-4-2,"[4, 4, 2]"
DFL-MAT-J03YU8,F.C. Hansa Rostock:Karlsruher SC,2023/2024,2. Bundesliga,DFL-CLU-00000T,Karlsruher SC,guest,4-4-2 Double-6 offensive Outliner,4-4-2,"[4, 4, 2]"
DFL-MAT-J03YU8,F.C. Hansa Rostock:Karlsruher SC,2023/2024,2. Bundesliga,DFL-CLU-00000Q,F.C. Hansa Rostock,home,3-4-1-2 defensive Midfielder,3-4-1-2,"[3, 4, 1, 2]"
DFL-MAT-J03YU9,SV Elversberg:Hertha BSC,2023/2024,2. Bundesliga,DFL-CLU-00000Z,Hertha BSC,guest,4-2-3-1,4-2-3-1,"[4, 2, 3, 1]"
DFL-MAT-J03YU9,SV Elversberg:Hertha BSC,2023/2024,2. Bundesliga,DFL-CLU-000N6L,SV Elversberg,home,4-2-3-1,4-2-3-1,"[4, 2, 3, 1]"
DFL-MAT-J03YUA,VfL Osnabrück:FC Schalke 04,2023/2024,2. Bundesliga,DFL-CLU-000009,FC Schalke 04,guest,4-4-2 Diamond,4-4-2,"[4, 4, 2]"
DFL-MAT-J03YUA,VfL Osnabrück:FC Schalke 04,2023/2024,2. Bundesliga,DFL-CLU-000014,VfL Osnabrück,home,4-2-3-1,4-2-3-1,"[4, 2, 3, 1]"
DFL-MAT-J03YUB,SV Wehen Wiesbaden:Holstein Kiel,2023/2024,2. Bundesliga,DFL-CLU-000N5P,Holstein Kiel,guest,3-3-2-2 Double-10,3-3-2-2,"[3, 3, 2, 2]"
DFL-MAT-J03YUB,SV Wehen Wiesbaden:Holstein Kiel,2023/2024,2. Bundesliga,DFL-CLU-000N5X,SV Wehen Wiesbaden,home,3-4-1-2 defensive Midfielder,3-4-1-2,"[3, 4, 1, 2]"
DFL-MAT-J03YUC,FC Schalke 04:F.C. Hansa Rostock,2023/2024,2. Bundesliga,DFL-CLU-000009,FC Schalke 04,home,4-4-2 Diamond,4-4-2,"[4, 4, 2]"
DFL-MAT-J03YUC,FC Schalke 04:F.C. Hansa Rostock,2023/2024,2. Bundesliga,DFL-CLU-00000Q,F.C. Hansa Rostock,guest,4-2-3-1,4-2-3-1,"[4, 2, 3, 1]"
DFL-MAT-J03YUD,Hertha BSC:1. FC Kaiserslautern,2023/2024,2. Bundesliga,DFL-CLU-00000I,1. FC Kaiserslautern,guest,4-2-3-1,4-2-3-1,"[4, 2, 3, 1]"
DFL-MAT-J03YUD,Hertha BSC:1. FC Kaiserslautern,2023/2024,2. Bundesliga,DFL-CLU-00000Z,Hertha BSC,home,4-2-3-1,4-2-3-1,"[4, 2, 3, 1]"
DFL-MAT-J03YUE,FC St. Pauli:VfL Osnabrück,2023/2024,2. Bundesliga,DFL-CLU-00000H,FC St. Pauli,home,3-4-3 defensive Midfielder,3-4-3,"[3, 4, 3]"
DFL-MAT-J03YUE,FC St. Pauli:VfL Osnabrück,2023/2024,2. Bundesliga,DFL-CLU-000014,VfL Osnabrück,guest,4-2-3-1,4-2-3-1,"[4, 2, 3, 1]"
DFL-MAT-J03YUF,SC Paderborn 07:Hamburger SV,2023/2024,2. Bundesliga,DFL-CLU-00000C,Hamburger SV,guest,4-3-3 with 6,4-3-3,"[4, 3, 3]"
DFL-MAT-J03YUF,SC Paderborn 07:Hamburger SV,2023/2024,2. Bundesliga,DFL-CLU-00000L,SC Paderborn 07,home,3-4-3 defensive Midfielder,3-4-3,"[3, 4, 3]"
DFL-MAT-J03YUG,Karlsruher SC:Hannover 96,2023/2024,2. Bundesliga,DFL-CLU-00000T,Karlsruher SC,home,4-2-3-1,4-2-3-1,"[4, 2, 3, 1]"
DFL-MAT-J03YUG,Karlsruher SC:Hannover 96,2023/2024,2. Bundesliga,DFL-CLU-000001,Hannover 96,guest,3-4-2-1 Double-10,3-4-2-1,"[3, 4, 2, 1]"
DFL-MAT-J03YUH,Holstein Kiel:Fortuna Düsseldorf,2023/2024,2. Bundesliga,DFL-CLU-00000P,Fortuna Düsseldorf,guest,4-2-3-1,4-2-3-1,"[4, 2, 3, 1]"
DFL-MAT-J03YUH,Holstein Kiel:Fortuna Düsseldorf,2023/2024,2. Bundesliga,DFL-CLU-000N5P,Holstein Kiel,home,3-4-3 defensive Midfielder,3-4-3,"[3, 4, 3]"
DFL-MAT-J03YUI,1. FC Magdeburg:SpVgg Greuther Fürth,2023/2024,2. Bundesliga,DFL-CLU-000N5D,1. FC Magdeburg,home,3-4-3 defensive Midfielder,3-4-3,"[3, 4, 3]"
DFL-MAT-J03YUI,1. FC Magdeburg:SpVgg Greuther Fürth,2023/2024,2. Bundesliga,DFL-CLU-00000W,SpVgg Greuther Fürth,guest,3-4-2-1 Double-10,3-4-2-1,"[3, 4, 2, 1]"
DFL-MAT-J03YUJ,1. FC Nürnberg:SV Elversberg,2023/2024,2. Bundesliga,DFL-CLU-000005,1. FC Nürnberg,home,4-1-4-1 offensive Midfielder,4-1-4-1,"[4, 1, 4, 1]"
DFL-MAT-J03YUJ,1. FC Nürnberg:SV Elversberg,2023/2024,2. Bundesliga,DFL-CLU-000N6L,SV Elversberg,guest,4-2-3-1,4-2-3-1,"[4, 2, 3, 1]"
DFL-MAT-J03YUK,Eintracht Braunschweig:SV Wehen Wiesbaden,2023/2024,2. Bundesliga,DFL-CLU-00000X,Eintracht Braunschweig,home,3-3-2-2,3-3-2-2,"[3, 3, 2, 2]"
DFL-MAT-J03YUK,Eintracht Braunschweig:SV Wehen Wiesbaden,2023/2024,2. Bundesliga,DFL-CLU-000N5X,SV Wehen Wiesbaden,guest,3-4-1-2 defensive Midfielder,3-4-1-2,"[3, 4, 1, 2]"
DFL-MAT-J03YUL,Hamburger SV:1. FC Nürnberg,2023/2024,2. Bundesliga,DFL-CLU-00000C,Hamburger SV,home,4-3-3 with 6,4-3-3,"[4, 3, 3]"
DFL-MAT-J03YUL,Hamburger SV:1. FC Nürnberg,2023/2024,2. Bundesliga,DFL-CLU-000005,1. FC Nürnberg,guest,4-3-3 with 6,4-3-3,"[4, 3, 3]"
DFL-MAT-J03YUM,Fortuna Düsseldorf:1. FC Magdeburg,2023/2024,2. Bundesliga,DFL-CLU-00000P,Fortuna Düsseldorf,home,4-3-3 Double-6,4-3-3,"[4, 3, 3]"
DFL-MAT-J03YUM,Fortuna Düsseldorf:1. FC Magdeburg,2023/2024,2. Bundesliga,DFL-CLU-000N5D,1. FC Magdeburg,guest,3-4-3 defensive Midfielder,3-4-3,"[3, 4, 3]"
DFL-MAT-J03YUN,1. FC Kaiserslautern:Eintracht Braunschweig,2023/2024,2. Bundesliga,DFL-CLU-00000I,1. FC Kaiserslautern,home,3-4-2-1 Double-10,3-4-2-1,"[3, 4, 2, 1]"
DFL-MAT-J03YUN,1. FC Kaiserslautern:Eintracht Braunschweig,2023/2024,2. Bundesliga,DFL-CLU-00000X,Eintracht Braunschweig,guest,3-3-2-2,3-3-2-2,"[3, 3, 2, 2]"
DFL-MAT-J03YUO,Hannover 96:Holstein Kiel,2023/2024,2. Bundesliga,DFL-CLU-000001,Hannover 96,home,3-4-2-1 Double-10,3-4-2-1,"[3, 4, 2, 1]"
DFL-MAT-J03YUO,Hannover 96:Holstein Kiel,2023/2024,2. Bundesliga,DFL-CLU-000N5P,Holstein Kiel,guest,3-4-2-1 Double-10,3-4-2-1,"[3, 4, 2, 1]"
DFL-MAT-J03YUP,SpVgg Greuther Fürth:FC Schalke 04,2023/2024,2. Bundesliga,DFL-CLU-000009,FC Schalke 04,guest,4-4-2 Diamond,4-4-2,"[4, 4, 2]"
DFL-MAT-J03YUP,SpVgg Greuther Fürth:FC Schalke 04,2023/2024,2. Bundesliga,DFL-CLU-00000W,SpVgg Greuther Fürth,home,3-4-1-2 defensive Midfielder,3-4-1-2,"[3, 4, 1, 2]"
DFL-MAT-J03YUQ,F.C. Hansa Rostock:SC Paderborn 07,2023/2024,2. Bundesliga,DFL-CLU-00000Q,F.C. Hansa Rostock,home,3-4-3 defensive Midfielder,3-4-3,"[3, 4, 3]"
DFL-MAT-J03YUQ,F.C. Hansa Rostock:SC Paderborn 07,2023/2024,2. Bundesliga,DFL-CLU-00000L,SC Paderborn 07,guest,3-4-3 defensive Midfielder,3-4-3,"[3, 4, 3]"
DFL-MAT-J03YUR,SV Elversberg:Karlsruher SC,2023/2024,2. Bundesliga,DFL-CLU-00000T,Karlsruher SC,guest,4-4-2 Diamond,4-4-2,"[4, 4, 2]"
DFL-MAT-J03YUR,SV Elversberg:Karlsruher SC,2023/2024,2. Bundesliga,DFL-CLU-000N6L,SV Elversberg,home,3-4-2-1 Double-10,3-4-2-1,"[3, 4, 2, 1]"
DFL-MAT-J03YUS,VfL Osnabrück:Hertha BSC,2023/2024,2. Bundesliga,DFL-CLU-00000Z,Hertha BSC,guest,4-2-3-1,4-2-3-1,"[4, 2, 3, 1]"
DFL-MAT-J03YUS,VfL Osnabrück:Hertha BSC,2023/2024,2. Bundesliga,DFL-CLU-000014,VfL Osnabrück,home,4-2-3-1,4-2-3-1,"[4, 2, 3, 1]"
DFL-MAT-J03YUT,SV Wehen Wiesbaden:FC St. Pauli,2023/2024,2. Bundesliga,DFL-CLU-00000H,FC St. Pauli,guest,3-4-3 defensive Midfielder,3-4-3,"[3, 4, 3]"
DFL-MAT-J03YUT,SV Wehen Wiesbaden:FC St. Pauli,2023/2024,2. Bundesliga,DFL-CLU-000N5X,SV Wehen Wiesbaden,home,3-3-2-2,3-3-2-2,"[3, 3, 2, 2]"
DFL-MAT-J04034,Borussia Mönchengladbach:Bayer 04 Leverkusen,2024/2025,Bundesliga,DFL-CLU-00000B,Bayer 04 Leverkusen,guest,3-4-2-1 Double-10,3-4-2-1,"[3, 4, 2, 1]"
DFL-MAT-J04034,Borussia Mönchengladbach:Bayer 04 Leverkusen,2024/2025,Bundesliga,DFL-CLU-000004,Borussia Mönchengladbach,home,4-2-3-1,4-2-3-1,"[4, 2, 3, 1]"
DFL-MAT-J04035,RB Leipzig:VfL Bochum 1848,2024/2025,Bundesliga,DFL-CLU-000017,RB Leipzig,home,4-4-2 Double-6 offensive Outliner,4-4-2,"[4, 4, 2]"
DFL-MAT-J04035,RB Leipzig:VfL Bochum 1848,2024/2025,Bundesliga,DFL-CLU-00000S,VfL Bochum 1848,guest,4-4-2 Diamond,4-4-2,"[4, 4, 2]"
DFL-MAT-J04036,Borussia Dortmund:Eintracht Frankfurt,2024/2025,Bundesliga,DFL-CLU-00000F,Eintracht Frankfurt,guest,4-4-2 Double-6 offensive Outliner,4-4-2,"[4, 4, 2]"
DFL-MAT-J04036,Borussia Dortmund:Eintracht Frankfurt,2024/2025,Bundesliga,DFL-CLU-000007,Borussia Dortmund,home,4-2-3-1,4-2-3-1,"[4, 2, 3, 1]"
DFL-MAT-J04037,TSG Hoffenheim:Holstein Kiel,2024/2025,Bundesliga,DFL-CLU-000N5P,Holstein Kiel,guest,3-4-1-2 defensive Midfielder,3-4-1-2,"[3, 4, 1, 2]"
DFL-MAT-J04037,TSG Hoffenheim:Holstein Kiel,2024/2025,Bundesliga,DFL-CLU-000002,TSG Hoffenheim,home,3-4-1-2,3-4-1-2,"[3, 4, 1, 2]"
DFL-MAT-J04038,Sport-Club Freiburg:VfB Stuttgart,2024/2025,Bundesliga,DFL-CLU-00000D,VfB Stuttgart,guest,4-2-3-1,4-2-3-1,"[4, 2, 3, 1]"
DFL-MAT-J04038,Sport-Club Freiburg:VfB Stuttgart,2024/2025,Bundesliga,DFL-CLU-00000A,Sport-Club Freiburg,home,4-2-3-1,4-2-3-1,"[4, 2, 3, 1]"
DFL-MAT-J04039,FC Augsburg:SV Werder Bremen,2024/2025,Bundesliga,DFL-CLU-00000E,SV Werder Bremen,guest,3-3-2-2,3-3-2-2,"[3, 3, 2, 2]"
DFL-MAT-J04039,FC Augsburg:SV Werder Bremen,2024/2025,Bundesliga,DFL-CLU-000010,FC Augsburg,home,4-4-2 Diamond,4-4-2,"[4, 4, 2]"
DFL-MAT-J0403A,VfL Wolfsburg:FC Bayern München,2024/2025,Bundesliga,DFL-CLU-00000G,FC Bayern München,guest,4-2-3-1,4-2-3-1,"[4, 2, 3, 1]"
DFL-MAT-J0403A,VfL Wolfsburg:FC Bayern München,2024/2025,Bundesliga,DFL-CLU-000003,VfL Wolfsburg,home,4-2-3-1,4-2-3-1,"[4, 2, 3, 1]"
DFL-MAT-J0403B,1. FSV Mainz 05:1. FC Union Berlin,2024/2025,Bundesliga,DFL-CLU-000006,1. FSV Mainz 05,home,3-4-2-1 Double-10,3-4-2-1,"[3, 4, 2, 1]"
DFL-MAT-J0403B,1. FSV Mainz 05:1. FC Union Berlin,2024/2025,Bundesliga,DFL-CLU-00000V,1. FC Union Berlin,guest,3-3-2-2,3-3-2-2,"[3, 3, 2, 2]"
DFL-MAT-J0403C,FC St. Pauli:1. FC Heidenheim 1846,2024/2025,Bundesliga,DFL-CLU-000018,1. FC Heidenheim 1846,guest,4-2-3-1,4-2-3-1,"[4, 2, 3, 1]"
DFL-MAT-J0403C,FC St. Pauli:1. FC Heidenheim 1846,2024/2025,Bundesliga,DFL-CLU-00000H,FC St. Pauli,home,3-3-2-2,3-3-2-2,"[3, 3, 2, 2]"
DFL-MAT-J0403D,Bayer 04 Leverkusen:RB Leipzig,2024/2025,Bundesliga,DFL-CLU-000017,RB Leipzig,guest,3-4-2-1 Double-10,3-4-2-1,"[3, 4, 2, 1]"
DFL-MAT-J0403D,Bayer 04 Leverkusen:RB Leipzig,2024/2025,Bundesliga,DFL-CLU-00000B,Bayer 04 Leverkusen,home,3-4-2-1 Double-10,3-4-2-1,"[3, 4, 2, 1]"
DFL-MAT-J0403E,VfB Stuttgart:1. FSV Mainz 05,2024/2025,Bundesliga,DFL-CLU-00000D,VfB Stuttgart,home,4-4-2 Double-6 offensive Outliner,4-4-2,"[4, 4, 2]"
DFL-MAT-J0403E,VfB Stuttgart:1. FSV Mainz 05,2024/2025,Bundesliga,DFL-CLU-000006,1. FSV Mainz 05,guest,3-4-2-1 Double-10,3-4-2-1,"[3, 4, 2, 1]"
DFL-MAT-J0403F,FC Bayern München:Sport-Club Freiburg,2024/2025,Bundesliga,DFL-CLU-00000G,FC Bayern München,home,3-4-2-1,3-4-2-1,"[3, 4, 2, 1]"
DFL-MAT-J0403F,FC Bayern München:Sport-Club Freiburg,2024/2025,Bundesliga,DFL-CLU-00000A,Sport-Club Freiburg,guest,4-2-3-1,4-2-3-1,"[4, 2, 3, 1]"
DFL-MAT-J0403G,Eintracht Frankfurt:TSG Hoffenheim,2024/2025,Bundesliga,DFL-CLU-00000F,Eintracht Frankfurt,home,3-4-3 defensive Midfielder,3-4-3,"[3, 4, 3]"
DFL-MAT-J0403G,Eintracht Frankfurt:TSG Hoffenheim,2024/2025,Bundesliga,DFL-CLU-000002,TSG Hoffenheim,guest,3-4-1-2,3-4-1-2,"[3, 4, 1, 2]"
DFL-MAT-J0403H,1. FC Heidenheim 1846:FC Augsburg,2024/2025,Bundesliga,DFL-CLU-000018,1. FC Heidenheim 1846,home,4-2-3-1,4-2-3-1,"[4, 2, 3, 1]"
DFL-MAT-J0403H,1. FC Heidenheim 1846:FC Augsburg,2024/2025,Bundesliga,DFL-CLU-000010,FC Augsburg,guest,4-4-2 Diamond,4-4-2,"[4, 4, 2]"
DFL-MAT-J0403I,SV Werder Bremen:Borussia Dortmund,2024/2025,Bundesliga,DFL-CLU-00000E,SV Werder Bremen,home,3-4-3 defensive Midfielder,3-4-3,"[3, 4, 3]"
DFL-MAT-J0403I,SV Werder Bremen:Borussia Dortmund,2024/2025,Bundesliga,DFL-CLU-000007,Borussia Dortmund,guest,4-2-3-1,4-2-3-1,"[4, 2, 3, 1]"
DFL-MAT-J0403J,1. FC Union Berlin:FC St. Pauli,2024/2025,Bundesliga,DFL-CLU-00000H,FC St. Pauli,guest,3-3-2-2,3-3-2-2,"[3, 3, 2, 2]"
DFL-MAT-J0403J,1. FC Union Berlin:FC St. Pauli,2024/2025,Bundesliga,DFL-CLU-00000V,1. FC Union Berlin,home,3-4-3 defensive Midfielder,3-4-3,"[3, 4, 3]"
DFL-MAT-J0403K,VfL Bochum 1848:Borussia Mönchengladbach,2024/2025,Bundesliga,DFL-CLU-000004,Borussia Mönchengladbach,guest,4-2-3-1,4-2-3-1,"[4, 2, 3, 1]"
DFL-MAT-J0403K,VfL Bochum 1848:Borussia Mönchengladbach,2024/2025,Bundesliga,DFL-CLU-00000S,VfL Bochum 1848,home,4-4-2 Diamond,4-4-2,"[4, 4, 2]"
DFL-MAT-J0403L,Holstein Kiel:VfL Wolfsburg,2024/2025,Bundesliga,DFL-CLU-000003,VfL Wolfsburg,guest,4-1-4-1 offensive Midfielder,4-1-4-1,"[4, 1, 4, 1]"
DFL-MAT-J0403L,Holstein Kiel:VfL Wolfsburg,2024/2025,Bundesliga,DFL-CLU-000N5P,Holstein Kiel,home,3-4-1-2 defensive Midfielder,3-4-1-2,"[3, 4, 1, 2]"
DFL-MAT-J0403M,RB Leipzig:1. FC Union Berlin,2024/2025,Bundesliga,DFL-CLU-000017,RB Leipzig,home,3-4-2-1 Double-10,3-4-2-1,"[3, 4, 2, 1]"
DFL-MAT-J0403M,RB Leipzig:1. FC Union Berlin,2024/2025,Bundesliga,DFL-CLU-00000V,1. FC Union Berlin,guest,3-4-2-1 Double-10,3-4-2-1,"[3, 4, 2, 1]"
DFL-MAT-J0403N,Borussia Dortmund:1. FC Heidenheim 1846,2024/2025,Bundesliga,DFL-CLU-000018,1. FC Heidenheim 1846,guest,4-2-3-1,4-2-3-1,"[4, 2, 3, 1]"
DFL-MAT-J0403N,Borussia Dortmund:1. FC Heidenheim 1846,2024/2025,Bundesliga,DFL-CLU-000007,Borussia Dortmund,home,4-2-3-1,4-2-3-1,"[4, 2, 3, 1]"
DFL-MAT-J0403O,TSG Hoffenheim:Bayer 04 Leverkusen,2024/2025,Bundesliga,DFL-CLU-00000B,Bayer 04 Leverkusen,guest,3-4-2-1 Double-10,3-4-2-1,"[3, 4, 2, 1]"
DFL-MAT-J0403O,TSG Hoffenheim:Bayer 04 Leverkusen,2024/2025,Bundesliga,DFL-CLU-000002,TSG Hoffenheim,home,3-3-2-2,3-3-2-2,"[3, 3, 2, 2]"
DFL-MAT-J0403P,Sport-Club Freiburg:VfL Bochum 1848,2024/2025,Bundesliga,DFL-CLU-00000S,VfL Bochum 1848,guest,4-3-3 with 6,4-3-3,"[4, 3, 3]"
DFL-MAT-J0403P,Sport-Club Freiburg:VfL Bochum 1848,2024/2025,Bundesliga,DFL-CLU-00000A,Sport-Club Freiburg,home,4-2-3-1,4-2-3-1,"[4, 2, 3, 1]"
DFL-MAT-J0403Q,FC Augsburg:FC St. Pauli,2024/2025,Bundesliga,DFL-CLU-00000H,FC St. Pauli,guest,3-3-2-2,3-3-2-2,"[3, 3, 2, 2]"
DFL-MAT-J0403Q,FC Augsburg:FC St. Pauli,2024/2025,Bundesliga,DFL-CLU-000010,FC Augsburg,home,3-4-2-1 Double-10,3-4-2-1,"[3, 4, 2, 1]"
DFL-MAT-J0403R,VfL Wolfsburg:Eintracht Frankfurt,2024/2025,Bundesliga,DFL-CLU-00000F,Eintracht Frankfurt,guest,4-4-2 Double-6,4-4-2,"[4, 4, 2]"
DFL-MAT-J0403R,VfL Wolfsburg:Eintracht Frankfurt,2024/2025,Bundesliga,DFL-CLU-000003,VfL Wolfsburg,home,4-2-3-1,4-2-3-1,"[4, 2, 3, 1]"
DFL-MAT-J0403S,1. FSV Mainz 05:SV Werder Bremen,2024/2025,Bundesliga,DFL-CLU-00000E,SV Werder Bremen,guest,3-4-3 defensive Midfielder,3-4-3,"[3, 4, 3]"
DFL-MAT-J0403S,1. FSV Mainz 05:SV Werder Bremen,2024/2025,Bundesliga,DFL-CLU-000006,1. FSV Mainz 05,home,3-4-2-1 Double-10,3-4-2-1,"[3, 4, 2, 1]"
DFL-MAT-J0403T,Borussia Mönchengladbach:VfB Stuttgart,2024/2025,Bundesliga,DFL-CLU-00000D,VfB Stuttgart,guest,4-4-2 Double-6 offensive Outliner,4-4-2,"[4, 4, 2]"
DFL-MAT-J0403T,Borussia Mönchengladbach:VfB Stuttgart,2024/2025,Bundesliga,DFL-CLU-000004,Borussia Mönchengladbach,home,4-4-2 Double-6,4-4-2,"[4, 4, 2]"
DFL-MAT-J0403U,Holstein Kiel:FC Bayern München,2024/2025,Bundesliga,DFL-CLU-00000G,FC Bayern München,guest,4-2-3-1,4-2-3-1,"[4, 2, 3, 1]"
DFL-MAT-J0403U,Holstein Kiel:FC Bayern München,2024/2025,Bundesliga,DFL-CLU-000N5P,Holstein Kiel,home,4-5-1 offensive Outliner,4-5-1,"[4, 5, 1]"
DFL-MAT-J0403V,Bayer 04 Leverkusen:VfL Wolfsburg,2024/2025,Bundesliga,DFL-CLU-00000B,Bayer 04 Leverkusen,home,4-4-2 Double-6 offensive Outliner,4-4-2,"[4, 4, 2]"
DFL-MAT-J0403V,Bayer 04 Leverkusen:VfL Wolfsburg,2024/2025,Bundesliga,DFL-CLU-000003,VfL Wolfsburg,guest,4-2-3-1,4-2-3-1,"[4, 2, 3, 1]"
DFL-MAT-J0403W,VfB Stuttgart:Borussia Dortmund,2024/2025,Bundesliga,DFL-CLU-00000D,VfB Stuttgart,home,4-4-2 Double-6 offensive Outliner,4-4-2,"[4, 4, 2]"
DFL-MAT-J0403W,VfB Stuttgart:Borussia Dortmund,2024/2025,Bundesliga,DFL-CLU-000007,Borussia Dortmund,guest,4-2-3-1,4-2-3-1,"[4, 2, 3, 1]"
DFL-MAT-J0403X,Eintracht Frankfurt:Borussia Mönchengladbach,2024/2025,Bundesliga,DFL-CLU-00000F,Eintracht Frankfurt,home,4-4-2 Double-6,4-4-2,"[4, 4, 2]"
DFL-MAT-J0403X,Eintracht Frankfurt:Borussia Mönchengladbach,2024/2025,Bundesliga,DFL-CLU-000004,Borussia Mönchengladbach,guest,4-2-3-1,4-2-3-1,"[4, 2, 3, 1]"
DFL-MAT-J0403Y,1. FC Heidenheim 1846:Sport-Club Freiburg,2024/2025,Bundesliga,DFL-CLU-000018,1. FC Heidenheim 1846,home,4-1-3-2,4-1-3-2,"[4, 1, 3, 2]"
DFL-MAT-J0403Y,1. FC Heidenheim 1846:Sport-Club Freiburg,2024/2025,Bundesliga,DFL-CLU-00000A,Sport-Club Freiburg,guest,4-2-3-1,4-2-3-1,"[4, 2, 3, 1]"
DFL-MAT-J0403Z,SV Werder Bremen:FC Bayern München,2024/2025,Bundesliga,DFL-CLU-00000G,FC Bayern München,guest,4-2-3-1,4-2-3-1,"[4, 2, 3, 1]"
DFL-MAT-J0403Z,SV Werder Bremen:FC Bayern München,2024/2025,Bundesliga,DFL-CLU-00000E,SV Werder Bremen,home,3-3-2-2,3-3-2-2,"[3, 3, 2, 2]"
DFL-MAT-J04040,FC Augsburg:1. FSV Mainz 05,2024/2025,Bundesliga,DFL-CLU-000006,1. FSV Mainz 05,guest,3-4-2-1 Double-10,3-4-2-1,"[3, 4, 2, 1]"
DFL-MAT-J04040,FC Augsburg:1. FSV Mainz 05,2024/2025,Bundesliga,DFL-CLU-000010,FC Augsburg,home,3-4-2-1 Double-10,3-4-2-1,"[3, 4, 2, 1]"
DFL-MAT-J04041,1. FC Union Berlin:TSG Hoffenheim,2024/2025,Bundesliga,DFL-CLU-00000V,1. FC Union Berlin,home,3-4-2-1 Double-10,3-4-2-1,"[3, 4, 2, 1]"
DFL-MAT-J04041,1. FC Union Berlin:TSG Hoffenheim,2024/2025,Bundesliga,DFL-CLU-000002,TSG Hoffenheim,guest,3-4-2-1 Double-10,3-4-2-1,"[3, 4, 2, 1]"
DFL-MAT-J04042,VfL Bochum 1848:Holstein Kiel,2024/2025,Bundesliga,DFL-CLU-00000S,VfL Bochum 1848,home,4-4-2 Diamond,4-4-2,"[4, 4, 2]"
DFL-MAT-J04042,VfL Bochum 1848:Holstein Kiel,2024/2025,Bundesliga,DFL-CLU-000N5P,Holstein Kiel,guest,3-3-2-2,3-3-2-2,"[3, 3, 2, 2]"
DFL-MAT-J04043,FC St. Pauli:RB Leipzig,2024/2025,Bundesliga,DFL-CLU-000017,RB Leipzig,guest,4-4-2 Double-6 offensive Outliner,4-4-2,"[4, 4, 2]"
DFL-MAT-J04043,FC St. Pauli:RB Leipzig,2024/2025,Bundesliga,DFL-CLU-00000H,FC St. Pauli,home,3-4-3 defensive Midfielder,3-4-3,"[3, 4, 3]"
DFL-MAT-J04044,FC Bayern München:Bayer 04 Leverkusen,2024/2025,Bundesliga,DFL-CLU-00000G,FC Bayern München,home,4-2-3-1,4-2-3-1,"[4, 2, 3, 1]"
DFL-MAT-J04044,FC Bayern München:Bayer 04 Leverkusen,2024/2025,Bundesliga,DFL-CLU-00000B,Bayer 04 Leverkusen,guest,3-4-2-1 Double-10,3-4-2-1,"[3, 4, 2, 1]"
DFL-MAT-J04045,RB Leipzig:FC Augsburg,2024/2025,Bundesliga,DFL-CLU-000017,RB Leipzig,home,4-4-2 Double-6 offensive Outliner,4-4-2,"[4, 4, 2]"
DFL-MAT-J04045,RB Leipzig:FC Augsburg,2024/2025,Bundesliga,DFL-CLU-000010,FC Augsburg,guest,3-4-2-1 Double-10,3-4-2-1,"[3, 4, 2, 1]"
DFL-MAT-J04046,Borussia Dortmund:VfL Bochum 1848,2024/2025,Bundesliga,DFL-CLU-000007,Borussia Dortmund,home,4-2-3-1,4-2-3-1,"[4, 2, 3, 1]"
DFL-MAT-J04046,Borussia Dortmund:VfL Bochum 1848,2024/2025,Bundesliga,DFL-CLU-00000S,VfL Bochum 1848,guest,4-4-2 Diamond,4-4-2,"[4, 4, 2]"
DFL-MAT-J04047,TSG Hoffenheim:SV Werder Bremen,2024/2025,Bundesliga,DFL-CLU-00000E,SV Werder Bremen,guest,3-4-2-1 Double-10,3-4-2-1,"[3, 4, 2, 1]"
DFL-MAT-J04047,TSG Hoffenheim:SV Werder Bremen,2024/2025,Bundesliga,DFL-CLU-000002,TSG Hoffenheim,home,3-4-1-2 defensive Midfielder,3-4-1-2,"[3, 4, 1, 2]"
DFL-MAT-J04048,Sport-Club Freiburg:FC St. Pauli,2024/2025,Bundesliga,DFL-CLU-00000A,Sport-Club Freiburg,home,4-2-3-1,4-2-3-1,"[4, 2, 3, 1]"
DFL-MAT-J04048,Sport-Club Freiburg:FC St. Pauli,2024/2025,Bundesliga,DFL-CLU-00000H,FC St. Pauli,guest,3-4-3 defensive Midfielder,3-4-3,"[3, 4, 3]"
DFL-MAT-J04049,VfL Wolfsburg:VfB Stuttgart,2024/2025,Bundesliga,DFL-CLU-00000D,VfB Stuttgart,guest,4-2-3-1,4-2-3-1,"[4, 2, 3, 1]"
DFL-MAT-J04049,VfL Wolfsburg:VfB Stuttgart,2024/2025,Bundesliga,DFL-CLU-000003,VfL Wolfsburg,home,4-4-2 Double-6 offensive Outliner,4-4-2,"[4, 4, 2]"
DFL-MAT-J0404A,1. FSV Mainz 05:1. FC Heidenheim 1846,2024/2025,Bundesliga,DFL-CLU-000018,1. FC Heidenheim 1846,guest,4-2-3-1,4-2-3-1,"[4, 2, 3, 1]"
DFL-MAT-J0404A,1. FSV Mainz 05:1. FC Heidenheim 1846,2024/2025,Bundesliga,DFL-CLU-000006,1. FSV Mainz 05,home,3-4-2-1 Double-10,3-4-2-1,"[3, 4, 2, 1]"
DFL-MAT-J0404B,Borussia Mönchengladbach:1. FC Union Berlin,2024/2025,Bundesliga,DFL-CLU-000004,Borussia Mönchengladbach,home,4-2-3-1,4-2-3-1,"[4, 2, 3, 1]"
DFL-MAT-J0404B,Borussia Mönchengladbach:1. FC Union Berlin,2024/2025,Bundesliga,DFL-CLU-00000V,1. FC Union Berlin,guest,3-4-2-1 Double-10,3-4-2-1,"[3, 4, 2, 1]"
DFL-MAT-J0404C,Holstein Kiel:Eintracht Frankfurt,2024/2025,Bundesliga,DFL-CLU-00000F,Eintracht Frankfurt,guest,4-2-3-1,4-2-3-1,"[4, 2, 3, 1]"
DFL-MAT-J0404C,Holstein Kiel:Eintracht Frankfurt,2024/2025,Bundesliga,DFL-CLU-000N5P,Holstein Kiel,home,3-3-2-2,3-3-2-2,"[3, 3, 2, 2]"
DFL-MAT-J0404D,Bayer 04 Leverkusen:Holstein Kiel,2024/2025,Bundesliga,DFL-CLU-00000B,Bayer 04 Leverkusen,home,3-4-2-1 Double-10,3-4-2-1,"[3, 4, 2, 1]"
DFL-MAT-J0404D,Bayer 04 Leverkusen:Holstein Kiel,2024/2025,Bundesliga,DFL-CLU-000N5P,Holstein Kiel,guest,3-3-2-2,3-3-2-2,"[3, 3, 2, 2]"
DFL-MAT-J0404E,VfB Stuttgart:TSG Hoffenheim,2024/2025,Bundesliga,DFL-CLU-00000D,VfB Stuttgart,home,3-4-1-2 defensive Midfielder,3-4-1-2,"[3, 4, 1, 2]"
DFL-MAT-J0404E,VfB Stuttgart:TSG Hoffenheim,2024/2025,Bundesliga,DFL-CLU-000002,TSG Hoffenheim,guest,3-4-1-2 defensive Midfielder,3-4-1-2,"[3, 4, 1, 2]"
DFL-MAT-J0404F,Eintracht Frankfurt:FC Bayern München,2024/2025,Bundesliga,DFL-CLU-00000G,FC Bayern München,guest,4-4-2 Double-6 offensive Outliner,4-4-2,"[4, 4, 2]"
DFL-MAT-J0404F,Eintracht Frankfurt:FC Bayern München,2024/2025,Bundesliga,DFL-CLU-00000F,Eintracht Frankfurt,home,4-4-2 Double-6,4-4-2,"[4, 4, 2]"
DFL-MAT-J0404G,1. FC Heidenheim 1846:RB Leipzig,2024/2025,Bundesliga,DFL-CLU-000018,1. FC Heidenheim 1846,home,4-2-3-1,4-2-3-1,"[4, 2, 3, 1]"
DFL-MAT-J0404G,1. FC Heidenheim 1846:RB Leipzig,2024/2025,Bundesliga,DFL-CLU-000017,RB Leipzig,guest,4-4-2 Double-6 offensive Outliner,4-4-2,"[4, 4, 2]"
DFL-MAT-J0404H,SV Werder Bremen:Sport-Club Freiburg,2024/2025,Bundesliga,DFL-CLU-00000E,SV Werder Bremen,home,3-4-2-1 Double-10,3-4-2-1,"[3, 4, 2, 1]"
DFL-MAT-J0404H,SV Werder Bremen:Sport-Club Freiburg,2024/2025,Bundesliga,DFL-CLU-00000A,Sport-Club Freiburg,guest,4-5-1 offensive Outliner,4-5-1,"[4, 5, 1]"
DFL-MAT-J0404I,FC Augsburg:Borussia Mönchengladbach,2024/2025,Bundesliga,DFL-CLU-000004,Borussia Mönchengladbach,guest,4-2-3-1,4-2-3-1,"[4, 2, 3, 1]"
DFL-MAT-J0404I,FC Augsburg:Borussia Mönchengladbach,2024/2025,Bundesliga,DFL-CLU-000010,FC Augsburg,home,3-3-2-2,3-3-2-2,"[3, 3, 2, 2]"
DFL-MAT-J0404J,1. FC Union Berlin:Borussia Dortmund,2024/2025,Bundesliga,DFL-CLU-000007,Borussia Dortmund,guest,4-2-3-1,4-2-3-1,"[4, 2, 3, 1]"
DFL-MAT-J0404J,1. FC Union Berlin:Borussia Dortmund,2024/2025,Bundesliga,DFL-CLU-00000V,1. FC Union Berlin,home,3-4-3 defensive Midfielder,3-4-3,"[3, 4, 3]"
DFL-MAT-J0404K,VfL Bochum 1848:VfL Wolfsburg,2024/2025,Bundesliga,DFL-CLU-00000S,VfL Bochum 1848,home,4-4-2 Diamond,4-4-2,"[4, 4, 2]"
DFL-MAT-J0404K,VfL Bochum 1848:VfL Wolfsburg,2024/2025,Bundesliga,DFL-CLU-000003,VfL Wolfsburg,guest,3-4-1-2 defensive Midfielder,3-4-1-2,"[3, 4, 1, 2]"
DFL-MAT-J0404L,FC St. Pauli:1. FSV Mainz 05,2024/2025,Bundesliga,DFL-CLU-000006,1. FSV Mainz 05,guest,3-4-2-1 Double-10,3-4-2-1,"[3, 4, 2, 1]"
DFL-MAT-J0404L,FC St. Pauli:1. FSV Mainz 05,2024/2025,Bundesliga,DFL-CLU-00000H,FC St. Pauli,home,3-4-3 defensive Midfielder,3-4-3,"[3, 4, 3]"
DFL-MAT-J0404M,Bayer 04 Leverkusen:Eintracht Frankfurt,2024/2025,Bundesliga,DFL-CLU-00000F,Eintracht Frankfurt,guest,4-4-2 Double-6,4-4-2,"[4, 4, 2]"
DFL-MAT-J0404M,Bayer 04 Leverkusen:Eintracht Frankfurt,2024/2025,Bundesliga,DFL-CLU-00000B,Bayer 04 Leverkusen,home,3-4-2-1 Double-10,3-4-2-1,"[3, 4, 2, 1]"
DFL-MAT-J0404N,FC Bayern München:VfB Stuttgart,2024/2025,Bundesliga,DFL-CLU-00000G,FC Bayern München,home,4-4-2 Double-6 offensive Outliner,4-4-2,"[4, 4, 2]"
DFL-MAT-J0404N,FC Bayern München:VfB Stuttgart,2024/2025,Bundesliga,DFL-CLU-00000D,VfB Stuttgart,guest,4-4-2 Double-6,4-4-2,"[4, 4, 2]"
DFL-MAT-J0404O,Borussia Dortmund:FC St. Pauli,2024/2025,Bundesliga,DFL-CLU-000007,Borussia Dortmund,home,4-2-3-1,4-2-3-1,"[4, 2, 3, 1]"
DFL-MAT-J0404O,Borussia Dortmund:FC St. Pauli,2024/2025,Bundesliga,DFL-CLU-00000H,FC St. Pauli,guest,3-4-3 defensive Midfielder,3-4-3,"[3, 4, 3]"
DFL-MAT-J0404P,TSG Hoffenheim:VfL Bochum 1848,2024/2025,Bundesliga,DFL-CLU-00000S,VfL Bochum 1848,guest,4-3-3 with 6,4-3-3,"[4, 3, 3]"
DFL-MAT-J0404P,TSG Hoffenheim:VfL Bochum 1848,2024/2025,Bundesliga,DFL-CLU-000002,TSG Hoffenheim,home,3-4-1-2 defensive Midfielder,3-4-1-2,"[3, 4, 1, 2]"
DFL-MAT-J0404Q,Sport-Club Freiburg:FC Augsburg,2024/2025,Bundesliga,DFL-CLU-00000A,Sport-Club Freiburg,home,4-2-3-1,4-2-3-1,"[4, 2, 3, 1]"
DFL-MAT-J0404Q,Sport-Club Freiburg:FC Augsburg,2024/2025,Bundesliga,DFL-CLU-000010,FC Augsburg,guest,3-3-2-2,3-3-2-2,"[3, 3, 2, 2]"
DFL-MAT-J0404R,VfL Wolfsburg:SV Werder Bremen,2024/2025,Bundesliga,DFL-CLU-00000E,SV Werder Bremen,guest,3-4-2-1 Double-10,3-4-2-1,"[3, 4, 2, 1]"
DFL-MAT-J0404R,VfL Wolfsburg:SV Werder Bremen,2024/2025,Bundesliga,DFL-CLU-000003,VfL Wolfsburg,home,3-4-1-2 defensive Midfielder,3-4-1-2,"[3, 4, 1, 2]"
DFL-MAT-J0404S,1. FSV Mainz 05:RB Leipzig,2024/2025,Bundesliga,DFL-CLU-000017,RB Leipzig,guest,3-4-2-1 Double-10,3-4-2-1,"[3, 4, 2, 1]"
DFL-MAT-J0404S,1. FSV Mainz 05:RB Leipzig,2024/2025,Bundesliga,DFL-CLU-000006,1. FSV Mainz 05,home,3-4-2-1 Double-10,3-4-2-1,"[3, 4, 2, 1]"
DFL-MAT-J0404T,Borussia Mönchengladbach:1. FC Heidenheim 1846,2024/2025,Bundesliga,DFL-CLU-000018,1. FC Heidenheim 1846,guest,4-2-3-1,4-2-3-1,"[4, 2, 3, 1]"
DFL-MAT-J0404T,Borussia Mönchengladbach:1. FC Heidenheim 1846,2024/2025,Bundesliga,DFL-CLU-000004,Borussia Mönchengladbach,home,4-2-3-1,4-2-3-1,"[4, 2, 3, 1]"
DFL-MAT-J0404U,Holstein Kiel:1. FC Union Berlin,2024/2025,Bundesliga,DFL-CLU-00000V,1. FC Union Berlin,guest,3-4-3 defensive Midfielder,3-4-3,"[3, 4, 3]"
DFL-MAT-J0404U,Holstein Kiel:1. FC Union Berlin,2024/2025,Bundesliga,DFL-CLU-000N5P,Holstein Kiel,home,3-3-2-2,3-3-2-2,"[3, 3, 2, 2]"
DFL-MAT-J0404V,VfB Stuttgart:Holstein Kiel,2024/2025,Bundesliga,DFL-CLU-00000D,VfB Stuttgart,home,4-4-2 Double-6 offensive Outliner,4-4-2,"[4, 4, 2]"
DFL-MAT-J0404V,VfB Stuttgart:Holstein Kiel,2024/2025,Bundesliga,DFL-CLU-000N5P,Holstein Kiel,guest,3-3-2-2,3-3-2-2,"[3, 3, 2, 2]"
DFL-MAT-J0404W,RB Leipzig:Sport-Club Freiburg,2024/2025,Bundesliga,DFL-CLU-000017,RB Leipzig,home,4-4-2 Double-6 offensive Outliner,4-4-2,"[4, 4, 2]"
DFL-MAT-J0404W,RB Leipzig:Sport-Club Freiburg,2024/2025,Bundesliga,DFL-CLU-00000A,Sport-Club Freiburg,guest,4-2-3-1,4-2-3-1,"[4, 2, 3, 1]"
DFL-MAT-J0404X,1. FC Heidenheim 1846:TSG Hoffenheim,2024/2025,Bundesliga,DFL-CLU-000018,1. FC Heidenheim 1846,home,4-3-3 with 6,4-3-3,"[4, 3, 3]"
DFL-MAT-J0404X,1. FC Heidenheim 1846:TSG Hoffenheim,2024/2025,Bundesliga,DFL-CLU-000002,TSG Hoffenheim,guest,3-4-1-2 defensive Midfielder,3-4-1-2,"[3, 4, 1, 2]"
DFL-MAT-J0404Y,SV Werder Bremen:Bayer 04 Leverkusen,2024/2025,Bundesliga,DFL-CLU-00000E,SV Werder Bremen,home,3-4-2-1 Double-10,3-4-2-1,"[3, 4, 2, 1]"
DFL-MAT-J0404Y,SV Werder Bremen:Bayer 04 Leverkusen,2024/2025,Bundesliga,DFL-CLU-00000B,Bayer 04 Leverkusen,guest,3-4-2-1 Double-10,3-4-2-1,"[3, 4, 2, 1]"
DFL-MAT-J0404Z,FC Augsburg:Borussia Dortmund,2024/2025,Bundesliga,DFL-CLU-000007,Borussia Dortmund,guest,4-2-3-1,4-2-3-1,"[4, 2, 3, 1]"
DFL-MAT-J0404Z,FC Augsburg:Borussia Dortmund,2024/2025,Bundesliga,DFL-CLU-000010,FC Augsburg,home,3-3-2-2,3-3-2-2,"[3, 3, 2, 2]"
DFL-MAT-J04050,1. FSV Mainz 05:Borussia Mönchengladbach,2024/2025,Bundesliga,DFL-CLU-000004,Borussia Mönchengladbach,guest,4-2-3-1,4-2-3-1,"[4, 2, 3, 1]"
DFL-MAT-J04050,1. FSV Mainz 05:Borussia Mönchengladbach,2024/2025,Bundesliga,DFL-CLU-000006,1. FSV Mainz 05,home,3-4-2-1 Double-10,3-4-2-1,"[3, 4, 2, 1]"
DFL-MAT-J04051,1. FC Union Berlin:Eintracht Frankfurt,2024/2025,Bundesliga,DFL-CLU-00000F,Eintracht Frankfurt,guest,4-4-2 Double-6,4-4-2,"[4, 4, 2]"
DFL-MAT-J04051,1. FC Union Berlin:Eintracht Frankfurt,2024/2025,Bundesliga,DFL-CLU-00000V,1. FC Union Berlin,home,3-4-3 defensive Midfielder,3-4-3,"[3, 4, 3]"
DFL-MAT-J04052,VfL Bochum 1848:FC Bayern München,2024/2025,Bundesliga,DFL-CLU-00000G,FC Bayern München,guest,4-2-3-1,4-2-3-1,"[4, 2, 3, 1]"
DFL-MAT-J04052,VfL Bochum 1848:FC Bayern München,2024/2025,Bundesliga,DFL-CLU-00000S,VfL Bochum 1848,home,3-3-2-2,3-3-2-2,"[3, 3, 2, 2]"
DFL-MAT-J04053,FC St. Pauli:VfL Wolfsburg,2024/2025,Bundesliga,DFL-CLU-00000H,FC St. Pauli,home,3-4-3 defensive Midfielder,3-4-3,"[3, 4, 3]"
DFL-MAT-J04053,FC St. Pauli:VfL Wolfsburg,2024/2025,Bundesliga,DFL-CLU-000003,VfL Wolfsburg,guest,4-2-3-1,4-2-3-1,"[4, 2, 3, 1]"
DFL-MAT-J04054,Bayer 04 Leverkusen:VfB Stuttgart,2024/2025,Bundesliga,DFL-CLU-00000D,VfB Stuttgart,guest,4-4-2 Double-6 offensive Outliner,4-4-2,"[4, 4, 2]"
DFL-MAT-J04054,Bayer 04 Leverkusen:VfB Stuttgart,2024/2025,Bundesliga,DFL-CLU-00000B,Bayer 04 Leverkusen,home,4-2-3-1,4-2-3-1,"[4, 2, 3, 1]"
DFL-MAT-J04055,FC Bayern München:1. FC Union Berlin,2024/2025,Bundesliga,DFL-CLU-00000G,FC Bayern München,home,4-2-3-1,4-2-3-1,"[4, 2, 3, 1]"
DFL-MAT-J04055,FC Bayern München:1. FC Union Berlin,2024/2025,Bundesliga,DFL-CLU-00000V,1. FC Union Berlin,guest,3-4-2-1 Double-10,3-4-2-1,"[3, 4, 2, 1]"
DFL-MAT-J04056,Borussia Dortmund:RB Leipzig,2024/2025,Bundesliga,DFL-CLU-000017,RB Leipzig,guest,3-4-2-1 Double-10,3-4-2-1,"[3, 4, 2, 1]"
DFL-MAT-J04056,Borussia Dortmund:RB Leipzig,2024/2025,Bundesliga,DFL-CLU-000007,Borussia Dortmund,home,4-1-4-1 offensive Midfielder,4-1-4-1,"[4, 1, 4, 1]"
DFL-MAT-J04057,Eintracht Frankfurt:VfL Bochum 1848,2024/2025,Bundesliga,DFL-CLU-00000F,Eintracht Frankfurt,home,4-4-2 Double-6,4-4-2,"[4, 4, 2]"
DFL-MAT-J04057,Eintracht Frankfurt:VfL Bochum 1848,2024/2025,Bundesliga,DFL-CLU-00000S,VfL Bochum 1848,guest,4-4-2 Double-6 offensive Outliner,4-4-2,"[4, 4, 2]"
DFL-MAT-J04058,TSG Hoffenheim:FC St. Pauli,2024/2025,Bundesliga,DFL-CLU-00000H,FC St. Pauli,guest,3-4-3 defensive Midfielder,3-4-3,"[3, 4, 3]"
DFL-MAT-J04058,TSG Hoffenheim:FC St. Pauli,2024/2025,Bundesliga,DFL-CLU-000002,TSG Hoffenheim,home,3-4-1-2 defensive Midfielder,3-4-1-2,"[3, 4, 1, 2]"
DFL-MAT-J04059,Sport-Club Freiburg:1. FSV Mainz 05,2024/2025,Bundesliga,DFL-CLU-00000A,Sport-Club Freiburg,home,4-2-3-1,4-2-3-1,"[4, 2, 3, 1]"
DFL-MAT-J04059,Sport-Club Freiburg:1. FSV Mainz 05,2024/2025,Bundesliga,DFL-CLU-000006,1. FSV Mainz 05,guest,3-4-2-1 Double-10,3-4-2-1,"[3, 4, 2, 1]"
DFL-MAT-J0405A,VfL Wolfsburg:FC Augsburg,2024/2025,Bundesliga,DFL-CLU-000003,VfL Wolfsburg,home,4-2-3-1,4-2-3-1,"[4, 2, 3, 1]"
DFL-MAT-J0405A,VfL Wolfsburg:FC Augsburg,2024/2025,Bundesliga,DFL-CLU-000010,FC Augsburg,guest,3-3-2-2,3-3-2-2,"[3, 3, 2, 2]"
DFL-MAT-J0405B,Borussia Mönchengladbach:SV Werder Bremen,2024/2025,Bundesliga,DFL-CLU-00000E,SV Werder Bremen,guest,3-4-2-1 Double-10,3-4-2-1,"[3, 4, 2, 1]"
DFL-MAT-J0405B,Borussia Mönchengladbach:SV Werder Bremen,2024/2025,Bundesliga,DFL-CLU-000004,Borussia Mönchengladbach,home,4-2-3-1,4-2-3-1,"[4, 2, 3, 1]"
DFL-MAT-J0405C,Holstein Kiel:1. FC Heidenheim 1846,2024/2025,Bundesliga,DFL-CLU-000018,1. FC Heidenheim 1846,guest,3-4-3 defensive Midfielder,3-4-3,"[3, 4, 3]"
DFL-MAT-J0405C,Holstein Kiel:1. FC Heidenheim 1846,2024/2025,Bundesliga,DFL-CLU-000N5P,Holstein Kiel,home,3-3-2-2,3-3-2-2,"[3, 3, 2, 2]"
DFL-MAT-J0405D,VfB Stuttgart:Eintracht Frankfurt,2024/2025,Bundesliga,DFL-CLU-00000F,Eintracht Frankfurt,guest,4-4-2 Double-6,4-4-2,"[4, 4, 2]"
DFL-MAT-J0405D,VfB Stuttgart:Eintracht Frankfurt,2024/2025,Bundesliga,DFL-CLU-00000D,VfB Stuttgart,home,4-2-3-1,4-2-3-1,"[4, 2, 3, 1]"
DFL-MAT-J0405E,RB Leipzig:Borussia Mönchengladbach,2024/2025,Bundesliga,DFL-CLU-000017,RB Leipzig,home,3-4-2-1 Double-10,3-4-2-1,"[3, 4, 2, 1]"
DFL-MAT-J0405E,RB Leipzig:Borussia Mönchengladbach,2024/2025,Bundesliga,DFL-CLU-000004,Borussia Mönchengladbach,guest,4-2-3-1,4-2-3-1,"[4, 2, 3, 1]"
DFL-MAT-J0405F,1. FC Heidenheim 1846:VfL Wolfsburg,2024/2025,Bundesliga,DFL-CLU-000018,1. FC Heidenheim 1846,home,4-2-3-1,4-2-3-1,"[4, 2, 3, 1]"
DFL-MAT-J0405F,1. FC Heidenheim 1846:VfL Wolfsburg,2024/2025,Bundesliga,DFL-CLU-000003,VfL Wolfsburg,guest,4-5-1 offensive Outliner,4-5-1,"[4, 5, 1]"
DFL-MAT-J0405G,SV Werder Bremen:Holstein Kiel,2024/2025,Bundesliga,DFL-CLU-00000E,SV Werder Bremen,home,3-3-2-2,3-3-2-2,"[3, 3, 2, 2]"
DFL-MAT-J0405G,SV Werder Bremen:Holstein Kiel,2024/2025,Bundesliga,DFL-CLU-000N5P,Holstein Kiel,guest,3-1-4-2,3-1-4-2,"[3, 1, 4, 2]"
DFL-MAT-J0405H,FC Augsburg:TSG Hoffenheim,2024/2025,Bundesliga,DFL-CLU-000010,FC Augsburg,home,3-3-2-2,3-3-2-2,"[3, 3, 2, 2]"
DFL-MAT-J0405H,FC Augsburg:TSG Hoffenheim,2024/2025,Bundesliga,DFL-CLU-000002,TSG Hoffenheim,guest,3-5-1-1,3-5-1-1,"[3, 5, 1, 1]"
DFL-MAT-J0405I,1. FSV Mainz 05:Borussia Dortmund,2024/2025,Bundesliga,DFL-CLU-000007,Borussia Dortmund,guest,4-1-4-1 offensive Midfielder,4-1-4-1,"[4, 1, 4, 1]"
DFL-MAT-J0405I,1. FSV Mainz 05:Borussia Dortmund,2024/2025,Bundesliga,DFL-CLU-000006,1. FSV Mainz 05,home,3-4-2-1 Double-10,3-4-2-1,"[3, 4, 2, 1]"
DFL-MAT-J0405J,1. FC Union Berlin:Sport-Club Freiburg,2024/2025,Bundesliga,DFL-CLU-00000A,Sport-Club Freiburg,guest,4-2-3-1,4-2-3-1,"[4, 2, 3, 1]"
DFL-MAT-J0405J,1. FC Union Berlin:Sport-Club Freiburg,2024/2025,Bundesliga,DFL-CLU-00000V,1. FC Union Berlin,home,3-4-2-1 Double-10,3-4-2-1,"[3, 4, 2, 1]"
DFL-MAT-J0405K,VfL Bochum 1848:Bayer 04 Leverkusen,2024/2025,Bundesliga,DFL-CLU-00000B,Bayer 04 Leverkusen,guest,3-4-2-1 Double-10,3-4-2-1,"[3, 4, 2, 1]"
DFL-MAT-J0405K,VfL Bochum 1848:Bayer 04 Leverkusen,2024/2025,Bundesliga,DFL-CLU-00000S,VfL Bochum 1848,home,3-3-2-2,3-3-2-2,"[3, 3, 2, 2]"
DFL-MAT-J0405L,FC St. Pauli:FC Bayern München,2024/2025,Bundesliga,DFL-CLU-00000G,FC Bayern München,guest,4-2-3-1,4-2-3-1,"[4, 2, 3, 1]"
DFL-MAT-J0405L,FC St. Pauli:FC Bayern München,2024/2025,Bundesliga,DFL-CLU-00000H,FC St. Pauli,home,3-4-3 defensive Midfielder,3-4-3,"[3, 4, 3]"
DFL-MAT-J0405M,Bayer 04 Leverkusen:1. FC Heidenheim 1846,2024/2025,Bundesliga,DFL-CLU-000018,1. FC Heidenheim 1846,guest,3-3-2-2,3-3-2-2,"[3, 3, 2, 2]"
DFL-MAT-J0405M,Bayer 04 Leverkusen:1. FC Heidenheim 1846,2024/2025,Bundesliga,DFL-CLU-00000B,Bayer 04 Leverkusen,home,3-1-4-2,3-1-4-2,"[3, 1, 4, 2]"
DFL-MAT-J0405N,VfB Stuttgart:VfL Bochum 1848,2024/2025,Bundesliga,DFL-CLU-00000D,VfB Stuttgart,home,4-4-2 Double-6 offensive Outliner,4-4-2,"[4, 4, 2]"
DFL-MAT-J0405N,VfB Stuttgart:VfL Bochum 1848,2024/2025,Bundesliga,DFL-CLU-00000S,VfL Bochum 1848,guest,3-3-2-2,3-3-2-2,"[3, 3, 2, 2]"
DFL-MAT-J0405O,FC Bayern München:FC Augsburg,2024/2025,Bundesliga,DFL-CLU-00000G,FC Bayern München,home,4-2-3-1,4-2-3-1,"[4, 2, 3, 1]"
DFL-MAT-J0405O,FC Bayern München:FC Augsburg,2024/2025,Bundesliga,DFL-CLU-000010,FC Augsburg,guest,3-3-2-2,3-3-2-2,"[3, 3, 2, 2]"
DFL-MAT-J0405P,Borussia Dortmund:Sport-Club Freiburg,2024/2025,Bundesliga,DFL-CLU-000007,Borussia Dortmund,home,4-1-4-1 offensive Midfielder,4-1-4-1,"[4, 1, 4, 1]"
DFL-MAT-J0405P,Borussia Dortmund:Sport-Club Freiburg,2024/2025,Bundesliga,DFL-CLU-00000A,Sport-Club Freiburg,guest,4-2-3-1,4-2-3-1,"[4, 2, 3, 1]"
DFL-MAT-J0405Q,Eintracht Frankfurt:SV Werder Bremen,2024/2025,Bundesliga,DFL-CLU-00000E,SV Werder Bremen,guest,3-4-2-1 defensive Midfielder,3-4-2-1,"[3, 4, 2, 1]"
DFL-MAT-J0405Q,Eintracht Frankfurt:SV Werder Bremen,2024/2025,Bundesliga,DFL-CLU-00000F,Eintracht Frankfurt,home,4-4-2 Double-6,4-4-2,"[4, 4, 2]"
DFL-MAT-J0405R,TSG Hoffenheim:RB Leipzig,2024/2025,Bundesliga,DFL-CLU-000017,RB Leipzig,guest,3-4-2-1 Double-10,3-4-2-1,"[3, 4, 2, 1]"
DFL-MAT-J0405R,TSG Hoffenheim:RB Leipzig,2024/2025,Bundesliga,DFL-CLU-000002,TSG Hoffenheim,home,4-2-3-1,4-2-3-1,"[4, 2, 3, 1]"
DFL-MAT-J0405S,VfL Wolfsburg:1. FC Union Berlin,2024/2025,Bundesliga,DFL-CLU-000003,VfL Wolfsburg,home,3-4-1-2 defensive Midfielder,3-4-1-2,"[3, 4, 1, 2]"
DFL-MAT-J0405S,VfL Wolfsburg:1. FC Union Berlin,2024/2025,Bundesliga,DFL-CLU-00000V,1. FC Union Berlin,guest,3-4-2-1 Double-10,3-4-2-1,"[3, 4, 2, 1]"
DFL-MAT-J0405T,Borussia Mönchengladbach:FC St. Pauli,2024/2025,Bundesliga,DFL-CLU-000004,Borussia Mönchengladbach,home,4-2-3-1,4-2-3-1,"[4, 2, 3, 1]"
DFL-MAT-J0405T,Borussia Mönchengladbach:FC St. Pauli,2024/2025,Bundesliga,DFL-CLU-00000H,FC St. Pauli,guest,3-4-3 defensive Midfielder,3-4-3,"[3, 4, 3]"
DFL-MAT-J0405U,Holstein Kiel:1. FSV Mainz 05,2024/2025,Bundesliga,DFL-CLU-000006,1. FSV Mainz 05,guest,3-4-2-1 Double-10,3-4-2-1,"[3, 4, 2, 1]"
DFL-MAT-J0405U,Holstein Kiel:1. FSV Mainz 05,2024/2025,Bundesliga,DFL-CLU-000N5P,Holstein Kiel,home,3-4-1-2 defensive Midfielder,3-4-1-2,"[3, 4, 1, 2]"
DFL-MAT-J0405V,RB Leipzig:VfL Wolfsburg,2024/2025,Bundesliga,DFL-CLU-000017,RB Leipzig,home,4-4-2 Double-6 offensive Outliner,4-4-2,"[4, 4, 2]"
DFL-MAT-J0405V,RB Leipzig:VfL Wolfsburg,2024/2025,Bundesliga,DFL-CLU-000003,VfL Wolfsburg,guest,4-4-2 Double-6,4-4-2,"[4, 4, 2]"
DFL-MAT-J0405W,Borussia Dortmund:FC Bayern München,2024/2025,Bundesliga,DFL-CLU-00000G,FC Bayern München,guest,4-2-3-1,4-2-3-1,"[4, 2, 3, 1]"
DFL-MAT-J0405W,Borussia Dortmund:FC Bayern München,2024/2025,Bundesliga,DFL-CLU-000007,Borussia Dortmund,home,4-3-3 with 6,4-3-3,"[4, 3, 3]"
DFL-MAT-J0405X,1. FC Heidenheim 1846:Eintracht Frankfurt,2024/2025,Bundesliga,DFL-CLU-000018,1. FC Heidenheim 1846,home,3-4-2-1 Double-10,3-4-2-1,"[3, 4, 2, 1]"
DFL-MAT-J0405X,1. FC Heidenheim 1846:Eintracht Frankfurt,2024/2025,Bundesliga,DFL-CLU-00000F,Eintracht Frankfurt,guest,4-4-2 Double-6 offensive Outliner,4-4-2,"[4, 4, 2]"
DFL-MAT-J0405Y,SV Werder Bremen:VfB Stuttgart,2024/2025,Bundesliga,DFL-CLU-00000E,SV Werder Bremen,home,4-4-2 Double-6,4-4-2,"[4, 4, 2]"
DFL-MAT-J0405Y,SV Werder Bremen:VfB Stuttgart,2024/2025,Bundesliga,DFL-CLU-00000D,VfB Stuttgart,guest,4-2-3-1,4-2-3-1,"[4, 2, 3, 1]"
DFL-MAT-J0405Z,Sport-Club Freiburg:Borussia Mönchengladbach,2024/2025,Bundesliga,DFL-CLU-000004,Borussia Mönchengladbach,guest,4-2-3-1,4-2-3-1,"[4, 2, 3, 1]"
DFL-MAT-J0405Z,Sport-Club Freiburg:Borussia Mönchengladbach,2024/2025,Bundesliga,DFL-CLU-00000A,Sport-Club Freiburg,home,4-2-3-1,4-2-3-1,"[4, 2, 3, 1]"
DFL-MAT-J04060,FC Augsburg:VfL Bochum 1848,2024/2025,Bundesliga,DFL-CLU-00000S,VfL Bochum 1848,guest,3-4-3 defensive Midfielder,3-4-3,"[3, 4, 3]"
DFL-MAT-J04060,FC Augsburg:VfL Bochum 1848,2024/2025,Bundesliga,DFL-CLU-000010,FC Augsburg,home,3-3-2-2,3-3-2-2,"[3, 3, 2, 2]"
DFL-MAT-J04061,1. FSV Mainz 05:TSG Hoffenheim,2024/2025,Bundesliga,DFL-CLU-000006,1. FSV Mainz 05,home,3-4-2-1 Double-10,3-4-2-1,"[3, 4, 2, 1]"
DFL-MAT-J04061,1. FSV Mainz 05:TSG Hoffenheim,2024/2025,Bundesliga,DFL-CLU-000002,TSG Hoffenheim,guest,4-2-3-1,4-2-3-1,"[4, 2, 3, 1]"
DFL-MAT-J04062,1. FC Union Berlin:Bayer 04 Leverkusen,2024/2025,Bundesliga,DFL-CLU-00000B,Bayer 04 Leverkusen,guest,4-1-4-1,4-1-4-1,"[4, 1, 4, 1]"
DFL-MAT-J04062,1. FC Union Berlin:Bayer 04 Leverkusen,2024/2025,Bundesliga,DFL-CLU-00000V,1. FC Union Berlin,home,3-4-2-1 Double-10,3-4-2-1,"[3, 4, 2, 1]"
DFL-MAT-J04063,FC St. Pauli:Holstein Kiel,2024/2025,Bundesliga,DFL-CLU-00000H,FC St. Pauli,home,3-4-3 defensive Midfielder,3-4-3,"[3, 4, 3]"
DFL-MAT-J04063,FC St. Pauli:Holstein Kiel,2024/2025,Bundesliga,DFL-CLU-000N5P,Holstein Kiel,guest,3-3-2-2,3-3-2-2,"[3, 3, 2, 2]"
DFL-MAT-J04064,Bayer 04 Leverkusen:FC St. Pauli,2024/2025,Bundesliga,DFL-CLU-00000B,Bayer 04 Leverkusen,home,3-4-2-1 Double-10,3-4-2-1,"[3, 4, 2, 1]"
DFL-MAT-J04064,Bayer 04 Leverkusen:FC St. Pauli,2024/2025,Bundesliga,DFL-CLU-00000H,FC St. Pauli,guest,3-4-3 defensive Midfielder,3-4-3,"[3, 4, 3]"
DFL-MAT-J04065,VfB Stuttgart:1. FC Union Berlin,2024/2025,Bundesliga,DFL-CLU-00000D,VfB Stuttgart,home,4-2-3-1,4-2-3-1,"[4, 2, 3, 1]"
DFL-MAT-J04065,VfB Stuttgart:1. FC Union Berlin,2024/2025,Bundesliga,DFL-CLU-00000V,1. FC Union Berlin,guest,3-4-2-1 Double-10,3-4-2-1,"[3, 4, 2, 1]"
DFL-MAT-J04066,FC Bayern München:1. FC Heidenheim 1846,2024/2025,Bundesliga,DFL-CLU-000018,1. FC Heidenheim 1846,guest,3-3-2-2,3-3-2-2,"[3, 3, 2, 2]"
DFL-MAT-J04066,FC Bayern München:1. FC Heidenheim 1846,2024/2025,Bundesliga,DFL-CLU-00000G,FC Bayern München,home,4-2-3-1,4-2-3-1,"[4, 2, 3, 1]"
DFL-MAT-J04067,Eintracht Frankfurt:FC Augsburg,2024/2025,Bundesliga,DFL-CLU-00000F,Eintracht Frankfurt,home,4-4-2 Double-6 offensive Outliner,4-4-2,"[4, 4, 2]"
DFL-MAT-J04067,Eintracht Frankfurt:FC Augsburg,2024/2025,Bundesliga,DFL-CLU-000010,FC Augsburg,guest,3-3-2-2,3-3-2-2,"[3, 3, 2, 2]"
DFL-MAT-J04068,TSG Hoffenheim:Sport-Club Freiburg,2024/2025,Bundesliga,DFL-CLU-00000A,Sport-Club Freiburg,guest,4-4-2 Double-6 offensive Outliner,4-4-2,"[4, 4, 2]"
DFL-MAT-J04068,TSG Hoffenheim:Sport-Club Freiburg,2024/2025,Bundesliga,DFL-CLU-000002,TSG Hoffenheim,home,4-2-3-1,4-2-3-1,"[4, 2, 3, 1]"
DFL-MAT-J04069,VfL Wolfsburg:1. FSV Mainz 05,2024/2025,Bundesliga,DFL-CLU-000006,1. FSV Mainz 05,guest,3-4-2-1 Double-10,3-4-2-1,"[3, 4, 2, 1]"
DFL-MAT-J04069,VfL Wolfsburg:1. FSV Mainz 05,2024/2025,Bundesliga,DFL-CLU-000003,VfL Wolfsburg,home,4-4-2 Double-6,4-4-2,"[4, 4, 2]"
DFL-MAT-J0406A,Borussia Mönchengladbach:Borussia Dortmund,2024/2025,Bundesliga,DFL-CLU-000004,Borussia Mönchengladbach,home,4-2-3-1,4-2-3-1,"[4, 2, 3, 1]"
DFL-MAT-J0406A,Borussia Mönchengladbach:Borussia Dortmund,2024/2025,Bundesliga,DFL-CLU-000007,Borussia Dortmund,guest,4-3-3 with 6,4-3-3,"[4, 3, 3]"
DFL-MAT-J0406B,VfL Bochum 1848:SV Werder Bremen,2024/2025,Bundesliga,DFL-CLU-00000E,SV Werder Bremen,guest,4-4-2 Double-6,4-4-2,"[4, 4, 2]"
DFL-MAT-J0406B,VfL Bochum 1848:SV Werder Bremen,2024/2025,Bundesliga,DFL-CLU-00000S,VfL Bochum 1848,home,3-4-3 defensive Midfielder,3-4-3,"[3, 4, 3]"
DFL-MAT-J0406C,Holstein Kiel:RB Leipzig,2024/2025,Bundesliga,DFL-CLU-000017,RB Leipzig,guest,3-1-4-2,3-1-4-2,"[3, 1, 4, 2]"
DFL-MAT-J0406C,Holstein Kiel:RB Leipzig,2024/2025,Bundesliga,DFL-CLU-000N5P,Holstein Kiel,home,3-3-2-2,3-3-2-2,"[3, 3, 2, 2]"
DFL-MAT-J0406D,RB Leipzig:Eintracht Frankfurt,2024/2025,Bundesliga,DFL-CLU-000017,RB Leipzig,home,3-3-2-2,3-3-2-2,"[3, 3, 2, 2]"
DFL-MAT-J0406D,RB Leipzig:Eintracht Frankfurt,2024/2025,Bundesliga,DFL-CLU-00000F,Eintracht Frankfurt,guest,3-4-3 defensive Midfielder,3-4-3,"[3, 4, 3]"
DFL-MAT-J0406E,Borussia Dortmund:TSG Hoffenheim,2024/2025,Bundesliga,DFL-CLU-000007,Borussia Dortmund,home,4-3-3 with 6,4-3-3,"[4, 3, 3]"
DFL-MAT-J0406E,Borussia Dortmund:TSG Hoffenheim,2024/2025,Bundesliga,DFL-CLU-000002,TSG Hoffenheim,guest,4-4-2 Double-6,4-4-2,"[4, 4, 2]"
DFL-MAT-J0406F,1. FC Heidenheim 1846:VfB Stuttgart,2024/2025,Bundesliga,DFL-CLU-000018,1. FC Heidenheim 1846,home,4-2-3-1,4-2-3-1,"[4, 2, 3, 1]"
DFL-MAT-J0406F,1. FC Heidenheim 1846:VfB Stuttgart,2024/2025,Bundesliga,DFL-CLU-00000D,VfB Stuttgart,guest,4-4-2 Double-6 offensive Outliner,4-4-2,"[4, 4, 2]"
DFL-MAT-J0406G,Sport-Club Freiburg:VfL Wolfsburg,2024/2025,Bundesliga,DFL-CLU-00000A,Sport-Club Freiburg,home,4-2-3-1,4-2-3-1,"[4, 2, 3, 1]"
DFL-MAT-J0406G,Sport-Club Freiburg:VfL Wolfsburg,2024/2025,Bundesliga,DFL-CLU-000003,VfL Wolfsburg,guest,3-3-2-2,3-3-2-2,"[3, 3, 2, 2]"
DFL-MAT-J0406H,FC Augsburg:Bayer 04 Leverkusen,2024/2025,Bundesliga,DFL-CLU-00000B,Bayer 04 Leverkusen,guest,3-4-2-1 Double-10,3-4-2-1,"[3, 4, 2, 1]"
DFL-MAT-J0406H,FC Augsburg:Bayer 04 Leverkusen,2024/2025,Bundesliga,DFL-CLU-000010,FC Augsburg,home,3-3-2-2,3-3-2-2,"[3, 3, 2, 2]"
DFL-MAT-J0406I,1. FSV Mainz 05:FC Bayern München,2024/2025,Bundesliga,DFL-CLU-00000G,FC Bayern München,guest,4-2-3-1,4-2-3-1,"[4, 2, 3, 1]"
DFL-MAT-J0406I,1. FSV Mainz 05:FC Bayern München,2024/2025,Bundesliga,DFL-CLU-000006,1. FSV Mainz 05,home,3-4-2-1 Double-10,3-4-2-1,"[3, 4, 2, 1]"
DFL-MAT-J0406J,Borussia Mönchengladbach:Holstein Kiel,2024/2025,Bundesliga,DFL-CLU-000004,Borussia Mönchengladbach,home,4-2-3-1,4-2-3-1,"[4, 2, 3, 1]"
DFL-MAT-J0406J,Borussia Mönchengladbach:Holstein Kiel,2024/2025,Bundesliga,DFL-CLU-000N5P,Holstein Kiel,guest,3-3-2-2,3-3-2-2,"[3, 3, 2, 2]"
DFL-MAT-J0406K,1. FC Union Berlin:VfL Bochum 1848,2024/2025,Bundesliga,DFL-CLU-00000S,VfL Bochum 1848,guest,3-4-3 defensive Midfielder,3-4-3,"[3, 4, 3]"
DFL-MAT-J0406K,1. FC Union Berlin:VfL Bochum 1848,2024/2025,Bundesliga,DFL-CLU-00000V,1. FC Union Berlin,home,3-4-2-1 Double-10,3-4-2-1,"[3, 4, 2, 1]"
DFL-MAT-J0406L,FC St. Pauli:SV Werder Bremen,2024/2025,Bundesliga,DFL-CLU-00000E,SV Werder Bremen,guest,3-3-2-2 Double-10,3-3-2-2,"[3, 3, 2, 2]"
DFL-MAT-J0406L,FC St. Pauli:SV Werder Bremen,2024/2025,Bundesliga,DFL-CLU-00000H,FC St. Pauli,home,3-4-3 defensive Midfielder,3-4-3,"[3, 4, 3]"
DFL-MAT-J0406M,Bayer 04 Leverkusen:Sport-Club Freiburg,2024/2025,Bundesliga,DFL-CLU-00000B,Bayer 04 Leverkusen,home,3-4-2-1 Double-10,3-4-2-1,"[3, 4, 2, 1]"
DFL-MAT-J0406M,Bayer 04 Leverkusen:Sport-Club Freiburg,2024/2025,Bundesliga,DFL-CLU-00000A,Sport-Club Freiburg,guest,4-2-3-1,4-2-3-1,"[4, 2, 3, 1]"
DFL-MAT-J0406N,VfB Stuttgart:FC St. Pauli,2024/2025,Bundesliga,DFL-CLU-00000D,VfB Stuttgart,home,3-4-1-2,3-4-1-2,"[3, 4, 1, 2]"
DFL-MAT-J0406N,VfB Stuttgart:FC St. Pauli,2024/2025,Bundesliga,DFL-CLU-00000H,FC St. Pauli,guest,3-4-3 defensive Midfielder,3-4-3,"[3, 4, 3]"
DFL-MAT-J0406O,FC Bayern München:RB Leipzig,2024/2025,Bundesliga,DFL-CLU-000017,RB Leipzig,guest,3-3-2-2,3-3-2-2,"[3, 3, 2, 2]"
DFL-MAT-J0406O,FC Bayern München:RB Leipzig,2024/2025,Bundesliga,DFL-CLU-00000G,FC Bayern München,home,4-2-3-1,4-2-3-1,"[4, 2, 3, 1]"
DFL-MAT-J0406P,Eintracht Frankfurt:1. FSV Mainz 05,2024/2025,Bundesliga,DFL-CLU-00000F,Eintracht Frankfurt,home,3-4-3 defensive Midfielder,3-4-3,"[3, 4, 3]"
DFL-MAT-J0406P,Eintracht Frankfurt:1. FSV Mainz 05,2024/2025,Bundesliga,DFL-CLU-000006,1. FSV Mainz 05,guest,3-4-2-1 Double-10,3-4-2-1,"[3, 4, 2, 1]"
DFL-MAT-J0406Q,TSG Hoffenheim:Borussia Mönchengladbach,2024/2025,Bundesliga,DFL-CLU-000004,Borussia Mönchengladbach,guest,4-2-3-1,4-2-3-1,"[4, 2, 3, 1]"
DFL-MAT-J0406Q,TSG Hoffenheim:Borussia Mönchengladbach,2024/2025,Bundesliga,DFL-CLU-000002,TSG Hoffenheim,home,4-2-3-1,4-2-3-1,"[4, 2, 3, 1]"
DFL-MAT-J0406R,SV Werder Bremen:1. FC Union Berlin,2024/2025,Bundesliga,DFL-CLU-00000E,SV Werder Bremen,home,3-3-2-2 Double-10,3-3-2-2,"[3, 3, 2, 2]"
DFL-MAT-J0406R,SV Werder Bremen:1. FC Union Berlin,2024/2025,Bundesliga,DFL-CLU-00000V,1. FC Union Berlin,guest,3-4-2-1 Double-10,3-4-2-1,"[3, 4, 2, 1]"
DFL-MAT-J0406S,VfL Wolfsburg:Borussia Dortmund,2024/2025,Bundesliga,DFL-CLU-000007,Borussia Dortmund,guest,4-1-3-2,4-1-3-2,"[4, 1, 3, 2]"
DFL-MAT-J0406S,VfL Wolfsburg:Borussia Dortmund,2024/2025,Bundesliga,DFL-CLU-000003,VfL Wolfsburg,home,3-3-2-2,3-3-2-2,"[3, 3, 2, 2]"
DFL-MAT-J0406T,VfL Bochum 1848:1. FC Heidenheim 1846,2024/2025,Bundesliga,DFL-CLU-000018,1. FC Heidenheim 1846,guest,4-4-2 Diamond,4-4-2,"[4, 4, 2]"
DFL-MAT-J0406T,VfL Bochum 1848:1. FC Heidenheim 1846,2024/2025,Bundesliga,DFL-CLU-00000S,VfL Bochum 1848,home,3-4-1-2 defensive Midfielder,3-4-1-2,"[3, 4, 1, 2]"
DFL-MAT-J0406U,Holstein Kiel:FC Augsburg,2024/2025,Bundesliga,DFL-CLU-000010,FC Augsburg,guest,3-3-2-2,3-3-2-2,"[3, 3, 2, 2]"
DFL-MAT-J0406U,Holstein Kiel:FC Augsburg,2024/2025,Bundesliga,DFL-CLU-000N5P,Holstein Kiel,home,3-4-2-1 Double-10,3-4-2-1,"[3, 4, 2, 1]"
DFL-MAT-J0406V,RB Leipzig:SV Werder Bremen,2024/2025,Bundesliga,DFL-CLU-000017,RB Leipzig,home,3-4-2-1 Double-10,3-4-2-1,"[3, 4, 2, 1]"
DFL-MAT-J0406V,RB Leipzig:SV Werder Bremen,2024/2025,Bundesliga,DFL-CLU-00000E,SV Werder Bremen,guest,3-3-2-2 Double-10,3-3-2-2,"[3, 3, 2, 2]"
DFL-MAT-J0406W,Borussia Dortmund:Bayer 04 Leverkusen,2024/2025,Bundesliga,DFL-CLU-00000B,Bayer 04 Leverkusen,guest,4-4-2 Double-6,4-4-2,"[4, 4, 2]"
DFL-MAT-J0406W,Borussia Dortmund:Bayer 04 Leverkusen,2024/2025,Bundesliga,DFL-CLU-000007,Borussia Dortmund,home,4-1-3-2,4-1-3-2,"[4, 1, 3, 2]"
DFL-MAT-J0406X,TSG Hoffenheim:VfL Wolfsburg,2024/2025,Bundesliga,DFL-CLU-000003,VfL Wolfsburg,guest,4-5-1 offensive Outliner,4-5-1,"[4, 5, 1]"
DFL-MAT-J0406X,TSG Hoffenheim:VfL Wolfsburg,2024/2025,Bundesliga,DFL-CLU-000002,TSG Hoffenheim,home,4-2-3-1,4-2-3-1,"[4, 2, 3, 1]"
DFL-MAT-J0406Y,1. FC Heidenheim 1846:1. FC Union Berlin,2024/2025,Bundesliga,DFL-CLU-000018,1. FC Heidenheim 1846,home,4-2-3-1,4-2-3-1,"[4, 2, 3, 1]"
DFL-MAT-J0406Y,1. FC Heidenheim 1846:1. FC Union Berlin,2024/2025,Bundesliga,DFL-CLU-00000V,1. FC Union Berlin,guest,4-4-2 Double-6 offensive Outliner,4-4-2,"[4, 4, 2]"
DFL-MAT-J0406Z,Sport-Club Freiburg:Holstein Kiel,2024/2025,Bundesliga,DFL-CLU-00000A,Sport-Club Freiburg,home,4-2-3-1,4-2-3-1,"[4, 2, 3, 1]"
DFL-MAT-J0406Z,Sport-Club Freiburg:Holstein Kiel,2024/2025,Bundesliga,DFL-CLU-000N5P,Holstein Kiel,guest,3-4-2-1 Double-10,3-4-2-1,"[3, 4, 2, 1]"
DFL-MAT-J04070,FC Augsburg:VfB Stuttgart,2024/2025,Bundesliga,DFL-CLU-00000D,VfB Stuttgart,guest,4-4-2 Double-6 offensive Outliner,4-4-2,"[4, 4, 2]"
DFL-MAT-J04070,FC Augsburg:VfB Stuttgart,2024/2025,Bundesliga,DFL-CLU-000010,FC Augsburg,home,3-4-2-1 Double-10,3-4-2-1,"[3, 4, 2, 1]"
DFL-MAT-J04071,1. FSV Mainz 05:VfL Bochum 1848,2024/2025,Bundesliga,DFL-CLU-00000S,VfL Bochum 1848,guest,3-3-2-2,3-3-2-2,"[3, 3, 2, 2]"
DFL-MAT-J04071,1. FSV Mainz 05:VfL Bochum 1848,2024/2025,Bundesliga,DFL-CLU-000006,1. FSV Mainz 05,home,3-4-2-1 Double-10,3-4-2-1,"[3, 4, 2, 1]"
DFL-MAT-J04072,Borussia Mönchengladbach:FC Bayern München,2024/2025,Bundesliga,DFL-CLU-00000G,FC Bayern München,guest,4-2-3-1,4-2-3-1,"[4, 2, 3, 1]"
DFL-MAT-J04072,Borussia Mönchengladbach:FC Bayern München,2024/2025,Bundesliga,DFL-CLU-000004,Borussia Mönchengladbach,home,4-3-3,4-3-3,"[4, 3, 3]"
DFL-MAT-J04073,FC St. Pauli:Eintracht Frankfurt,2024/2025,Bundesliga,DFL-CLU-00000F,Eintracht Frankfurt,guest,3-1-4-2,3-1-4-2,"[3, 1, 4, 2]"
DFL-MAT-J04073,FC St. Pauli:Eintracht Frankfurt,2024/2025,Bundesliga,DFL-CLU-00000H,FC St. Pauli,home,3-4-3 defensive Midfielder,3-4-3,"[3, 4, 3]"
DFL-MAT-J04074,Bayer 04 Leverkusen:1. FSV Mainz 05,2024/2025,Bundesliga,DFL-CLU-00000B,Bayer 04 Leverkusen,home,3-4-2-1 Double-10,3-4-2-1,"[3, 4, 2, 1]"
DFL-MAT-J04074,Bayer 04 Leverkusen:1. FSV Mainz 05,2024/2025,Bundesliga,DFL-CLU-000006,1. FSV Mainz 05,guest,3-4-2-1 Double-10,3-4-2-1,"[3, 4, 2, 1]"
DFL-MAT-J04075,VfB Stuttgart:RB Leipzig,2024/2025,Bundesliga,DFL-CLU-000017,RB Leipzig,guest,3-4-2-1 Double-10,3-4-2-1,"[3, 4, 2, 1]"
DFL-MAT-J04075,VfB Stuttgart:RB Leipzig,2024/2025,Bundesliga,DFL-CLU-00000D,VfB Stuttgart,home,4-4-2 Double-6 offensive Outliner,4-4-2,"[4, 4, 2]"
DFL-MAT-J04076,FC Bayern München:TSG Hoffenheim,2024/2025,Bundesliga,DFL-CLU-00000G,FC Bayern München,home,4-2-3-1,4-2-3-1,"[4, 2, 3, 1]"
DFL-MAT-J04076,FC Bayern München:TSG Hoffenheim,2024/2025,Bundesliga,DFL-CLU-000002,TSG Hoffenheim,guest,4-5-1 offensive Outliner,4-5-1,"[4, 5, 1]"
DFL-MAT-J04077,Eintracht Frankfurt:Sport-Club Freiburg,2024/2025,Bundesliga,DFL-CLU-00000F,Eintracht Frankfurt,home,3-1-4-2,3-1-4-2,"[3, 1, 4, 2]"
DFL-MAT-J04077,Eintracht Frankfurt:Sport-Club Freiburg,2024/2025,Bundesliga,DFL-CLU-00000A,Sport-Club Freiburg,guest,4-2-3-1,4-2-3-1,"[4, 2, 3, 1]"
DFL-MAT-J04078,SV Werder Bremen:1. FC Heidenheim 1846,2024/2025,Bundesliga,DFL-CLU-000018,1. FC Heidenheim 1846,guest,4-2-3-1,4-2-3-1,"[4, 2, 3, 1]"
DFL-MAT-J04078,SV Werder Bremen:1. FC Heidenheim 1846,2024/2025,Bundesliga,DFL-CLU-00000E,SV Werder Bremen,home,3-3-2-2 Double-10,3-3-2-2,"[3, 3, 2, 2]"
DFL-MAT-J04079,VfL Wolfsburg:Borussia Mönchengladbach,2024/2025,Bundesliga,DFL-CLU-000004,Borussia Mönchengladbach,guest,4-2-3-1,4-2-3-1,"[4, 2, 3, 1]"
DFL-MAT-J04079,VfL Wolfsburg:Borussia Mönchengladbach,2024/2025,Bundesliga,DFL-CLU-000003,VfL Wolfsburg,home,4-1-3-2,4-1-3-2,"[4, 1, 3, 2]"
DFL-MAT-J0407A,1. FC Union Berlin:FC Augsburg,2024/2025,Bundesliga,DFL-CLU-000010,FC Augsburg,guest,3-4-2-1 Double-10,3-4-2-1,"[3, 4, 2, 1]"
DFL-MAT-J0407A,1. FC Union Berlin:FC Augsburg,2024/2025,Bundesliga,DFL-CLU-00000V,1. FC Union Berlin,home,4-5-1 offensive Outliner,4-5-1,"[4, 5, 1]"
DFL-MAT-J0407B,VfL Bochum 1848:FC St. Pauli,2024/2025,Bundesliga,DFL-CLU-00000S,VfL Bochum 1848,home,3-4-3 defensive Midfielder,3-4-3,"[3, 4, 3]"
DFL-MAT-J0407B,VfL Bochum 1848:FC St. Pauli,2024/2025,Bundesliga,DFL-CLU-00000H,FC St. Pauli,guest,3-4-3 defensive Midfielder,3-4-3,"[3, 4, 3]"
DFL-MAT-J0407C,Holstein Kiel:Borussia Dortmund,2024/2025,Bundesliga,DFL-CLU-000007,Borussia Dortmund,guest,4-1-4-1 offensive Midfielder,4-1-4-1,"[4, 1, 4, 1]"
DFL-MAT-J0407C,Holstein Kiel:Borussia Dortmund,2024/2025,Bundesliga,DFL-CLU-000N5P,Holstein Kiel,home,3-4-2-1 Double-10,3-4-2-1,"[3, 4, 2, 1]"
DFL-MAT-J0407D,Bayer 04 Leverkusen:Borussia Mönchengladbach,2024/2025,Bundesliga,DFL-CLU-00000B,Bayer 04 Leverkusen,home,4-2-3-1,4-2-3-1,"[4, 2, 3, 1]"
DFL-MAT-J0407D,Bayer 04 Leverkusen:Borussia Mönchengladbach,2024/2025,Bundesliga,DFL-CLU-000004,Borussia Mönchengladbach,guest,4-4-2 Double-6,4-4-2,"[4, 4, 2]"
DFL-MAT-J0407E,VfB Stuttgart:Sport-Club Freiburg,2024/2025,Bundesliga,DFL-CLU-00000D,VfB Stuttgart,home,4-4-2 Double-6 offensive Outliner,4-4-2,"[4, 4, 2]"
DFL-MAT-J0407E,VfB Stuttgart:Sport-Club Freiburg,2024/2025,Bundesliga,DFL-CLU-00000A,Sport-Club Freiburg,guest,4-2-3-1,4-2-3-1,"[4, 2, 3, 1]"
DFL-MAT-J0407F,FC Bayern München:VfL Wolfsburg,2024/2025,Bundesliga,DFL-CLU-00000G,FC Bayern München,home,4-2-3-1,4-2-3-1,"[4, 2, 3, 1]"
DFL-MAT-J0407F,FC Bayern München:VfL Wolfsburg,2024/2025,Bundesliga,DFL-CLU-000003,VfL Wolfsburg,guest,4-1-3-2,4-1-3-2,"[4, 1, 3, 2]"
DFL-MAT-J0407G,Eintracht Frankfurt:Borussia Dortmund,2024/2025,Bundesliga,DFL-CLU-00000F,Eintracht Frankfurt,home,3-4-2-1 Double-10,3-4-2-1,"[3, 4, 2, 1]"
DFL-MAT-J0407G,Eintracht Frankfurt:Borussia Dortmund,2024/2025,Bundesliga,DFL-CLU-000007,Borussia Dortmund,guest,3-4-2-1 defensive Midfielder,3-4-2-1,"[3, 4, 2, 1]"
DFL-MAT-J0407H,1. FC Heidenheim 1846:FC St. Pauli,2024/2025,Bundesliga,DFL-CLU-000018,1. FC Heidenheim 1846,home,4-2-3-1,4-2-3-1,"[4, 2, 3, 1]"
DFL-MAT-J0407H,1. FC Heidenheim 1846:FC St. Pauli,2024/2025,Bundesliga,DFL-CLU-00000H,FC St. Pauli,guest,3-4-3 defensive Midfielder,3-4-3,"[3, 4, 3]"
DFL-MAT-J0407I,SV Werder Bremen:FC Augsburg,2024/2025,Bundesliga,DFL-CLU-00000E,SV Werder Bremen,home,3-3-2-2 Double-10,3-3-2-2,"[3, 3, 2, 2]"
DFL-MAT-J0407I,SV Werder Bremen:FC Augsburg,2024/2025,Bundesliga,DFL-CLU-000010,FC Augsburg,guest,3-4-2-1 Double-10,3-4-2-1,"[3, 4, 2, 1]"
DFL-MAT-J0407J,1. FC Union Berlin:1. FSV Mainz 05,2024/2025,Bundesliga,DFL-CLU-000006,1. FSV Mainz 05,guest,3-4-2-1 Double-10,3-4-2-1,"[3, 4, 2, 1]"
DFL-MAT-J0407J,1. FC Union Berlin:1. FSV Mainz 05,2024/2025,Bundesliga,DFL-CLU-00000V,1. FC Union Berlin,home,3-3-2-2,3-3-2-2,"[3, 3, 2, 2]"
DFL-MAT-J0407K,VfL Bochum 1848:RB Leipzig,2024/2025,Bundesliga,DFL-CLU-000017,RB Leipzig,guest,4-2-3-1,4-2-3-1,"[4, 2, 3, 1]"
DFL-MAT-J0407K,VfL Bochum 1848:RB Leipzig,2024/2025,Bundesliga,DFL-CLU-00000S,VfL Bochum 1848,home,3-3-2-2,3-3-2-2,"[3, 3, 2, 2]"
DFL-MAT-J0407L,Holstein Kiel:TSG Hoffenheim,2024/2025,Bundesliga,DFL-CLU-000N5P,Holstein Kiel,home,3-4-2-1 Double-10,3-4-2-1,"[3, 4, 2, 1]"
DFL-MAT-J0407L,Holstein Kiel:TSG Hoffenheim,2024/2025,Bundesliga,DFL-CLU-000002,TSG Hoffenheim,guest,4-2-3-1,4-2-3-1,"[4, 2, 3, 1]"
DFL-MAT-J0407M,RB Leipzig:Bayer 04 Leverkusen,2024/2025,Bundesliga,DFL-CLU-000017,RB Leipzig,home,3-4-1-2 defensive Midfielder,3-4-1-2,"[3, 4, 1, 2]"
DFL-MAT-J0407M,RB Leipzig:Bayer 04 Leverkusen,2024/2025,Bundesliga,DFL-CLU-00000B,Bayer 04 Leverkusen,guest,3-3-2-2,3-3-2-2,"[3, 3, 2, 2]"
DFL-MAT-J0407N,Borussia Dortmund:SV Werder Bremen,2024/2025,Bundesliga,DFL-CLU-00000E,SV Werder Bremen,guest,3-3-2-2 Double-10,3-3-2-2,"[3, 3, 2, 2]"
DFL-MAT-J0407N,Borussia Dortmund:SV Werder Bremen,2024/2025,Bundesliga,DFL-CLU-000007,Borussia Dortmund,home,4-1-4-1 offensive Midfielder,4-1-4-1,"[4, 1, 4, 1]"
DFL-MAT-J0407O,TSG Hoffenheim:Eintracht Frankfurt,2024/2025,Bundesliga,DFL-CLU-00000F,Eintracht Frankfurt,guest,3-4-2-1 Double-10,3-4-2-1,"[3, 4, 2, 1]"
DFL-MAT-J0407O,TSG Hoffenheim:Eintracht Frankfurt,2024/2025,Bundesliga,DFL-CLU-000002,TSG Hoffenheim,home,4-2-3-1,4-2-3-1,"[4, 2, 3, 1]"
DFL-MAT-J0407P,Sport-Club Freiburg:FC Bayern München,2024/2025,Bundesliga,DFL-CLU-00000G,FC Bayern München,guest,4-2-3-1,4-2-3-1,"[4, 2, 3, 1]"
DFL-MAT-J0407P,Sport-Club Freiburg:FC Bayern München,2024/2025,Bundesliga,DFL-CLU-00000A,Sport-Club Freiburg,home,4-4-2 Double-6,4-4-2,"[4, 4, 2]"
DFL-MAT-J0407Q,FC Augsburg:1. FC Heidenheim 1846,2024/2025,Bundesliga,DFL-CLU-000018,1. FC Heidenheim 1846,guest,4-2-3-1,4-2-3-1,"[4, 2, 3, 1]"
DFL-MAT-J0407Q,FC Augsburg:1. FC Heidenheim 1846,2024/2025,Bundesliga,DFL-CLU-000010,FC Augsburg,home,3-4-2-1 Double-10,3-4-2-1,"[3, 4, 2, 1]"
DFL-MAT-J0407R,VfL Wolfsburg:Holstein Kiel,2024/2025,Bundesliga,DFL-CLU-000003,VfL Wolfsburg,home,4-1-3-2,4-1-3-2,"[4, 1, 3, 2]"
DFL-MAT-J0407R,VfL Wolfsburg:Holstein Kiel,2024/2025,Bundesliga,DFL-CLU-000N5P,Holstein Kiel,guest,3-4-2-1 Double-10,3-4-2-1,"[3, 4, 2, 1]"
DFL-MAT-J0407S,1. FSV Mainz 05:VfB Stuttgart,2024/2025,Bundesliga,DFL-CLU-00000D,VfB Stuttgart,guest,4-4-2 Double-6 offensive Outliner,4-4-2,"[4, 4, 2]"
DFL-MAT-J0407S,1. FSV Mainz 05:VfB Stuttgart,2024/2025,Bundesliga,DFL-CLU-000006,1. FSV Mainz 05,home,3-4-2-1 Double-10,3-4-2-1,"[3, 4, 2, 1]"
DFL-MAT-J0407T,Borussia Mönchengladbach:VfL Bochum 1848,2024/2025,Bundesliga,DFL-CLU-000004,Borussia Mönchengladbach,home,4-2-3-1,4-2-3-1,"[4, 2, 3, 1]"
DFL-MAT-J0407T,Borussia Mönchengladbach:VfL Bochum 1848,2024/2025,Bundesliga,DFL-CLU-00000S,VfL Bochum 1848,guest,3-3-2-2,3-3-2-2,"[3, 3, 2, 2]"
DFL-MAT-J0407U,FC St. Pauli:1. FC Union Berlin,2024/2025,Bundesliga,DFL-CLU-00000H,FC St. Pauli,home,3-4-3 defensive Midfielder,3-4-3,"[3, 4, 3]"
DFL-MAT-J0407U,FC St. Pauli:1. FC Union Berlin,2024/2025,Bundesliga,DFL-CLU-00000V,1. FC Union Berlin,guest,3-4-1-2 defensive Midfielder,3-4-1-2,"[3, 4, 1, 2]"
DFL-MAT-J0407V,Bayer 04 Leverkusen:TSG Hoffenheim,2024/2025,Bundesliga,DFL-CLU-00000B,Bayer 04 Leverkusen,home,3-4-2-1 Double-10,3-4-2-1,"[3, 4, 2, 1]"
DFL-MAT-J0407V,Bayer 04 Leverkusen:TSG Hoffenheim,2024/2025,Bundesliga,DFL-CLU-000002,TSG Hoffenheim,guest,3-3-2-2,3-3-2-2,"[3, 3, 2, 2]"
DFL-MAT-J0407W,VfB Stuttgart:Borussia Mönchengladbach,2024/2025,Bundesliga,DFL-CLU-00000D,VfB Stuttgart,home,3-4-1-2 defensive Midfielder,3-4-1-2,"[3, 4, 1, 2]"
DFL-MAT-J0407W,VfB Stuttgart:Borussia Mönchengladbach,2024/2025,Bundesliga,DFL-CLU-000004,Borussia Mönchengladbach,guest,4-2-3-1,4-2-3-1,"[4, 2, 3, 1]"
DFL-MAT-J0407X,FC Bayern München:Holstein Kiel,2024/2025,Bundesliga,DFL-CLU-00000G,FC Bayern München,home,4-2-3-1,4-2-3-1,"[4, 2, 3, 1]"
DFL-MAT-J0407X,FC Bayern München:Holstein Kiel,2024/2025,Bundesliga,DFL-CLU-000N5P,Holstein Kiel,guest,5-4-1,5-4-1,"[5, 4, 1]"
DFL-MAT-J0407Y,Eintracht Frankfurt:VfL Wolfsburg,2024/2025,Bundesliga,DFL-CLU-00000F,Eintracht Frankfurt,home,3-4-2-1 Double-10,3-4-2-1,"[3, 4, 2, 1]"
DFL-MAT-J0407Y,Eintracht Frankfurt:VfL Wolfsburg,2024/2025,Bundesliga,DFL-CLU-000003,VfL Wolfsburg,guest,4-1-3-2,4-1-3-2,"[4, 1, 3, 2]"
DFL-MAT-J0407Z,1. FC Heidenheim 1846:Borussia Dortmund,2024/2025,Bundesliga,DFL-CLU-000018,1. FC Heidenheim 1846,home,4-2-3-1,4-2-3-1,"[4, 2, 3, 1]"
DFL-MAT-J0407Z,1. FC Heidenheim 1846:Borussia Dortmund,2024/2025,Bundesliga,DFL-CLU-000007,Borussia Dortmund,guest,4-3-3 Double-6,4-3-3,"[4, 3, 3]"
DFL-MAT-J04080,SV Werder Bremen:1. FSV Mainz 05,2024/2025,Bundesliga,DFL-CLU-00000E,SV Werder Bremen,home,3-3-2-2 Double-10,3-3-2-2,"[3, 3, 2, 2]"
DFL-MAT-J04080,SV Werder Bremen:1. FSV Mainz 05,2024/2025,Bundesliga,DFL-CLU-000006,1. FSV Mainz 05,guest,3-4-2-1 Double-10,3-4-2-1,"[3, 4, 2, 1]"
DFL-MAT-J04081,1. FC Union Berlin:RB Leipzig,2024/2025,Bundesliga,DFL-CLU-000017,RB Leipzig,guest,3-4-1-2,3-4-1-2,"[3, 4, 1, 2]"
DFL-MAT-J04081,1. FC Union Berlin:RB Leipzig,2024/2025,Bundesliga,DFL-CLU-00000V,1. FC Union Berlin,home,4-2-3-1,4-2-3-1,"[4, 2, 3, 1]"
DFL-MAT-J04082,VfL Bochum 1848:Sport-Club Freiburg,2024/2025,Bundesliga,DFL-CLU-00000S,VfL Bochum 1848,home,4-2-3-1,4-2-3-1,"[4, 2, 3, 1]"
DFL-MAT-J04082,VfL Bochum 1848:Sport-Club Freiburg,2024/2025,Bundesliga,DFL-CLU-00000A,Sport-Club Freiburg,guest,4-2-3-1,4-2-3-1,"[4, 2, 3, 1]"
DFL-MAT-J04083,FC St. Pauli:FC Augsburg,2024/2025,Bundesliga,DFL-CLU-00000H,FC St. Pauli,home,3-4-3 defensive Midfielder,3-4-3,"[3, 4, 3]"
DFL-MAT-J04083,FC St. Pauli:FC Augsburg,2024/2025,Bundesliga,DFL-CLU-000010,FC Augsburg,guest,3-4-2-1 Double-10,3-4-2-1,"[3, 4, 2, 1]"
DFL-MAT-J04084,FC Bayern München:SV Werder Bremen,2024/2025,Bundesliga,DFL-CLU-00000G,FC Bayern München,home,4-2-3-1,4-2-3-1,"[4, 2, 3, 1]"
DFL-MAT-J04084,FC Bayern München:SV Werder Bremen,2024/2025,Bundesliga,DFL-CLU-00000E,SV Werder Bremen,guest,3-3-2-2,3-3-2-2,"[3, 3, 2, 2]"
DFL-MAT-J04085,RB Leipzig:FC St. Pauli,2024/2025,Bundesliga,DFL-CLU-000017,RB Leipzig,home,3-4-2-1 Double-10,3-4-2-1,"[3, 4, 2, 1]"
DFL-MAT-J04085,RB Leipzig:FC St. Pauli,2024/2025,Bundesliga,DFL-CLU-00000H,FC St. Pauli,guest,3-4-3 defensive Midfielder,3-4-3,"[3, 4, 3]"
DFL-MAT-J04086,Borussia Dortmund:VfB Stuttgart,2024/2025,Bundesliga,DFL-CLU-00000D,VfB Stuttgart,guest,3-3-2-2,3-3-2-2,"[3, 3, 2, 2]"
DFL-MAT-J04086,Borussia Dortmund:VfB Stuttgart,2024/2025,Bundesliga,DFL-CLU-000007,Borussia Dortmund,home,4-2-3-1,4-2-3-1,"[4, 2, 3, 1]"
DFL-MAT-J04087,TSG Hoffenheim:1. FC Union Berlin,2024/2025,Bundesliga,DFL-CLU-00000V,1. FC Union Berlin,guest,4-2-3-1,4-2-3-1,"[4, 2, 3, 1]"
DFL-MAT-J04087,TSG Hoffenheim:1. FC Union Berlin,2024/2025,Bundesliga,DFL-CLU-000002,TSG Hoffenheim,home,4-2-3-1,4-2-3-1,"[4, 2, 3, 1]"
DFL-MAT-J04088,Sport-Club Freiburg:1. FC Heidenheim 1846,2024/2025,Bundesliga,DFL-CLU-000018,1. FC Heidenheim 1846,guest,3-4-2-1 Double-10,3-4-2-1,"[3, 4, 2, 1]"
DFL-MAT-J04088,Sport-Club Freiburg:1. FC Heidenheim 1846,2024/2025,Bundesliga,DFL-CLU-00000A,Sport-Club Freiburg,home,4-2-3-1,4-2-3-1,"[4, 2, 3, 1]"
DFL-MAT-J04089,VfL Wolfsburg:Bayer 04 Leverkusen,2024/2025,Bundesliga,DFL-CLU-00000B,Bayer 04 Leverkusen,guest,3-3-2-2,3-3-2-2,"[3, 3, 2, 2]"
DFL-MAT-J04089,VfL Wolfsburg:Bayer 04 Leverkusen,2024/2025,Bundesliga,DFL-CLU-000003,VfL Wolfsburg,home,4-4-2 Double-6,4-4-2,"[4, 4, 2]"
DFL-MAT-J0408A,1. FSV Mainz 05:FC Augsburg,2024/2025,Bundesliga,DFL-CLU-000006,1. FSV Mainz 05,home,3-4-2-1 Double-10,3-4-2-1,"[3, 4, 2, 1]"
DFL-MAT-J0408A,1. FSV Mainz 05:FC Augsburg,2024/2025,Bundesliga,DFL-CLU-000010,FC Augsburg,guest,3-4-2-1 Double-10,3-4-2-1,"[3, 4, 2, 1]"
DFL-MAT-J0408B,Borussia Mönchengladbach:Eintracht Frankfurt,2024/2025,Bundesliga,DFL-CLU-00000F,Eintracht Frankfurt,guest,3-4-1-2,3-4-1-2,"[3, 4, 1, 2]"
DFL-MAT-J0408B,Borussia Mönchengladbach:Eintracht Frankfurt,2024/2025,Bundesliga,DFL-CLU-000004,Borussia Mönchengladbach,home,4-2-3-1,4-2-3-1,"[4, 2, 3, 1]"
DFL-MAT-J0408C,Holstein Kiel:VfL Bochum 1848,2024/2025,Bundesliga,DFL-CLU-00000S,VfL Bochum 1848,guest,3-4-2-1 defensive Midfielder,3-4-2-1,"[3, 4, 2, 1]"
DFL-MAT-J0408C,Holstein Kiel:VfL Bochum 1848,2024/2025,Bundesliga,DFL-CLU-000N5P,Holstein Kiel,home,3-1-4-2,3-1-4-2,"[3, 1, 4, 2]"
DFL-MAT-J0408D,Bayer 04 Leverkusen:FC Bayern München,2024/2025,Bundesliga,DFL-CLU-00000G,FC Bayern München,guest,4-2-3-1,4-2-3-1,"[4, 2, 3, 1]"
DFL-MAT-J0408D,Bayer 04 Leverkusen:FC Bayern München,2024/2025,Bundesliga,DFL-CLU-00000B,Bayer 04 Leverkusen,home,4-4-2 Double-6,4-4-2,"[4, 4, 2]"
DFL-MAT-J0408E,VfB Stuttgart:VfL Wolfsburg,2024/2025,Bundesliga,DFL-CLU-00000D,VfB Stuttgart,home,4-2-3-1,4-2-3-1,"[4, 2, 3, 1]"
DFL-MAT-J0408E,VfB Stuttgart:VfL Wolfsburg,2024/2025,Bundesliga,DFL-CLU-000003,VfL Wolfsburg,guest,4-4-2 Double-6,4-4-2,"[4, 4, 2]"
DFL-MAT-J0408F,Eintracht Frankfurt:Holstein Kiel,2024/2025,Bundesliga,DFL-CLU-00000F,Eintracht Frankfurt,home,3-4-2-1 Double-10,3-4-2-1,"[3, 4, 2, 1]"
DFL-MAT-J0408F,Eintracht Frankfurt:Holstein Kiel,2024/2025,Bundesliga,DFL-CLU-000N5P,Holstein Kiel,guest,3-3-2-2,3-3-2-2,"[3, 3, 2, 2]"
DFL-MAT-J0408G,1. FC Heidenheim 1846:1. FSV Mainz 05,2024/2025,Bundesliga,DFL-CLU-000018,1. FC Heidenheim 1846,home,3-4-2-1 Double-10,3-4-2-1,"[3, 4, 2, 1]"
DFL-MAT-J0408G,1. FC Heidenheim 1846:1. FSV Mainz 05,2024/2025,Bundesliga,DFL-CLU-000006,1. FSV Mainz 05,guest,3-4-1-2,3-4-1-2,"[3, 4, 1, 2]"
DFL-MAT-J0408H,SV Werder Bremen:TSG Hoffenheim,2024/2025,Bundesliga,DFL-CLU-00000E,SV Werder Bremen,home,3-3-2-2,3-3-2-2,"[3, 3, 2, 2]"
DFL-MAT-J0408H,SV Werder Bremen:TSG Hoffenheim,2024/2025,Bundesliga,DFL-CLU-000002,TSG Hoffenheim,guest,4-2-3-1,4-2-3-1,"[4, 2, 3, 1]"
DFL-MAT-J0408I,FC Augsburg:RB Leipzig,2024/2025,Bundesliga,DFL-CLU-000017,RB Leipzig,guest,3-4-2-1 Double-10,3-4-2-1,"[3, 4, 2, 1]"
DFL-MAT-J0408I,FC Augsburg:RB Leipzig,2024/2025,Bundesliga,DFL-CLU-000010,FC Augsburg,home,3-4-2-1 Double-10,3-4-2-1,"[3, 4, 2, 1]"
DFL-MAT-J0408J,1. FC Union Berlin:Borussia Mönchengladbach,2024/2025,Bundesliga,DFL-CLU-000004,Borussia Mönchengladbach,guest,4-2-3-1,4-2-3-1,"[4, 2, 3, 1]"
DFL-MAT-J0408J,1. FC Union Berlin:Borussia Mönchengladbach,2024/2025,Bundesliga,DFL-CLU-00000V,1. FC Union Berlin,home,4-2-3-1,4-2-3-1,"[4, 2, 3, 1]"
DFL-MAT-J0408K,VfL Bochum 1848:Borussia Dortmund,2024/2025,Bundesliga,DFL-CLU-000007,Borussia Dortmund,guest,4-2-3-1,4-2-3-1,"[4, 2, 3, 1]"
DFL-MAT-J0408K,VfL Bochum 1848:Borussia Dortmund,2024/2025,Bundesliga,DFL-CLU-00000S,VfL Bochum 1848,home,5-3-2 with 6,5-3-2,"[5, 3, 2]"
DFL-MAT-J0408L,FC St. Pauli:Sport-Club Freiburg,2024/2025,Bundesliga,DFL-CLU-00000A,Sport-Club Freiburg,guest,4-2-3-1,4-2-3-1,"[4, 2, 3, 1]"
DFL-MAT-J0408L,FC St. Pauli:Sport-Club Freiburg,2024/2025,Bundesliga,DFL-CLU-00000H,FC St. Pauli,home,3-4-3 defensive Midfielder,3-4-3,"[3, 4, 3]"
DFL-MAT-J0408M,FC Bayern München:Eintracht Frankfurt,2024/2025,Bundesliga,DFL-CLU-00000G,FC Bayern München,home,4-2-3-1,4-2-3-1,"[4, 2, 3, 1]"
DFL-MAT-J0408M,FC Bayern München:Eintracht Frankfurt,2024/2025,Bundesliga,DFL-CLU-00000F,Eintracht Frankfurt,guest,4-4-2 Double-6,4-4-2,"[4, 4, 2]"
DFL-MAT-J0408N,RB Leipzig:1. FC Heidenheim 1846,2024/2025,Bundesliga,DFL-CLU-000018,1. FC Heidenheim 1846,guest,3-4-2-1 Double-10,3-4-2-1,"[3, 4, 2, 1]"
DFL-MAT-J0408N,RB Leipzig:1. FC Heidenheim 1846,2024/2025,Bundesliga,DFL-CLU-000017,RB Leipzig,home,4-4-2 Double-6 offensive Outliner,4-4-2,"[4, 4, 2]"
DFL-MAT-J0408O,Borussia Dortmund:1. FC Union Berlin,2024/2025,Bundesliga,DFL-CLU-000007,Borussia Dortmund,home,4-2-3-1,4-2-3-1,"[4, 2, 3, 1]"
DFL-MAT-J0408O,Borussia Dortmund:1. FC Union Berlin,2024/2025,Bundesliga,DFL-CLU-00000V,1. FC Union Berlin,guest,4-2-3-1,4-2-3-1,"[4, 2, 3, 1]"
DFL-MAT-J0408P,TSG Hoffenheim:VfB Stuttgart,2024/2025,Bundesliga,DFL-CLU-00000D,VfB Stuttgart,guest,4-4-2 Double-6 offensive Outliner,4-4-2,"[4, 4, 2]"
DFL-MAT-J0408P,TSG Hoffenheim:VfB Stuttgart,2024/2025,Bundesliga,DFL-CLU-000002,TSG Hoffenheim,home,4-2-3-1,4-2-3-1,"[4, 2, 3, 1]"
DFL-MAT-J0408Q,Sport-Club Freiburg:SV Werder Bremen,2024/2025,Bundesliga,DFL-CLU-00000E,SV Werder Bremen,guest,3-3-2-2,3-3-2-2,"[3, 3, 2, 2]"
DFL-MAT-J0408Q,Sport-Club Freiburg:SV Werder Bremen,2024/2025,Bundesliga,DFL-CLU-00000A,Sport-Club Freiburg,home,4-2-3-1,4-2-3-1,"[4, 2, 3, 1]"
DFL-MAT-J0408R,VfL Wolfsburg:VfL Bochum 1848,2024/2025,Bundesliga,DFL-CLU-00000S,VfL Bochum 1848,guest,3-3-2-2,3-3-2-2,"[3, 3, 2, 2]"
DFL-MAT-J0408R,VfL Wolfsburg:VfL Bochum 1848,2024/2025,Bundesliga,DFL-CLU-000003,VfL Wolfsburg,home,4-4-2 Double-6,4-4-2,"[4, 4, 2]"
DFL-MAT-J0408S,1. FSV Mainz 05:FC St. Pauli,2024/2025,Bundesliga,DFL-CLU-000006,1. FSV Mainz 05,home,3-4-2-1 Double-10,3-4-2-1,"[3, 4, 2, 1]"
DFL-MAT-J0408S,1. FSV Mainz 05:FC St. Pauli,2024/2025,Bundesliga,DFL-CLU-00000H,FC St. Pauli,guest,3-4-3 defensive Midfielder,3-4-3,"[3, 4, 3]"
DFL-MAT-J0408T,Borussia Mönchengladbach:FC Augsburg,2024/2025,Bundesliga,DFL-CLU-000004,Borussia Mönchengladbach,home,4-2-3-1,4-2-3-1,"[4, 2, 3, 1]"
DFL-MAT-J0408T,Borussia Mönchengladbach:FC Augsburg,2024/2025,Bundesliga,DFL-CLU-000010,FC Augsburg,guest,3-4-2-1 Double-10,3-4-2-1,"[3, 4, 2, 1]"
DFL-MAT-J0408U,Holstein Kiel:Bayer 04 Leverkusen,2024/2025,Bundesliga,DFL-CLU-00000B,Bayer 04 Leverkusen,guest,3-4-2-1 Double-10,3-4-2-1,"[3, 4, 2, 1]"
DFL-MAT-J0408U,Holstein Kiel:Bayer 04 Leverkusen,2024/2025,Bundesliga,DFL-CLU-000N5P,Holstein Kiel,home,3-3-2-2,3-3-2-2,"[3, 3, 2, 2]"
DFL-MAT-J0408V,VfB Stuttgart:FC Bayern München,2024/2025,Bundesliga,DFL-CLU-00000G,FC Bayern München,guest,4-2-3-1,4-2-3-1,"[4, 2, 3, 1]"
DFL-MAT-J0408V,VfB Stuttgart:FC Bayern München,2024/2025,Bundesliga,DFL-CLU-00000D,VfB Stuttgart,home,4-4-2 Double-6 offensive Outliner,4-4-2,"[4, 4, 2]"
DFL-MAT-J0408W,RB Leipzig:1. FSV Mainz 05,2024/2025,Bundesliga,DFL-CLU-000017,RB Leipzig,home,3-4-2-1 Double-10,3-4-2-1,"[3, 4, 2, 1]"
DFL-MAT-J0408W,RB Leipzig:1. FSV Mainz 05,2024/2025,Bundesliga,DFL-CLU-000006,1. FSV Mainz 05,guest,3-4-2-1 Double-10,3-4-2-1,"[3, 4, 2, 1]"
DFL-MAT-J0408X,Eintracht Frankfurt:Bayer 04 Leverkusen,2024/2025,Bundesliga,DFL-CLU-00000F,Eintracht Frankfurt,home,4-4-2 Double-6 offensive Outliner,4-4-2,"[4, 4, 2]"
DFL-MAT-J0408X,Eintracht Frankfurt:Bayer 04 Leverkusen,2024/2025,Bundesliga,DFL-CLU-00000B,Bayer 04 Leverkusen,guest,3-4-2-1 Double-10,3-4-2-1,"[3, 4, 2, 1]"
DFL-MAT-J0408Y,1. FC Heidenheim 1846:Borussia Mönchengladbach,2024/2025,Bundesliga,DFL-CLU-000018,1. FC Heidenheim 1846,home,3-4-2-1 Double-10,3-4-2-1,"[3, 4, 2, 1]"
DFL-MAT-J0408Y,1. FC Heidenheim 1846:Borussia Mönchengladbach,2024/2025,Bundesliga,DFL-CLU-000004,Borussia Mönchengladbach,guest,4-2-3-1,4-2-3-1,"[4, 2, 3, 1]"
DFL-MAT-J0408Z,SV Werder Bremen:VfL Wolfsburg,2024/2025,Bundesliga,DFL-CLU-00000E,SV Werder Bremen,home,3-3-2-2,3-3-2-2,"[3, 3, 2, 2]"
DFL-MAT-J0408Z,SV Werder Bremen:VfL Wolfsburg,2024/2025,Bundesliga,DFL-CLU-000003,VfL Wolfsburg,guest,4-4-2 Double-6,4-4-2,"[4, 4, 2]"
DFL-MAT-J04090,FC Augsburg:Sport-Club Freiburg,2024/2025,Bundesliga,DFL-CLU-00000A,Sport-Club Freiburg,guest,4-2-3-1,4-2-3-1,"[4, 2, 3, 1]"
DFL-MAT-J04090,FC Augsburg:Sport-Club Freiburg,2024/2025,Bundesliga,DFL-CLU-000010,FC Augsburg,home,3-4-2-1 Double-10,3-4-2-1,"[3, 4, 2, 1]"
DFL-MAT-J04091,1. FC Union Berlin:Holstein Kiel,2024/2025,Bundesliga,DFL-CLU-00000V,1. FC Union Berlin,home,3-4-3 defensive Midfielder,3-4-3,"[3, 4, 3]"
DFL-MAT-J04091,1. FC Union Berlin:Holstein Kiel,2024/2025,Bundesliga,DFL-CLU-000N5P,Holstein Kiel,guest,3-4-1-2 defensive Midfielder,3-4-1-2,"[3, 4, 1, 2]"
DFL-MAT-J04092,VfL Bochum 1848:TSG Hoffenheim,2024/2025,Bundesliga,DFL-CLU-00000S,VfL Bochum 1848,home,3-3-2-2,3-3-2-2,"[3, 3, 2, 2]"
DFL-MAT-J04092,VfL Bochum 1848:TSG Hoffenheim,2024/2025,Bundesliga,DFL-CLU-000002,TSG Hoffenheim,guest,4-2-3-1,4-2-3-1,"[4, 2, 3, 1]"
DFL-MAT-J04093,FC St. Pauli:Borussia Dortmund,2024/2025,Bundesliga,DFL-CLU-000007,Borussia Dortmund,guest,4-2-3-1,4-2-3-1,"[4, 2, 3, 1]"
DFL-MAT-J04093,FC St. Pauli:Borussia Dortmund,2024/2025,Bundesliga,DFL-CLU-00000H,FC St. Pauli,home,3-4-3 defensive Midfielder,3-4-3,"[3, 4, 3]"
DFL-MAT-J04094,Bayer 04 Leverkusen:SV Werder Bremen,2024/2025,Bundesliga,DFL-CLU-00000E,SV Werder Bremen,guest,3-3-2-2,3-3-2-2,"[3, 3, 2, 2]"
DFL-MAT-J04094,Bayer 04 Leverkusen:SV Werder Bremen,2024/2025,Bundesliga,DFL-CLU-00000B,Bayer 04 Leverkusen,home,3-4-2-1 Double-10,3-4-2-1,"[3, 4, 2, 1]"
DFL-MAT-J04095,FC Bayern München:VfL Bochum 1848,2024/2025,Bundesliga,DFL-CLU-00000G,FC Bayern München,home,4-2-3-1,4-2-3-1,"[4, 2, 3, 1]"
DFL-MAT-J04095,FC Bayern München:VfL Bochum 1848,2024/2025,Bundesliga,DFL-CLU-00000S,VfL Bochum 1848,guest,3-3-2-2,3-3-2-2,"[3, 3, 2, 2]"
DFL-MAT-J04096,Borussia Dortmund:FC Augsburg,2024/2025,Bundesliga,DFL-CLU-000007,Borussia Dortmund,home,4-2-3-1,4-2-3-1,"[4, 2, 3, 1]"
DFL-MAT-J04096,Borussia Dortmund:FC Augsburg,2024/2025,Bundesliga,DFL-CLU-000010,FC Augsburg,guest,3-4-2-1 Double-10,3-4-2-1,"[3, 4, 2, 1]"
DFL-MAT-J04097,Eintracht Frankfurt:1. FC Union Berlin,2024/2025,Bundesliga,DFL-CLU-00000F,Eintracht Frankfurt,home,4-2-3-1,4-2-3-1,"[4, 2, 3, 1]"
DFL-MAT-J04097,Eintracht Frankfurt:1. FC Union Berlin,2024/2025,Bundesliga,DFL-CLU-00000V,1. FC Union Berlin,guest,3-3-2-2,3-3-2-2,"[3, 3, 2, 2]"
DFL-MAT-J04098,TSG Hoffenheim:1. FC Heidenheim 1846,2024/2025,Bundesliga,DFL-CLU-000018,1. FC Heidenheim 1846,guest,4-4-2 Diamond,4-4-2,"[4, 4, 2]"
DFL-MAT-J04098,TSG Hoffenheim:1. FC Heidenheim 1846,2024/2025,Bundesliga,DFL-CLU-000002,TSG Hoffenheim,home,4-4-2 Diamond,4-4-2,"[4, 4, 2]"
DFL-MAT-J04099,Sport-Club Freiburg:RB Leipzig,2024/2025,Bundesliga,DFL-CLU-000017,RB Leipzig,guest,3-3-2-2,3-3-2-2,"[3, 3, 2, 2]"
DFL-MAT-J04099,Sport-Club Freiburg:RB Leipzig,2024/2025,Bundesliga,DFL-CLU-00000A,Sport-Club Freiburg,home,4-4-1-1 offensive Outliner,4-4-1-1,"[4, 4, 1, 1]"
DFL-MAT-J0409A,VfL Wolfsburg:FC St. Pauli,2024/2025,Bundesliga,DFL-CLU-00000H,FC St. Pauli,guest,3-4-1-2 defensive Midfielder,3-4-1-2,"[3, 4, 1, 2]"
DFL-MAT-J0409A,VfL Wolfsburg:FC St. Pauli,2024/2025,Bundesliga,DFL-CLU-000003,VfL Wolfsburg,home,4-3-3 Double-6,4-3-3,"[4, 3, 3]"
DFL-MAT-J0409B,Borussia Mönchengladbach:1. FSV Mainz 05,2024/2025,Bundesliga,DFL-CLU-000004,Borussia Mönchengladbach,home,4-2-3-1,4-2-3-1,"[4, 2, 3, 1]"
DFL-MAT-J0409B,Borussia Mönchengladbach:1. FSV Mainz 05,2024/2025,Bundesliga,DFL-CLU-000006,1. FSV Mainz 05,guest,3-4-2-1 Double-10,3-4-2-1,"[3, 4, 2, 1]"
DFL-MAT-J0409C,Holstein Kiel:VfB Stuttgart,2024/2025,Bundesliga,DFL-CLU-00000D,VfB Stuttgart,guest,3-4-2-1 Double-10,3-4-2-1,"[3, 4, 2, 1]"
DFL-MAT-J0409C,Holstein Kiel:VfB Stuttgart,2024/2025,Bundesliga,DFL-CLU-000N5P,Holstein Kiel,home,3-3-2-2,3-3-2-2,"[3, 3, 2, 2]"
DFL-MAT-J0409D,VfB Stuttgart:Bayer 04 Leverkusen,2024/2025,Bundesliga,DFL-CLU-00000D,VfB Stuttgart,home,3-3-2-2,3-3-2-2,"[3, 3, 2, 2]"
DFL-MAT-J0409D,VfB Stuttgart:Bayer 04 Leverkusen,2024/2025,Bundesliga,DFL-CLU-00000B,Bayer 04 Leverkusen,guest,4-2-3-1,4-2-3-1,"[4, 2, 3, 1]"
DFL-MAT-J0409E,RB Leipzig:Borussia Dortmund,2024/2025,Bundesliga,DFL-CLU-000017,RB Leipzig,home,3-3-2-2,3-3-2-2,"[3, 3, 2, 2]"
DFL-MAT-J0409E,RB Leipzig:Borussia Dortmund,2024/2025,Bundesliga,DFL-CLU-000007,Borussia Dortmund,guest,4-2-3-1,4-2-3-1,"[4, 2, 3, 1]"
DFL-MAT-J0409F,1. FC Heidenheim 1846:Holstein Kiel,2024/2025,Bundesliga,DFL-CLU-000018,1. FC Heidenheim 1846,home,3-4-1-2 defensive Midfielder,3-4-1-2,"[3, 4, 1, 2]"
DFL-MAT-J0409F,1. FC Heidenheim 1846:Holstein Kiel,2024/2025,Bundesliga,DFL-CLU-000N5P,Holstein Kiel,guest,3-4-1-2 defensive Midfielder,3-4-1-2,"[3, 4, 1, 2]"
DFL-MAT-J0409G,SV Werder Bremen:Borussia Mönchengladbach,2024/2025,Bundesliga,DFL-CLU-00000E,SV Werder Bremen,home,3-3-2-2,3-3-2-2,"[3, 3, 2, 2]"
DFL-MAT-J0409G,SV Werder Bremen:Borussia Mönchengladbach,2024/2025,Bundesliga,DFL-CLU-000004,Borussia Mönchengladbach,guest,4-2-3-1,4-2-3-1,"[4, 2, 3, 1]"
DFL-MAT-J0409H,FC Augsburg:VfL Wolfsburg,2024/2025,Bundesliga,DFL-CLU-000003,VfL Wolfsburg,guest,4-3-3 with 6,4-3-3,"[4, 3, 3]"
DFL-MAT-J0409H,FC Augsburg:VfL Wolfsburg,2024/2025,Bundesliga,DFL-CLU-000010,FC Augsburg,home,3-4-2-1 Double-10,3-4-2-1,"[3, 4, 2, 1]"
DFL-MAT-J0409I,1. FSV Mainz 05:Sport-Club Freiburg,2024/2025,Bundesliga,DFL-CLU-00000A,Sport-Club Freiburg,guest,4-4-1-1 offensive Outliner,4-4-1-1,"[4, 4, 1, 1]"
DFL-MAT-J0409I,1. FSV Mainz 05:Sport-Club Freiburg,2024/2025,Bundesliga,DFL-CLU-000006,1. FSV Mainz 05,home,3-4-2-1 Double-10,3-4-2-1,"[3, 4, 2, 1]"
DFL-MAT-J0409J,1. FC Union Berlin:FC Bayern München,2024/2025,Bundesliga,DFL-CLU-00000G,FC Bayern München,guest,4-2-3-1,4-2-3-1,"[4, 2, 3, 1]"
DFL-MAT-J0409J,1. FC Union Berlin:FC Bayern München,2024/2025,Bundesliga,DFL-CLU-00000V,1. FC Union Berlin,home,5-4-1,5-4-1,"[5, 4, 1]"
DFL-MAT-J0409K,VfL Bochum 1848:Eintracht Frankfurt,2024/2025,Bundesliga,DFL-CLU-00000F,Eintracht Frankfurt,guest,4-2-3-1,4-2-3-1,"[4, 2, 3, 1]"
DFL-MAT-J0409K,VfL Bochum 1848:Eintracht Frankfurt,2024/2025,Bundesliga,DFL-CLU-00000S,VfL Bochum 1848,home,3-3-2-2,3-3-2-2,"[3, 3, 2, 2]"
DFL-MAT-J0409L,FC St. Pauli:TSG Hoffenheim,2024/2025,Bundesliga,DFL-CLU-00000H,FC St. Pauli,home,3-4-1-2 defensive Midfielder,3-4-1-2,"[3, 4, 1, 2]"
DFL-MAT-J0409L,FC St. Pauli:TSG Hoffenheim,2024/2025,Bundesliga,DFL-CLU-000002,TSG Hoffenheim,guest,4-2-3-1,4-2-3-1,"[4, 2, 3, 1]"
DFL-MAT-J0409M,Bayer 04 Leverkusen:VfL Bochum 1848,2024/2025,Bundesliga,DFL-CLU-00000B,Bayer 04 Leverkusen,home,3-4-2-1 Double-10,3-4-2-1,"[3, 4, 2, 1]"
DFL-MAT-J0409M,Bayer 04 Leverkusen:VfL Bochum 1848,2024/2025,Bundesliga,DFL-CLU-00000S,VfL Bochum 1848,guest,3-3-2-2,3-3-2-2,"[3, 3, 2, 2]"
DFL-MAT-J0409N,FC Bayern München:FC St. Pauli,2024/2025,Bundesliga,DFL-CLU-00000G,FC Bayern München,home,4-2-3-1,4-2-3-1,"[4, 2, 3, 1]"
DFL-MAT-J0409N,FC Bayern München:FC St. Pauli,2024/2025,Bundesliga,DFL-CLU-00000H,FC St. Pauli,guest,3-4-3 defensive Midfielder,3-4-3,"[3, 4, 3]"
DFL-MAT-J0409O,Borussia Dortmund:1. FSV Mainz 05,2024/2025,Bundesliga,DFL-CLU-000007,Borussia Dortmund,home,3-3-2-2,3-3-2-2,"[3, 3, 2, 2]"
DFL-MAT-J0409O,Borussia Dortmund:1. FSV Mainz 05,2024/2025,Bundesliga,DFL-CLU-000006,1. FSV Mainz 05,guest,3-4-2-1 Double-10,3-4-2-1,"[3, 4, 2, 1]"
DFL-MAT-J0409P,Eintracht Frankfurt:VfB Stuttgart,2024/2025,Bundesliga,DFL-CLU-00000F,Eintracht Frankfurt,home,4-2-3-1,4-2-3-1,"[4, 2, 3, 1]"
DFL-MAT-J0409P,Eintracht Frankfurt:VfB Stuttgart,2024/2025,Bundesliga,DFL-CLU-00000D,VfB Stuttgart,guest,4-2-3-1,4-2-3-1,"[4, 2, 3, 1]"
DFL-MAT-J0409Q,TSG Hoffenheim:FC Augsburg,2024/2025,Bundesliga,DFL-CLU-000010,FC Augsburg,guest,3-4-2-1 Double-10,3-4-2-1,"[3, 4, 2, 1]"
DFL-MAT-J0409Q,TSG Hoffenheim:FC Augsburg,2024/2025,Bundesliga,DFL-CLU-000002,TSG Hoffenheim,home,4-2-3-1,4-2-3-1,"[4, 2, 3, 1]"
DFL-MAT-J0409R,Sport-Club Freiburg:1. FC Union Berlin,2024/2025,Bundesliga,DFL-CLU-00000A,Sport-Club Freiburg,home,4-4-1-1 offensive Outliner,4-4-1-1,"[4, 4, 1, 1]"
DFL-MAT-J0409R,Sport-Club Freiburg:1. FC Union Berlin,2024/2025,Bundesliga,DFL-CLU-00000V,1. FC Union Berlin,guest,3-4-3 defensive Midfielder,3-4-3,"[3, 4, 3]"
DFL-MAT-J0409S,VfL Wolfsburg:1. FC Heidenheim 1846,2024/2025,Bundesliga,DFL-CLU-000018,1. FC Heidenheim 1846,guest,3-3-2-2,3-3-2-2,"[3, 3, 2, 2]"
DFL-MAT-J0409S,VfL Wolfsburg:1. FC Heidenheim 1846,2024/2025,Bundesliga,DFL-CLU-000003,VfL Wolfsburg,home,4-3-3 with 6,4-3-3,"[4, 3, 3]"
DFL-MAT-J0409T,Borussia Mönchengladbach:RB Leipzig,2024/2025,Bundesliga,DFL-CLU-000017,RB Leipzig,guest,3-3-2-2,3-3-2-2,"[3, 3, 2, 2]"
DFL-MAT-J0409T,Borussia Mönchengladbach:RB Leipzig,2024/2025,Bundesliga,DFL-CLU-000004,Borussia Mönchengladbach,home,4-2-3-1,4-2-3-1,"[4, 2, 3, 1]"
DFL-MAT-J0409U,Holstein Kiel:SV Werder Bremen,2024/2025,Bundesliga,DFL-CLU-00000E,SV Werder Bremen,guest,3-3-2-2,3-3-2-2,"[3, 3, 2, 2]"
DFL-MAT-J0409U,Holstein Kiel:SV Werder Bremen,2024/2025,Bundesliga,DFL-CLU-000N5P,Holstein Kiel,home,3-4-1-2 defensive Midfielder,3-4-1-2,"[3, 4, 1, 2]"
DFL-MAT-J0409V,RB Leipzig:TSG Hoffenheim,2024/2025,Bundesliga,DFL-CLU-000017,RB Leipzig,home,4-4-2 Double-6 offensive Outliner,4-4-2,"[4, 4, 2]"
DFL-MAT-J0409V,RB Leipzig:TSG Hoffenheim,2024/2025,Bundesliga,DFL-CLU-000002,TSG Hoffenheim,guest,4-2-3-1,4-2-3-1,"[4, 2, 3, 1]"
DFL-MAT-J0409W,1. FC Heidenheim 1846:Bayer 04 Leverkusen,2024/2025,Bundesliga,DFL-CLU-000018,1. FC Heidenheim 1846,home,3-4-2-1 Double-10,3-4-2-1,"[3, 4, 2, 1]"
DFL-MAT-J0409W,1. FC Heidenheim 1846:Bayer 04 Leverkusen,2024/2025,Bundesliga,DFL-CLU-00000B,Bayer 04 Leverkusen,guest,3-4-3,3-4-3,"[3, 4, 3]"
DFL-MAT-J0409X,SV Werder Bremen:Eintracht Frankfurt,2024/2025,Bundesliga,DFL-CLU-00000E,SV Werder Bremen,home,3-3-2-2,3-3-2-2,"[3, 3, 2, 2]"
DFL-MAT-J0409X,SV Werder Bremen:Eintracht Frankfurt,2024/2025,Bundesliga,DFL-CLU-00000F,Eintracht Frankfurt,guest,4-2-3-1,4-2-3-1,"[4, 2, 3, 1]"
DFL-MAT-J0409Y,Sport-Club Freiburg:Borussia Dortmund,2024/2025,Bundesliga,DFL-CLU-000007,Borussia Dortmund,guest,3-4-1-2,3-4-1-2,"[3, 4, 1, 2]"
DFL-MAT-J0409Y,Sport-Club Freiburg:Borussia Dortmund,2024/2025,Bundesliga,DFL-CLU-00000A,Sport-Club Freiburg,home,4-4-1-1 offensive Outliner,4-4-1-1,"[4, 4, 1, 1]"
DFL-MAT-J0409Z,FC Augsburg:FC Bayern München,2024/2025,Bundesliga,DFL-CLU-00000G,FC Bayern München,guest,4-2-3-1,4-2-3-1,"[4, 2, 3, 1]"
DFL-MAT-J0409Z,FC Augsburg:FC Bayern München,2024/2025,Bundesliga,DFL-CLU-000010,FC Augsburg,home,3-4-2-1 Double-10,3-4-2-1,"[3, 4, 2, 1]"
DFL-MAT-J040A0,1. FSV Mainz 05:Holstein Kiel,2024/2025,Bundesliga,DFL-CLU-000006,1. FSV Mainz 05,home,3-4-2-1 Double-10,3-4-2-1,"[3, 4, 2, 1]"
DFL-MAT-J040A0,1. FSV Mainz 05:Holstein Kiel,2024/2025,Bundesliga,DFL-CLU-000N5P,Holstein Kiel,guest,3-4-1-2 defensive Midfielder,3-4-1-2,"[3, 4, 1, 2]"
DFL-MAT-J040A1,1. FC Union Berlin:VfL Wolfsburg,2024/2025,Bundesliga,DFL-CLU-000003,VfL Wolfsburg,guest,3-4-1-2 defensive Midfielder,3-4-1-2,"[3, 4, 1, 2]"
DFL-MAT-J040A1,1. FC Union Berlin:VfL Wolfsburg,2024/2025,Bundesliga,DFL-CLU-00000V,1. FC Union Berlin,home,3-3-2-2,3-3-2-2,"[3, 3, 2, 2]"
DFL-MAT-J040A2,VfL Bochum 1848:VfB Stuttgart,2024/2025,Bundesliga,DFL-CLU-00000D,VfB Stuttgart,guest,4-2-3-1,4-2-3-1,"[4, 2, 3, 1]"
DFL-MAT-J040A2,VfL Bochum 1848:VfB Stuttgart,2024/2025,Bundesliga,DFL-CLU-00000S,VfL Bochum 1848,home,3-3-2-2,3-3-2-2,"[3, 3, 2, 2]"
DFL-MAT-J040A3,FC St. Pauli:Borussia Mönchengladbach,2024/2025,Bundesliga,DFL-CLU-000004,Borussia Mönchengladbach,guest,4-2-3-1,4-2-3-1,"[4, 2, 3, 1]"
DFL-MAT-J040A3,FC St. Pauli:Borussia Mönchengladbach,2024/2025,Bundesliga,DFL-CLU-00000H,FC St. Pauli,home,3-4-3 defensive Midfielder,3-4-3,"[3, 4, 3]"
DFL-MAT-J040A4,Bayer 04 Leverkusen:1. FC Union Berlin,2024/2025,Bundesliga,DFL-CLU-00000B,Bayer 04 Leverkusen,home,3-1-4-2,3-1-4-2,"[3, 1, 4, 2]"
DFL-MAT-J040A4,Bayer 04 Leverkusen:1. FC Union Berlin,2024/2025,Bundesliga,DFL-CLU-00000V,1. FC Union Berlin,guest,3-4-2-1 Double-10,3-4-2-1,"[3, 4, 2, 1]"
DFL-MAT-J040A5,VfB Stuttgart:SV Werder Bremen,2024/2025,Bundesliga,DFL-CLU-00000E,SV Werder Bremen,guest,3-3-2-2,3-3-2-2,"[3, 3, 2, 2]"
DFL-MAT-J040A5,VfB Stuttgart:SV Werder Bremen,2024/2025,Bundesliga,DFL-CLU-00000D,VfB Stuttgart,home,4-2-3-1,4-2-3-1,"[4, 2, 3, 1]"
DFL-MAT-J040A6,FC Bayern München:Borussia Dortmund,2024/2025,Bundesliga,DFL-CLU-00000G,FC Bayern München,home,4-2-3-1,4-2-3-1,"[4, 2, 3, 1]"
DFL-MAT-J040A6,FC Bayern München:Borussia Dortmund,2024/2025,Bundesliga,DFL-CLU-000007,Borussia Dortmund,guest,3-3-2-2,3-3-2-2,"[3, 3, 2, 2]"
DFL-MAT-J040A7,Eintracht Frankfurt:1. FC Heidenheim 1846,2024/2025,Bundesliga,DFL-CLU-000018,1. FC Heidenheim 1846,guest,3-1-4-2,3-1-4-2,"[3, 1, 4, 2]"
DFL-MAT-J040A7,Eintracht Frankfurt:1. FC Heidenheim 1846,2024/2025,Bundesliga,DFL-CLU-00000F,Eintracht Frankfurt,home,4-2-3-1,4-2-3-1,"[4, 2, 3, 1]"
DFL-MAT-J040A8,TSG Hoffenheim:1. FSV Mainz 05,2024/2025,Bundesliga,DFL-CLU-000006,1. FSV Mainz 05,guest,3-4-2-1 Double-10,3-4-2-1,"[3, 4, 2, 1]"
DFL-MAT-J040A8,TSG Hoffenheim:1. FSV Mainz 05,2024/2025,Bundesliga,DFL-CLU-000002,TSG Hoffenheim,home,3-4-2-1 Double-10,3-4-2-1,"[3, 4, 2, 1]"
DFL-MAT-J040A9,VfL Wolfsburg:RB Leipzig,2024/2025,Bundesliga,DFL-CLU-000017,RB Leipzig,guest,4-4-2 Double-6 offensive Outliner,4-4-2,"[4, 4, 2]"
DFL-MAT-J040A9,VfL Wolfsburg:RB Leipzig,2024/2025,Bundesliga,DFL-CLU-000003,VfL Wolfsburg,home,3-3-2-2,3-3-2-2,"[3, 3, 2, 2]"
DFL-MAT-J040AA,Borussia Mönchengladbach:Sport-Club Freiburg,2024/2025,Bundesliga,DFL-CLU-000004,Borussia Mönchengladbach,home,4-2-3-1,4-2-3-1,"[4, 2, 3, 1]"
DFL-MAT-J040AA,Borussia Mönchengladbach:Sport-Club Freiburg,2024/2025,Bundesliga,DFL-CLU-00000A,Sport-Club Freiburg,guest,4-4-1-1 offensive Outliner,4-4-1-1,"[4, 4, 1, 1]"
DFL-MAT-J040AB,VfL Bochum 1848:FC Augsburg,2024/2025,Bundesliga,DFL-CLU-00000S,VfL Bochum 1848,home,3-3-2-2,3-3-2-2,"[3, 3, 2, 2]"
DFL-MAT-J040AB,VfL Bochum 1848:FC Augsburg,2024/2025,Bundesliga,DFL-CLU-000010,FC Augsburg,guest,3-4-2-1 Double-10,3-4-2-1,"[3, 4, 2, 1]"
DFL-MAT-J040AC,Holstein Kiel:FC St. Pauli,2024/2025,Bundesliga,DFL-CLU-00000H,FC St. Pauli,guest,3-4-3 defensive Midfielder,3-4-3,"[3, 4, 3]"
DFL-MAT-J040AC,Holstein Kiel:FC St. Pauli,2024/2025,Bundesliga,DFL-CLU-000N5P,Holstein Kiel,home,3-3-2-2,3-3-2-2,"[3, 3, 2, 2]"
DFL-MAT-J040AD,RB Leipzig:Holstein Kiel,2024/2025,Bundesliga,DFL-CLU-000017,RB Leipzig,home,4-4-2 Double-6 offensive Outliner,4-4-2,"[4, 4, 2]"
DFL-MAT-J040AD,RB Leipzig:Holstein Kiel,2024/2025,Bundesliga,DFL-CLU-000N5P,Holstein Kiel,guest,3-4-1-2 defensive Midfielder,3-4-1-2,"[3, 4, 1, 2]"
DFL-MAT-J040AE,Borussia Dortmund:Borussia Mönchengladbach,2024/2025,Bundesliga,DFL-CLU-000004,Borussia Mönchengladbach,guest,4-2-3-1,4-2-3-1,"[4, 2, 3, 1]"
DFL-MAT-J040AE,Borussia Dortmund:Borussia Mönchengladbach,2024/2025,Bundesliga,DFL-CLU-000007,Borussia Dortmund,home,3-4-3 defensive Midfielder,3-4-3,"[3, 4, 3]"
DFL-MAT-J040AF,1. FC Heidenheim 1846:FC Bayern München,2024/2025,Bundesliga,DFL-CLU-000018,1. FC Heidenheim 1846,home,4-4-2 Diamond,4-4-2,"[4, 4, 2]"
DFL-MAT-J040AF,1. FC Heidenheim 1846:FC Bayern München,2024/2025,Bundesliga,DFL-CLU-00000G,FC Bayern München,guest,4-4-2 Double-6 offensive Outliner,4-4-2,"[4, 4, 2]"
DFL-MAT-J040AG,SV Werder Bremen:VfL Bochum 1848,2024/2025,Bundesliga,DFL-CLU-00000E,SV Werder Bremen,home,3-3-2-2,3-3-2-2,"[3, 3, 2, 2]"
DFL-MAT-J040AG,SV Werder Bremen:VfL Bochum 1848,2024/2025,Bundesliga,DFL-CLU-00000S,VfL Bochum 1848,guest,3-4-3 defensive Midfielder,3-4-3,"[3, 4, 3]"
DFL-MAT-J040AH,Sport-Club Freiburg:TSG Hoffenheim,2024/2025,Bundesliga,DFL-CLU-00000A,Sport-Club Freiburg,home,4-4-1-1 offensive Outliner,4-4-1-1,"[4, 4, 1, 1]"
DFL-MAT-J040AH,Sport-Club Freiburg:TSG Hoffenheim,2024/2025,Bundesliga,DFL-CLU-000002,TSG Hoffenheim,guest,3-4-2-1 Double-10,3-4-2-1,"[3, 4, 2, 1]"
DFL-MAT-J040AI,FC Augsburg:Eintracht Frankfurt,2024/2025,Bundesliga,DFL-CLU-00000F,Eintracht Frankfurt,guest,3-3-2-2,3-3-2-2,"[3, 3, 2, 2]"
DFL-MAT-J040AI,FC Augsburg:Eintracht Frankfurt,2024/2025,Bundesliga,DFL-CLU-000010,FC Augsburg,home,3-4-2-1 Double-10,3-4-2-1,"[3, 4, 2, 1]"
DFL-MAT-J040AJ,1. FSV Mainz 05:VfL Wolfsburg,2024/2025,Bundesliga,DFL-CLU-000006,1. FSV Mainz 05,home,3-3-2-2,3-3-2-2,"[3, 3, 2, 2]"
DFL-MAT-J040AJ,1. FSV Mainz 05:VfL Wolfsburg,2024/2025,Bundesliga,DFL-CLU-000003,VfL Wolfsburg,guest,3-3-2-2,3-3-2-2,"[3, 3, 2, 2]"
DFL-MAT-J040AK,1. FC Union Berlin:VfB Stuttgart,2024/2025,Bundesliga,DFL-CLU-00000D,VfB Stuttgart,guest,4-2-3-1,4-2-3-1,"[4, 2, 3, 1]"
DFL-MAT-J040AK,1. FC Union Berlin:VfB Stuttgart,2024/2025,Bundesliga,DFL-CLU-00000V,1. FC Union Berlin,home,3-3-2-2,3-3-2-2,"[3, 3, 2, 2]"
DFL-MAT-J040AL,FC St. Pauli:Bayer 04 Leverkusen,2024/2025,Bundesliga,DFL-CLU-00000B,Bayer 04 Leverkusen,guest,3-4-1-2 defensive Midfielder,3-4-1-2,"[3, 4, 1, 2]"
DFL-MAT-J040AL,FC St. Pauli:Bayer 04 Leverkusen,2024/2025,Bundesliga,DFL-CLU-00000H,FC St. Pauli,home,3-4-3 defensive Midfielder,3-4-3,"[3, 4, 3]"
DFL-MAT-J040AM,Bayer 04 Leverkusen:FC Augsburg,2024/2025,Bundesliga,DFL-CLU-00000B,Bayer 04 Leverkusen,home,4-4-2 Double-6 offensive Outliner,4-4-2,"[4, 4, 2]"
DFL-MAT-J040AM,Bayer 04 Leverkusen:FC Augsburg,2024/2025,Bundesliga,DFL-CLU-000010,FC Augsburg,guest,3-4-2-1 Double-10,3-4-2-1,"[3, 4, 2, 1]"
DFL-MAT-J040AN,VfB Stuttgart:1. FC Heidenheim 1846,2024/2025,Bundesliga,DFL-CLU-000018,1. FC Heidenheim 1846,guest,3-3-2-2,3-3-2-2,"[3, 3, 2, 2]"
DFL-MAT-J040AN,VfB Stuttgart:1. FC Heidenheim 1846,2024/2025,Bundesliga,DFL-CLU-00000D,VfB Stuttgart,home,4-2-3-1,4-2-3-1,"[4, 2, 3, 1]"
DFL-MAT-J040AO,FC Bayern München:1. FSV Mainz 05,2024/2025,Bundesliga,DFL-CLU-00000G,FC Bayern München,home,4-4-2 Double-6 offensive Outliner,4-4-2,"[4, 4, 2]"
DFL-MAT-J040AO,FC Bayern München:1. FSV Mainz 05,2024/2025,Bundesliga,DFL-CLU-000006,1. FSV Mainz 05,guest,3-4-2-1 Double-10,3-4-2-1,"[3, 4, 2, 1]"
DFL-MAT-J040AP,Eintracht Frankfurt:RB Leipzig,2024/2025,Bundesliga,DFL-CLU-000017,RB Leipzig,guest,3-3-2-2,3-3-2-2,"[3, 3, 2, 2]"
DFL-MAT-J040AP,Eintracht Frankfurt:RB Leipzig,2024/2025,Bundesliga,DFL-CLU-00000F,Eintracht Frankfurt,home,3-4-2-1 Double-10,3-4-2-1,"[3, 4, 2, 1]"
DFL-MAT-J040AQ,TSG Hoffenheim:Borussia Dortmund,2024/2025,Bundesliga,DFL-CLU-000007,Borussia Dortmund,guest,3-4-2-1 Double-10,3-4-2-1,"[3, 4, 2, 1]"
DFL-MAT-J040AQ,TSG Hoffenheim:Borussia Dortmund,2024/2025,Bundesliga,DFL-CLU-000002,TSG Hoffenheim,home,3-4-2-1 Double-10,3-4-2-1,"[3, 4, 2, 1]"
DFL-MAT-J040AR,SV Werder Bremen:FC St. Pauli,2024/2025,Bundesliga,DFL-CLU-00000E,SV Werder Bremen,home,3-3-2-2,3-3-2-2,"[3, 3, 2, 2]"
DFL-MAT-J040AR,SV Werder Bremen:FC St. Pauli,2024/2025,Bundesliga,DFL-CLU-00000H,FC St. Pauli,guest,3-4-3 defensive Midfielder,3-4-3,"[3, 4, 3]"
DFL-MAT-J040AS,VfL Wolfsburg:Sport-Club Freiburg,2024/2025,Bundesliga,DFL-CLU-00000A,Sport-Club Freiburg,guest,4-4-1-1 offensive Outliner,4-4-1-1,"[4, 4, 1, 1]"
DFL-MAT-J040AS,VfL Wolfsburg:Sport-Club Freiburg,2024/2025,Bundesliga,DFL-CLU-000003,VfL Wolfsburg,home,3-3-2-2,3-3-2-2,"[3, 3, 2, 2]"
DFL-MAT-J040AT,VfL Bochum 1848:1. FC Union Berlin,2024/2025,Bundesliga,DFL-CLU-00000S,VfL Bochum 1848,home,3-4-1-2 defensive Midfielder,3-4-1-2,"[3, 4, 1, 2]"
DFL-MAT-J040AT,VfL Bochum 1848:1. FC Union Berlin,2024/2025,Bundesliga,DFL-CLU-00000V,1. FC Union Berlin,guest,3-3-2-2,3-3-2-2,"[3, 3, 2, 2]"
DFL-MAT-J040AU,Holstein Kiel:Borussia Mönchengladbach,2024/2025,Bundesliga,DFL-CLU-000004,Borussia Mönchengladbach,guest,4-2-3-1,4-2-3-1,"[4, 2, 3, 1]"
DFL-MAT-J040AU,Holstein Kiel:Borussia Mönchengladbach,2024/2025,Bundesliga,DFL-CLU-000N5P,Holstein Kiel,home,3-4-1-2 defensive Midfielder,3-4-1-2,"[3, 4, 1, 2]"
DFL-MAT-J040AV,RB Leipzig:FC Bayern München,2024/2025,Bundesliga,DFL-CLU-000017,RB Leipzig,home,4-4-2 Double-6,4-4-2,"[4, 4, 2]"
DFL-MAT-J040AV,RB Leipzig:FC Bayern München,2024/2025,Bundesliga,DFL-CLU-00000G,FC Bayern München,guest,4-4-2 Double-6 offensive Outliner,4-4-2,"[4, 4, 2]"
DFL-MAT-J040AW,Borussia Dortmund:VfL Wolfsburg,2024/2025,Bundesliga,DFL-CLU-000007,Borussia Dortmund,home,3-4-2-1 Double-10,3-4-2-1,"[3, 4, 2, 1]"
DFL-MAT-J040AW,Borussia Dortmund:VfL Wolfsburg,2024/2025,Bundesliga,DFL-CLU-000003,VfL Wolfsburg,guest,3-3-2-2,3-3-2-2,"[3, 3, 2, 2]"
DFL-MAT-J040AX,1. FC Heidenheim 1846:VfL Bochum 1848,2024/2025,Bundesliga,DFL-CLU-000018,1. FC Heidenheim 1846,home,3-4-2-1 Double-10,3-4-2-1,"[3, 4, 2, 1]"
DFL-MAT-J040AX,1. FC Heidenheim 1846:VfL Bochum 1848,2024/2025,Bundesliga,DFL-CLU-00000S,VfL Bochum 1848,guest,3-1-4-2,3-1-4-2,"[3, 1, 4, 2]"
DFL-MAT-J040AY,Sport-Club Freiburg:Bayer 04 Leverkusen,2024/2025,Bundesliga,DFL-CLU-00000B,Bayer 04 Leverkusen,guest,3-4-2-1 Double-10,3-4-2-1,"[3, 4, 2, 1]"
DFL-MAT-J040AY,Sport-Club Freiburg:Bayer 04 Leverkusen,2024/2025,Bundesliga,DFL-CLU-00000A,Sport-Club Freiburg,home,4-4-1-1 offensive Outliner,4-4-1-1,"[4, 4, 1, 1]"
DFL-MAT-J040AZ,FC Augsburg:Holstein Kiel,2024/2025,Bundesliga,DFL-CLU-000010,FC Augsburg,home,3-4-2-1 Double-10,3-4-2-1,"[3, 4, 2, 1]"
DFL-MAT-J040AZ,FC Augsburg:Holstein Kiel,2024/2025,Bundesliga,DFL-CLU-000N5P,Holstein Kiel,guest,3-4-1-2 defensive Midfielder,3-4-1-2,"[3, 4, 1, 2]"
DFL-MAT-J040B0,1. FSV Mainz 05:Eintracht Frankfurt,2024/2025,Bundesliga,DFL-CLU-00000F,Eintracht Frankfurt,guest,3-4-2-1 Double-10,3-4-2-1,"[3, 4, 2, 1]"
DFL-MAT-J040B0,1. FSV Mainz 05:Eintracht Frankfurt,2024/2025,Bundesliga,DFL-CLU-000006,1. FSV Mainz 05,home,3-4-2-1 Double-10,3-4-2-1,"[3, 4, 2, 1]"
DFL-MAT-J040B1,Borussia Mönchengladbach:TSG Hoffenheim,2024/2025,Bundesliga,DFL-CLU-000004,Borussia Mönchengladbach,home,4-2-3-1,4-2-3-1,"[4, 2, 3, 1]"
DFL-MAT-J040B1,Borussia Mönchengladbach:TSG Hoffenheim,2024/2025,Bundesliga,DFL-CLU-000002,TSG Hoffenheim,guest,3-1-4-2,3-1-4-2,"[3, 1, 4, 2]"
DFL-MAT-J040B2,1. FC Union Berlin:SV Werder Bremen,2024/2025,Bundesliga,DFL-CLU-00000E,SV Werder Bremen,guest,3-3-2-2,3-3-2-2,"[3, 3, 2, 2]"
DFL-MAT-J040B2,1. FC Union Berlin:SV Werder Bremen,2024/2025,Bundesliga,DFL-CLU-00000V,1. FC Union Berlin,home,3-3-2-2,3-3-2-2,"[3, 3, 2, 2]"
DFL-MAT-J040B3,FC St. Pauli:VfB Stuttgart,2024/2025,Bundesliga,DFL-CLU-00000D,VfB Stuttgart,guest,4-2-3-1,4-2-3-1,"[4, 2, 3, 1]"
DFL-MAT-J040B3,FC St. Pauli:VfB Stuttgart,2024/2025,Bundesliga,DFL-CLU-00000H,FC St. Pauli,home,3-4-3 defensive Midfielder,3-4-3,"[3, 4, 3]"
DFL-MAT-J040B4,Bayer 04 Leverkusen:Borussia Dortmund,2024/2025,Bundesliga,DFL-CLU-00000B,Bayer 04 Leverkusen,home,3-4-2-1 Double-10,3-4-2-1,"[3, 4, 2, 1]"
DFL-MAT-J040B4,Bayer 04 Leverkusen:Borussia Dortmund,2024/2025,Bundesliga,DFL-CLU-000007,Borussia Dortmund,guest,3-4-2-1 Double-10,3-4-2-1,"[3, 4, 2, 1]"
DFL-MAT-J040B5,VfB Stuttgart:FC Augsburg,2024/2025,Bundesliga,DFL-CLU-00000D,VfB Stuttgart,home,4-2-3-1,4-2-3-1,"[4, 2, 3, 1]"
DFL-MAT-J040B5,VfB Stuttgart:FC Augsburg,2024/2025,Bundesliga,DFL-CLU-000010,FC Augsburg,guest,3-4-2-1 Double-10,3-4-2-1,"[3, 4, 2, 1]"
DFL-MAT-J040B6,FC Bayern München:Borussia Mönchengladbach,2024/2025,Bundesliga,DFL-CLU-00000G,FC Bayern München,home,4-2-3-1,4-2-3-1,"[4, 2, 3, 1]"
DFL-MAT-J040B6,FC Bayern München:Borussia Mönchengladbach,2024/2025,Bundesliga,DFL-CLU-000004,Borussia Mönchengladbach,guest,4-5-1 offensive Outliner,4-5-1,"[4, 5, 1]"
DFL-MAT-J040B7,Eintracht Frankfurt:FC St. Pauli,2024/2025,Bundesliga,DFL-CLU-00000F,Eintracht Frankfurt,home,3-4-2-1 Double-10,3-4-2-1,"[3, 4, 2, 1]"
DFL-MAT-J040B7,Eintracht Frankfurt:FC St. Pauli,2024/2025,Bundesliga,DFL-CLU-00000H,FC St. Pauli,guest,3-4-3 defensive Midfielder,3-4-3,"[3, 4, 3]"
DFL-MAT-J040B8,SV Werder Bremen:RB Leipzig,2024/2025,Bundesliga,DFL-CLU-000017,RB Leipzig,guest,4-4-2 Double-6 offensive Outliner,4-4-2,"[4, 4, 2]"
DFL-MAT-J040B8,SV Werder Bremen:RB Leipzig,2024/2025,Bundesliga,DFL-CLU-00000E,SV Werder Bremen,home,3-3-2-2,3-3-2-2,"[3, 3, 2, 2]"
DFL-MAT-J040B9,VfL Wolfsburg:TSG Hoffenheim,2024/2025,Bundesliga,DFL-CLU-000003,VfL Wolfsburg,home,4-3-3 Double-6,4-3-3,"[4, 3, 3]"
DFL-MAT-J040B9,VfL Wolfsburg:TSG Hoffenheim,2024/2025,Bundesliga,DFL-CLU-000002,TSG Hoffenheim,guest,3-1-4-2,3-1-4-2,"[3, 1, 4, 2]"
DFL-MAT-J040BA,1. FC Union Berlin:1. FC Heidenheim 1846,2024/2025,Bundesliga,DFL-CLU-000018,1. FC Heidenheim 1846,guest,3-4-2-1 Double-10,3-4-2-1,"[3, 4, 2, 1]"
DFL-MAT-J040BA,1. FC Union Berlin:1. FC Heidenheim 1846,2024/2025,Bundesliga,DFL-CLU-00000V,1. FC Union Berlin,home,3-4-1-2 defensive Midfielder,3-4-1-2,"[3, 4, 1, 2]"
DFL-MAT-J040BB,VfL Bochum 1848:1. FSV Mainz 05,2024/2025,Bundesliga,DFL-CLU-00000S,VfL Bochum 1848,home,3-3-2-2,3-3-2-2,"[3, 3, 2, 2]"
DFL-MAT-J040BB,VfL Bochum 1848:1. FSV Mainz 05,2024/2025,Bundesliga,DFL-CLU-000006,1. FSV Mainz 05,guest,3-4-2-1 Double-10,3-4-2-1,"[3, 4, 2, 1]"
DFL-MAT-J040BC,Holstein Kiel:Sport-Club Freiburg,2024/2025,Bundesliga,DFL-CLU-00000A,Sport-Club Freiburg,guest,4-4-1-1 offensive Outliner,4-4-1-1,"[4, 4, 1, 1]"
DFL-MAT-J040BC,Holstein Kiel:Sport-Club Freiburg,2024/2025,Bundesliga,DFL-CLU-000N5P,Holstein Kiel,home,3-4-2-1 Double-10,3-4-2-1,"[3, 4, 2, 1]"
DFL-MAT-J040BD,RB Leipzig:VfB Stuttgart,2024/2025,Bundesliga,DFL-CLU-000017,RB Leipzig,home,4-4-2 Double-6 offensive Outliner,4-4-2,"[4, 4, 2]"
DFL-MAT-J040BD,RB Leipzig:VfB Stuttgart,2024/2025,Bundesliga,DFL-CLU-00000D,VfB Stuttgart,guest,3-4-3 defensive Midfielder,3-4-3,"[3, 4, 3]"
DFL-MAT-J040BE,Borussia Dortmund:Holstein Kiel,2024/2025,Bundesliga,DFL-CLU-000007,Borussia Dortmund,home,3-4-2-1 Double-10,3-4-2-1,"[3, 4, 2, 1]"
DFL-MAT-J040BE,Borussia Dortmund:Holstein Kiel,2024/2025,Bundesliga,DFL-CLU-000N5P,Holstein Kiel,guest,3-4-2-1 Double-10,3-4-2-1,"[3, 4, 2, 1]"
DFL-MAT-J040BF,TSG Hoffenheim:FC Bayern München,2024/2025,Bundesliga,DFL-CLU-00000G,FC Bayern München,guest,4-4-1-1 offensive Outliner,4-4-1-1,"[4, 4, 1, 1]"
DFL-MAT-J040BF,TSG Hoffenheim:FC Bayern München,2024/2025,Bundesliga,DFL-CLU-000002,TSG Hoffenheim,home,3-3-2-2,3-3-2-2,"[3, 3, 2, 2]"
DFL-MAT-J040BG,1. FC Heidenheim 1846:SV Werder Bremen,2024/2025,Bundesliga,DFL-CLU-000018,1. FC Heidenheim 1846,home,4-3-3 with 6,4-3-3,"[4, 3, 3]"
DFL-MAT-J040BG,1. FC Heidenheim 1846:SV Werder Bremen,2024/2025,Bundesliga,DFL-CLU-00000E,SV Werder Bremen,guest,3-3-2-2,3-3-2-2,"[3, 3, 2, 2]"
DFL-MAT-J040BH,Sport-Club Freiburg:Eintracht Frankfurt,2024/2025,Bundesliga,DFL-CLU-00000F,Eintracht Frankfurt,guest,3-3-2-2,3-3-2-2,"[3, 3, 2, 2]"
DFL-MAT-J040BH,Sport-Club Freiburg:Eintracht Frankfurt,2024/2025,Bundesliga,DFL-CLU-00000A,Sport-Club Freiburg,home,4-4-1-1 offensive Outliner,4-4-1-1,"[4, 4, 1, 1]"
DFL-MAT-J040BI,FC Augsburg:1. FC Union Berlin,2024/2025,Bundesliga,DFL-CLU-000010,FC Augsburg,home,3-4-2-1 Double-10,3-4-2-1,"[3, 4, 2, 1]"
DFL-MAT-J040BI,FC Augsburg:1. FC Union Berlin,2024/2025,Bundesliga,DFL-CLU-00000V,1. FC Union Berlin,guest,3-4-2-1 Double-10,3-4-2-1,"[3, 4, 2, 1]"
DFL-MAT-J040BJ,1. FSV Mainz 05:Bayer 04 Leverkusen,2024/2025,Bundesliga,DFL-CLU-00000B,Bayer 04 Leverkusen,guest,3-4-2-1 Double-10,3-4-2-1,"[3, 4, 2, 1]"
DFL-MAT-J040BJ,1. FSV Mainz 05:Bayer 04 Leverkusen,2024/2025,Bundesliga,DFL-CLU-000006,1. FSV Mainz 05,home,3-4-2-1 Double-10,3-4-2-1,"[3, 4, 2, 1]"
DFL-MAT-J040BK,Borussia Mönchengladbach:VfL Wolfsburg,2024/2025,Bundesliga,DFL-CLU-000004,Borussia Mönchengladbach,home,4-5-1 offensive Outliner,4-5-1,"[4, 5, 1]"
DFL-MAT-J040BK,Borussia Mönchengladbach:VfL Wolfsburg,2024/2025,Bundesliga,DFL-CLU-000003,VfL Wolfsburg,guest,4-3-3 Double-6,4-3-3,"[4, 3, 3]"
DFL-MAT-J040BL,FC St. Pauli:VfL Bochum 1848,2024/2025,Bundesliga,DFL-CLU-00000S,VfL Bochum 1848,guest,3-3-2-2,3-3-2-2,"[3, 3, 2, 2]"
DFL-MAT-J040BL,FC St. Pauli:VfL Bochum 1848,2024/2025,Bundesliga,DFL-CLU-00000H,FC St. Pauli,home,3-4-3 defensive Midfielder,3-4-3,"[3, 4, 3]"
DFL-MAT-J040BM,1. FC Köln:Hamburger SV,2024/2025,2. Bundesliga,DFL-CLU-00000C,Hamburger SV,guest,4-3-3 with 6,4-3-3,"[4, 3, 3]"
DFL-MAT-J040BM,1. FC Köln:Hamburger SV,2024/2025,2. Bundesliga,DFL-CLU-000008,1. FC Köln,home,4-4-2 Diamond,4-4-2,"[4, 4, 2]"
DFL-MAT-J040BN,SV Darmstadt 98:Fortuna Düsseldorf,2024/2025,2. Bundesliga,DFL-CLU-00000P,Fortuna Düsseldorf,guest,4-1-4-1 offensive Midfielder,4-1-4-1,"[4, 1, 4, 1]"
DFL-MAT-J040BN,SV Darmstadt 98:Fortuna Düsseldorf,2024/2025,2. Bundesliga,DFL-CLU-000016,SV Darmstadt 98,home,3-4-2-1 Double-10,3-4-2-1,"[3, 4, 2, 1]"
DFL-MAT-J040BO,Karlsruher SC:1. FC Nürnberg,2024/2025,2. Bundesliga,DFL-CLU-00000T,Karlsruher SC,home,4-1-3-2,4-1-3-2,"[4, 1, 3, 2]"
DFL-MAT-J040BO,Karlsruher SC:1. FC Nürnberg,2024/2025,2. Bundesliga,DFL-CLU-000005,1. FC Nürnberg,guest,4-5-1 offensive Outliner,4-5-1,"[4, 5, 1]"
DFL-MAT-J040BP,Hannover 96:SSV Jahn Regensburg,2024/2025,2. Bundesliga,DFL-CLU-000001,Hannover 96,home,3-4-2-1 Double-10,3-4-2-1,"[3, 4, 2, 1]"
DFL-MAT-J040BP,Hannover 96:SSV Jahn Regensburg,2024/2025,2. Bundesliga,DFL-CLU-000011,SSV Jahn Regensburg,guest,4-2-3-1,4-2-3-1,"[4, 2, 3, 1]"
DFL-MAT-J040BQ,SpVgg Greuther Fürth:SC Preußen Münster,2024/2025,2. Bundesliga,DFL-CLU-000N5R,SC Preußen Münster,guest,4-4-2 Double-6 offensive Outliner,4-4-2,"[4, 4, 2]"
DFL-MAT-J040BQ,SpVgg Greuther Fürth:SC Preußen Münster,2024/2025,2. Bundesliga,DFL-CLU-00000W,SpVgg Greuther Fürth,home,3-4-1-2 defensive Midfielder,3-4-1-2,"[3, 4, 1, 2]"
DFL-MAT-J040BR,Hertha BSC:SC Paderborn 07,2024/2025,2. Bundesliga,DFL-CLU-00000Z,Hertha BSC,home,4-1-4-1 offensive Midfielder,4-1-4-1,"[4, 1, 4, 1]"
DFL-MAT-J040BR,Hertha BSC:SC Paderborn 07,2024/2025,2. Bundesliga,DFL-CLU-00000L,SC Paderborn 07,guest,3-4-3 defensive Midfielder,3-4-3,"[3, 4, 3]"
DFL-MAT-J040BS,FC Schalke 04:Eintracht Braunschweig,2024/2025,2. Bundesliga,DFL-CLU-000009,FC Schalke 04,home,4-2-3-1,4-2-3-1,"[4, 2, 3, 1]"
DFL-MAT-J040BS,FC Schalke 04:Eintracht Braunschweig,2024/2025,2. Bundesliga,DFL-CLU-00000X,Eintracht Braunschweig,guest,3-3-2-2,3-3-2-2,"[3, 3, 2, 2]"
DFL-MAT-J040BT,1. FC Magdeburg:SV Elversberg,2024/2025,2. Bundesliga,DFL-CLU-000N5D,1. FC Magdeburg,home,3-4-3 defensive Midfielder,3-4-3,"[3, 4, 3]"
DFL-MAT-J040BT,1. FC Magdeburg:SV Elversberg,2024/2025,2. Bundesliga,DFL-CLU-000N6L,SV Elversberg,guest,4-4-2 Diamond,4-4-2,"[4, 4, 2]"
DFL-MAT-J040BU,SSV Ulm 1846 Fussball:1. FC Kaiserslautern,2024/2025,2. Bundesliga,DFL-CLU-00000I,1. FC Kaiserslautern,guest,4-3-3 with 6,4-3-3,"[4, 3, 3]"
DFL-MAT-J040BU,SSV Ulm 1846 Fussball:1. FC Kaiserslautern,2024/2025,2. Bundesliga,DFL-CLU-000N89,SSV Ulm 1846 Fussball,home,3-4-2-1 Double-10,3-4-2-1,"[3, 4, 2, 1]"
DFL-MAT-J040BV,Fortuna Düsseldorf:Karlsruher SC,2024/2025,2. Bundesliga,DFL-CLU-00000T,Karlsruher SC,guest,4-4-2 Double-6 offensive Outliner,4-4-2,"[4, 4, 2]"
DFL-MAT-J040BV,Fortuna Düsseldorf:Karlsruher SC,2024/2025,2. Bundesliga,DFL-CLU-00000P,Fortuna Düsseldorf,home,4-1-4-1,4-1-4-1,"[4, 1, 4, 1]"
DFL-MAT-J040BW,Hamburger SV:Hertha BSC,2024/2025,2. Bundesliga,DFL-CLU-00000C,Hamburger SV,home,4-3-3 with 6,4-3-3,"[4, 3, 3]"
DFL-MAT-J040BW,Hamburger SV:Hertha BSC,2024/2025,2. Bundesliga,DFL-CLU-00000Z,Hertha BSC,guest,4-3-3 with 6,4-3-3,"[4, 3, 3]"
DFL-MAT-J040BX,SC Paderborn 07:SV Darmstadt 98,2024/2025,2. Bundesliga,DFL-CLU-000016,SV Darmstadt 98,guest,3-4-1-2 defensive Midfielder,3-4-1-2,"[3, 4, 1, 2]"
DFL-MAT-J040BX,SC Paderborn 07:SV Darmstadt 98,2024/2025,2. Bundesliga,DFL-CLU-00000L,SC Paderborn 07,home,3-4-3 defensive Midfielder,3-4-3,"[3, 4, 3]"
DFL-MAT-J040BY,SV Elversberg:1. FC Köln,2024/2025,2. Bundesliga,DFL-CLU-000008,1. FC Köln,guest,4-4-2 Diamond,4-4-2,"[4, 4, 2]"
DFL-MAT-J040BY,SV Elversberg:1. FC Köln,2024/2025,2. Bundesliga,DFL-CLU-000N6L,SV Elversberg,home,4-4-2 Double-6 offensive Outliner,4-4-2,"[4, 4, 2]"
DFL-MAT-J040BZ,1. FC Nürnberg:FC Schalke 04,2024/2025,2. Bundesliga,DFL-CLU-000005,1. FC Nürnberg,home,4-5-1 offensive Outliner,4-5-1,"[4, 5, 1]"
DFL-MAT-J040BZ,1. FC Nürnberg:FC Schalke 04,2024/2025,2. Bundesliga,DFL-CLU-000009,FC Schalke 04,guest,4-2-3-1,4-2-3-1,"[4, 2, 3, 1]"
DFL-MAT-J040C0,1. FC Kaiserslautern:SpVgg Greuther Fürth,2024/2025,2. Bundesliga,DFL-CLU-00000I,1. FC Kaiserslautern,home,4-3-3 with 6,4-3-3,"[4, 3, 3]"
DFL-MAT-J040C0,1. FC Kaiserslautern:SpVgg Greuther Fürth,2024/2025,2. Bundesliga,DFL-CLU-00000W,SpVgg Greuther Fürth,guest,3-4-1-2 defensive Midfielder,3-4-1-2,"[3, 4, 1, 2]"
DFL-MAT-J040C1,Eintracht Braunschweig:1. FC Magdeburg,2024/2025,2. Bundesliga,DFL-CLU-00000X,Eintracht Braunschweig,home,3-4-3 defensive Midfielder,3-4-3,"[3, 4, 3]"
DFL-MAT-J040C1,Eintracht Braunschweig:1. FC Magdeburg,2024/2025,2. Bundesliga,DFL-CLU-000N5D,1. FC Magdeburg,guest,3-4-3 defensive Midfielder,3-4-3,"[3, 4, 3]"
DFL-MAT-J040C2,SC Preußen Münster:Hannover 96,2024/2025,2. Bundesliga,DFL-CLU-000001,Hannover 96,guest,3-4-2-1 Double-10,3-4-2-1,"[3, 4, 2, 1]"
DFL-MAT-J040C2,SC Preußen Münster:Hannover 96,2024/2025,2. Bundesliga,DFL-CLU-000N5R,SC Preußen Münster,home,4-4-2 Double-6 offensive Outliner,4-4-2,"[4, 4, 2]"
DFL-MAT-J040C3,SSV Jahn Regensburg:SSV Ulm 1846 Fussball,2024/2025,2. Bundesliga,DFL-CLU-000N89,SSV Ulm 1846 Fussball,guest,3-4-2-1 Double-10,3-4-2-1,"[3, 4, 2, 1]"
DFL-MAT-J040C3,SSV Jahn Regensburg:SSV Ulm 1846 Fussball,2024/2025,2. Bundesliga,DFL-CLU-000011,SSV Jahn Regensburg,home,4-5-1 offensive Outliner,4-5-1,"[4, 5, 1]"
DFL-MAT-J040C4,1. FC Köln:Eintracht Braunschweig,2024/2025,2. Bundesliga,DFL-CLU-000008,1. FC Köln,home,4-4-2 Double-6 offensive Outliner,4-4-2,"[4, 4, 2]"
DFL-MAT-J040C4,1. FC Köln:Eintracht Braunschweig,2024/2025,2. Bundesliga,DFL-CLU-00000X,Eintracht Braunschweig,guest,3-3-2-2,3-3-2-2,"[3, 3, 2, 2]"
DFL-MAT-J040C5,SV Darmstadt 98:1. FC Nürnberg,2024/2025,2. Bundesliga,DFL-CLU-000005,1. FC Nürnberg,guest,4-5-1 offensive Outliner,4-5-1,"[4, 5, 1]"
DFL-MAT-J040C5,SV Darmstadt 98:1. FC Nürnberg,2024/2025,2. Bundesliga,DFL-CLU-000016,SV Darmstadt 98,home,3-4-1-2 defensive Midfielder,3-4-1-2,"[3, 4, 1, 2]"
DFL-MAT-J040C6,Karlsruher SC:SV Elversberg,2024/2025,2. Bundesliga,DFL-CLU-00000T,Karlsruher SC,home,4-4-2 Double-6 offensive Outliner,4-4-2,"[4, 4, 2]"
DFL-MAT-J040C6,Karlsruher SC:SV Elversberg,2024/2025,2. Bundesliga,DFL-CLU-000N6L,SV Elversberg,guest,4-4-2 Double-6 offensive Outliner,4-4-2,"[4, 4, 2]"
DFL-MAT-J040C7,Hannover 96:Hamburger SV,2024/2025,2. Bundesliga,DFL-CLU-00000C,Hamburger SV,guest,4-3-3 with 6,4-3-3,"[4, 3, 3]"
DFL-MAT-J040C7,Hannover 96:Hamburger SV,2024/2025,2. Bundesliga,DFL-CLU-000001,Hannover 96,home,4-5-1 offensive Outliner,4-5-1,"[4, 5, 1]"
DFL-MAT-J040C8,SpVgg Greuther Fürth:SC Paderborn 07,2024/2025,2. Bundesliga,DFL-CLU-00000W,SpVgg Greuther Fürth,home,3-4-1-2 defensive Midfielder,3-4-1-2,"[3, 4, 1, 2]"
DFL-MAT-J040C8,SpVgg Greuther Fürth:SC Paderborn 07,2024/2025,2. Bundesliga,DFL-CLU-00000L,SC Paderborn 07,guest,3-4-3 defensive Midfielder,3-4-3,"[3, 4, 3]"
DFL-MAT-J040C9,Hertha BSC:SSV Jahn Regensburg,2024/2025,2. Bundesliga,DFL-CLU-00000Z,Hertha BSC,home,4-3-3 with 6,4-3-3,"[4, 3, 3]"
DFL-MAT-J040C9,Hertha BSC:SSV Jahn Regensburg,2024/2025,2. Bundesliga,DFL-CLU-000011,SSV Jahn Regensburg,guest,4-2-3-1,4-2-3-1,"[4, 2, 3, 1]"
DFL-MAT-J040CA,1. FC Magdeburg:FC Schalke 04,2024/2025,2. Bundesliga,DFL-CLU-000009,FC Schalke 04,guest,4-2-3-1,4-2-3-1,"[4, 2, 3, 1]"
DFL-MAT-J040CA,1. FC Magdeburg:FC Schalke 04,2024/2025,2. Bundesliga,DFL-CLU-000N5D,1. FC Magdeburg,home,3-4-3 defensive Midfielder,3-4-3,"[3, 4, 3]"
DFL-MAT-J040CB,SSV Ulm 1846 Fussball:Fortuna Düsseldorf,2024/2025,2. Bundesliga,DFL-CLU-00000P,Fortuna Düsseldorf,guest,4-5-1 offensive Outliner,4-5-1,"[4, 5, 1]"
DFL-MAT-J040CB,SSV Ulm 1846 Fussball:Fortuna Düsseldorf,2024/2025,2. Bundesliga,DFL-CLU-000N89,SSV Ulm 1846 Fussball,home,3-4-2-1 Double-10,3-4-2-1,"[3, 4, 2, 1]"
DFL-MAT-J040CC,SC Preußen Münster:1. FC Kaiserslautern,2024/2025,2. Bundesliga,DFL-CLU-00000I,1. FC Kaiserslautern,guest,4-3-3 with 6,4-3-3,"[4, 3, 3]"
DFL-MAT-J040CC,SC Preußen Münster:1. FC Kaiserslautern,2024/2025,2. Bundesliga,DFL-CLU-000N5R,SC Preußen Münster,home,4-4-2 Double-6 offensive Outliner,4-4-2,"[4, 4, 2]"
DFL-MAT-J040CD,Fortuna Düsseldorf:Hannover 96,2024/2025,2. Bundesliga,DFL-CLU-00000P,Fortuna Düsseldorf,home,4-4-2 Double-6 offensive Outliner,4-4-2,"[4, 4, 2]"
DFL-MAT-J040CD,Fortuna Düsseldorf:Hannover 96,2024/2025,2. Bundesliga,DFL-CLU-000001,Hannover 96,guest,4-4-2 Double-6 offensive Outliner,4-4-2,"[4, 4, 2]"
DFL-MAT-J040CE,Hamburger SV:SC Preußen Münster,2024/2025,2. Bundesliga,DFL-CLU-00000C,Hamburger SV,home,4-1-3-2,4-1-3-2,"[4, 1, 3, 2]"
DFL-MAT-J040CE,Hamburger SV:SC Preußen Münster,2024/2025,2. Bundesliga,DFL-CLU-000N5R,SC Preußen Münster,guest,4-2-3-1,4-2-3-1,"[4, 2, 3, 1]"
DFL-MAT-J040CF,SC Paderborn 07:SSV Ulm 1846 Fussball,2024/2025,2. Bundesliga,DFL-CLU-000N89,SSV Ulm 1846 Fussball,guest,3-4-2-1 Double-10,3-4-2-1,"[3, 4, 2, 1]"
DFL-MAT-J040CF,SC Paderborn 07:SSV Ulm 1846 Fussball,2024/2025,2. Bundesliga,DFL-CLU-00000L,SC Paderborn 07,home,3-4-3 defensive Midfielder,3-4-3,"[3, 4, 3]"
DFL-MAT-J040CG,FC Schalke 04:1. FC Köln,2024/2025,2. Bundesliga,DFL-CLU-000008,1. FC Köln,guest,4-4-2 Double-6 offensive Outliner,4-4-2,"[4, 4, 2]"
DFL-MAT-J040CG,FC Schalke 04:1. FC Köln,2024/2025,2. Bundesliga,DFL-CLU-000009,FC Schalke 04,home,4-2-3-1,4-2-3-1,"[4, 2, 3, 1]"
DFL-MAT-J040CH,SV Elversberg:SV Darmstadt 98,2024/2025,2. Bundesliga,DFL-CLU-000016,SV Darmstadt 98,guest,3-4-2-1 Double-10,3-4-2-1,"[3, 4, 2, 1]"
DFL-MAT-J040CH,SV Elversberg:SV Darmstadt 98,2024/2025,2. Bundesliga,DFL-CLU-000N6L,SV Elversberg,home,4-4-2 Double-6 offensive Outliner,4-4-2,"[4, 4, 2]"
DFL-MAT-J040CI,1. FC Nürnberg:1. FC Magdeburg,2024/2025,2. Bundesliga,DFL-CLU-000005,1. FC Nürnberg,home,4-5-1 offensive Outliner,4-5-1,"[4, 5, 1]"
DFL-MAT-J040CI,1. FC Nürnberg:1. FC Magdeburg,2024/2025,2. Bundesliga,DFL-CLU-000N5D,1. FC Magdeburg,guest,3-4-3 defensive Midfielder,3-4-3,"[3, 4, 3]"
DFL-MAT-J040CJ,1. FC Kaiserslautern:Hertha BSC,2024/2025,2. Bundesliga,DFL-CLU-00000I,1. FC Kaiserslautern,home,4-5-1 offensive Outliner,4-5-1,"[4, 5, 1]"
DFL-MAT-J040CJ,1. FC Kaiserslautern:Hertha BSC,2024/2025,2. Bundesliga,DFL-CLU-00000Z,Hertha BSC,guest,4-3-3 with 6,4-3-3,"[4, 3, 3]"
DFL-MAT-J040CK,Eintracht Braunschweig:Karlsruher SC,2024/2025,2. Bundesliga,DFL-CLU-00000T,Karlsruher SC,guest,4-4-2 Double-6 offensive Outliner,4-4-2,"[4, 4, 2]"
DFL-MAT-J040CK,Eintracht Braunschweig:Karlsruher SC,2024/2025,2. Bundesliga,DFL-CLU-00000X,Eintracht Braunschweig,home,3-4-1-2 defensive Midfielder,3-4-1-2,"[3, 4, 1, 2]"
DFL-MAT-J040CL,SSV Jahn Regensburg:SpVgg Greuther Fürth,2024/2025,2. Bundesliga,DFL-CLU-000011,SSV Jahn Regensburg,home,4-2-3-1,4-2-3-1,"[4, 2, 3, 1]"
DFL-MAT-J040CL,SSV Jahn Regensburg:SpVgg Greuther Fürth,2024/2025,2. Bundesliga,DFL-CLU-00000W,SpVgg Greuther Fürth,guest,3-4-1-2 defensive Midfielder,3-4-1-2,"[3, 4, 1, 2]"
DFL-MAT-J040CM,1. FC Köln:1. FC Magdeburg,2024/2025,2. Bundesliga,DFL-CLU-000008,1. FC Köln,home,4-4-2 Double-6 offensive Outliner,4-4-2,"[4, 4, 2]"
DFL-MAT-J040CM,1. FC Köln:1. FC Magdeburg,2024/2025,2. Bundesliga,DFL-CLU-000N5D,1. FC Magdeburg,guest,3-4-3 defensive Midfielder,3-4-3,"[3, 4, 3]"
DFL-MAT-J040CN,SV Darmstadt 98:Eintracht Braunschweig,2024/2025,2. Bundesliga,DFL-CLU-000016,SV Darmstadt 98,home,4-4-2 Double-6 offensive Outliner,4-4-2,"[4, 4, 2]"
DFL-MAT-J040CN,SV Darmstadt 98:Eintracht Braunschweig,2024/2025,2. Bundesliga,DFL-CLU-00000X,Eintracht Braunschweig,guest,3-4-1-2 defensive Midfielder,3-4-1-2,"[3, 4, 1, 2]"
DFL-MAT-J040CO,Hamburger SV:SSV Jahn Regensburg,2024/2025,2. Bundesliga,DFL-CLU-00000C,Hamburger SV,home,3-4-3 defensive Midfielder,3-4-3,"[3, 4, 3]"
DFL-MAT-J040CO,Hamburger SV:SSV Jahn Regensburg,2024/2025,2. Bundesliga,DFL-CLU-000011,SSV Jahn Regensburg,guest,4-2-3-1,4-2-3-1,"[4, 2, 3, 1]"
DFL-MAT-J040CP,Karlsruher SC:FC Schalke 04,2024/2025,2. Bundesliga,DFL-CLU-00000T,Karlsruher SC,home,4-4-2 Double-6 offensive Outliner,4-4-2,"[4, 4, 2]"
DFL-MAT-J040CP,Karlsruher SC:FC Schalke 04,2024/2025,2. Bundesliga,DFL-CLU-000009,FC Schalke 04,guest,4-2-3-1,4-2-3-1,"[4, 2, 3, 1]"
DFL-MAT-J040CQ,Hannover 96:1. FC Kaiserslautern,2024/2025,2. Bundesliga,DFL-CLU-00000I,1. FC Kaiserslautern,guest,4-5-1 offensive Outliner,4-5-1,"[4, 5, 1]"
DFL-MAT-J040CQ,Hannover 96:1. FC Kaiserslautern,2024/2025,2. Bundesliga,DFL-CLU-000001,Hannover 96,home,4-4-2 Double-6 offensive Outliner,4-4-2,"[4, 4, 2]"
DFL-MAT-J040CR,SpVgg Greuther Fürth:SV Elversberg,2024/2025,2. Bundesliga,DFL-CLU-00000W,SpVgg Greuther Fürth,home,3-4-1-2 defensive Midfielder,3-4-1-2,"[3, 4, 1, 2]"
DFL-MAT-J040CR,SpVgg Greuther Fürth:SV Elversberg,2024/2025,2. Bundesliga,DFL-CLU-000N6L,SV Elversberg,guest,4-4-2 Double-6 offensive Outliner,4-4-2,"[4, 4, 2]"
DFL-MAT-J040CS,Hertha BSC:Fortuna Düsseldorf,2024/2025,2. Bundesliga,DFL-CLU-00000P,Fortuna Düsseldorf,guest,4-2-3-1,4-2-3-1,"[4, 2, 3, 1]"
DFL-MAT-J040CS,Hertha BSC:Fortuna Düsseldorf,2024/2025,2. Bundesliga,DFL-CLU-00000Z,Hertha BSC,home,4-3-3 with 6,4-3-3,"[4, 3, 3]"
DFL-MAT-J040CT,SSV Ulm 1846 Fussball:1. FC Nürnberg,2024/2025,2. Bundesliga,DFL-CLU-000005,1. FC Nürnberg,guest,4-5-1 offensive Outliner,4-5-1,"[4, 5, 1]"
DFL-MAT-J040CT,SSV Ulm 1846 Fussball:1. FC Nürnberg,2024/2025,2. Bundesliga,DFL-CLU-000N89,SSV Ulm 1846 Fussball,home,3-4-2-1 Double-10,3-4-2-1,"[3, 4, 2, 1]"
DFL-MAT-J040CU,SC Preußen Münster:SC Paderborn 07,2024/2025,2. Bundesliga,DFL-CLU-000N5R,SC Preußen Münster,home,4-4-2 Double-6 offensive Outliner,4-4-2,"[4, 4, 2]"
DFL-MAT-J040CU,SC Preußen Münster:SC Paderborn 07,2024/2025,2. Bundesliga,DFL-CLU-00000L,SC Paderborn 07,guest,3-4-3 defensive Midfielder,3-4-3,"[3, 4, 3]"
DFL-MAT-J040CV,Fortuna Düsseldorf:1. FC Köln,2024/2025,2. Bundesliga,DFL-CLU-000008,1. FC Köln,guest,4-4-2 Double-6 offensive Outliner,4-4-2,"[4, 4, 2]"
DFL-MAT-J040CV,Fortuna Düsseldorf:1. FC Köln,2024/2025,2. Bundesliga,DFL-CLU-00000P,Fortuna Düsseldorf,home,4-2-3-1,4-2-3-1,"[4, 2, 3, 1]"
DFL-MAT-J040CW,SC Paderborn 07:Hannover 96,2024/2025,2. Bundesliga,DFL-CLU-000001,Hannover 96,guest,4-4-2 Double-6 offensive Outliner,4-4-2,"[4, 4, 2]"
DFL-MAT-J040CW,SC Paderborn 07:Hannover 96,2024/2025,2. Bundesliga,DFL-CLU-00000L,SC Paderborn 07,home,3-4-2-1 Double-10,3-4-2-1,"[3, 4, 2, 1]"
DFL-MAT-J040CX,FC Schalke 04:SV Darmstadt 98,2024/2025,2. Bundesliga,DFL-CLU-000009,FC Schalke 04,home,4-3-3 with 6,4-3-3,"[4, 3, 3]"
DFL-MAT-J040CX,FC Schalke 04:SV Darmstadt 98,2024/2025,2. Bundesliga,DFL-CLU-000016,SV Darmstadt 98,guest,4-4-2 Double-6 offensive Outliner,4-4-2,"[4, 4, 2]"
DFL-MAT-J040CY,SV Elversberg:SSV Ulm 1846 Fussball,2024/2025,2. Bundesliga,DFL-CLU-000N89,SSV Ulm 1846 Fussball,guest,3-4-2-1 Double-10,3-4-2-1,"[3, 4, 2, 1]"
DFL-MAT-J040CY,SV Elversberg:SSV Ulm 1846 Fussball,2024/2025,2. Bundesliga,DFL-CLU-000N6L,SV Elversberg,home,4-4-2 Double-6 offensive Outliner,4-4-2,"[4, 4, 2]"
DFL-MAT-J040CZ,1. FC Nürnberg:Hertha BSC,2024/2025,2. Bundesliga,DFL-CLU-000005,1. FC Nürnberg,home,4-2-3-1,4-2-3-1,"[4, 2, 3, 1]"
DFL-MAT-J040CZ,1. FC Nürnberg:Hertha BSC,2024/2025,2. Bundesliga,DFL-CLU-00000Z,Hertha BSC,guest,4-3-3 with 6,4-3-3,"[4, 3, 3]"
DFL-MAT-J040D0,1. FC Kaiserslautern:Hamburger SV,2024/2025,2. Bundesliga,DFL-CLU-00000I,1. FC Kaiserslautern,home,4-5-1 offensive Outliner,4-5-1,"[4, 5, 1]"
DFL-MAT-J040D0,1. FC Kaiserslautern:Hamburger SV,2024/2025,2. Bundesliga,DFL-CLU-00000C,Hamburger SV,guest,3-4-3 defensive Midfielder,3-4-3,"[3, 4, 3]"
DFL-MAT-J040D1,1. FC Magdeburg:Karlsruher SC,2024/2025,2. Bundesliga,DFL-CLU-00000T,Karlsruher SC,guest,4-4-2 Double-6 offensive Outliner,4-4-2,"[4, 4, 2]"
DFL-MAT-J040D1,1. FC Magdeburg:Karlsruher SC,2024/2025,2. Bundesliga,DFL-CLU-000N5D,1. FC Magdeburg,home,3-4-3 defensive Midfielder,3-4-3,"[3, 4, 3]"
DFL-MAT-J040D2,Eintracht Braunschweig:SpVgg Greuther Fürth,2024/2025,2. Bundesliga,DFL-CLU-00000X,Eintracht Braunschweig,home,3-4-1-2 defensive Midfielder,3-4-1-2,"[3, 4, 1, 2]"
DFL-MAT-J040D2,Eintracht Braunschweig:SpVgg Greuther Fürth,2024/2025,2. Bundesliga,DFL-CLU-00000W,SpVgg Greuther Fürth,guest,3-4-1-2 defensive Midfielder,3-4-1-2,"[3, 4, 1, 2]"
DFL-MAT-J040D3,SSV Jahn Regensburg:SC Preußen Münster,2024/2025,2. Bundesliga,DFL-CLU-000N5R,SC Preußen Münster,guest,4-3-3 with 6,4-3-3,"[4, 3, 3]"
DFL-MAT-J040D3,SSV Jahn Regensburg:SC Preußen Münster,2024/2025,2. Bundesliga,DFL-CLU-000011,SSV Jahn Regensburg,home,4-2-3-1,4-2-3-1,"[4, 2, 3, 1]"
DFL-MAT-J040D4,1. FC Köln:Karlsruher SC,2024/2025,2. Bundesliga,DFL-CLU-000008,1. FC Köln,home,4-4-2 Double-6 offensive Outliner,4-4-2,"[4, 4, 2]"
DFL-MAT-J040D4,1. FC Köln:Karlsruher SC,2024/2025,2. Bundesliga,DFL-CLU-00000T,Karlsruher SC,guest,4-4-2 Double-6 offensive Outliner,4-4-2,"[4, 4, 2]"
DFL-MAT-J040D5,SV Darmstadt 98:1. FC Magdeburg,2024/2025,2. Bundesliga,DFL-CLU-000016,SV Darmstadt 98,home,4-4-2 Double-6 offensive Outliner,4-4-2,"[4, 4, 2]"
DFL-MAT-J040D5,SV Darmstadt 98:1. FC Magdeburg,2024/2025,2. Bundesliga,DFL-CLU-000N5D,1. FC Magdeburg,guest,3-4-3 defensive Midfielder,3-4-3,"[3, 4, 3]"
DFL-MAT-J040D6,Hamburger SV:SC Paderborn 07,2024/2025,2. Bundesliga,DFL-CLU-00000C,Hamburger SV,home,3-3-2-2 Double-10,3-3-2-2,"[3, 3, 2, 2]"
DFL-MAT-J040D6,Hamburger SV:SC Paderborn 07,2024/2025,2. Bundesliga,DFL-CLU-00000L,SC Paderborn 07,guest,5-3-2 with 6,5-3-2,"[5, 3, 2]"
DFL-MAT-J040D7,Hannover 96:1. FC Nürnberg,2024/2025,2. Bundesliga,DFL-CLU-000005,1. FC Nürnberg,guest,3-3-2-2,3-3-2-2,"[3, 3, 2, 2]"
DFL-MAT-J040D7,Hannover 96:1. FC Nürnberg,2024/2025,2. Bundesliga,DFL-CLU-000001,Hannover 96,home,4-4-2 Double-6 offensive Outliner,4-4-2,"[4, 4, 2]"
DFL-MAT-J040D8,SpVgg Greuther Fürth:Fortuna Düsseldorf,2024/2025,2. Bundesliga,DFL-CLU-00000P,Fortuna Düsseldorf,guest,4-2-3-1,4-2-3-1,"[4, 2, 3, 1]"
DFL-MAT-J040D8,SpVgg Greuther Fürth:Fortuna Düsseldorf,2024/2025,2. Bundesliga,DFL-CLU-00000W,SpVgg Greuther Fürth,home,3-4-1-2 defensive Midfielder,3-4-1-2,"[3, 4, 1, 2]"
DFL-MAT-J040D9,Hertha BSC:SV Elversberg,2024/2025,2. Bundesliga,DFL-CLU-00000Z,Hertha BSC,home,4-3-3 with 6,4-3-3,"[4, 3, 3]"
DFL-MAT-J040D9,Hertha BSC:SV Elversberg,2024/2025,2. Bundesliga,DFL-CLU-000N6L,SV Elversberg,guest,4-4-2 Double-6 offensive Outliner,4-4-2,"[4, 4, 2]"
DFL-MAT-J040DA,SSV Ulm 1846 Fussball:Eintracht Braunschweig,2024/2025,2. Bundesliga,DFL-CLU-00000X,Eintracht Braunschweig,guest,3-4-2-1 Double-10,3-4-2-1,"[3, 4, 2, 1]"
DFL-MAT-J040DA,SSV Ulm 1846 Fussball:Eintracht Braunschweig,2024/2025,2. Bundesliga,DFL-CLU-000N89,SSV Ulm 1846 Fussball,home,3-4-2-1 Double-10,3-4-2-1,"[3, 4, 2, 1]"
DFL-MAT-J040DB,SC Preußen Münster:FC Schalke 04,2024/2025,2. Bundesliga,DFL-CLU-000009,FC Schalke 04,guest,4-2-3-1,4-2-3-1,"[4, 2, 3, 1]"
DFL-MAT-J040DB,SC Preußen Münster:FC Schalke 04,2024/2025,2. Bundesliga,DFL-CLU-000N5R,SC Preußen Münster,home,4-3-3 with 6,4-3-3,"[4, 3, 3]"
DFL-MAT-J040DC,SSV Jahn Regensburg:1. FC Kaiserslautern,2024/2025,2. Bundesliga,DFL-CLU-00000I,1. FC Kaiserslautern,guest,4-5-1 offensive Outliner,4-5-1,"[4, 5, 1]"
DFL-MAT-J040DC,SSV Jahn Regensburg:1. FC Kaiserslautern,2024/2025,2. Bundesliga,DFL-CLU-000011,SSV Jahn Regensburg,home,3-4-2-1 defensive Midfielder,3-4-2-1,"[3, 4, 2, 1]"
DFL-MAT-J040DD,1. FC Köln:SSV Ulm 1846 Fussball,2024/2025,2. Bundesliga,DFL-CLU-000008,1. FC Köln,home,4-4-2 Double-6 offensive Outliner,4-4-2,"[4, 4, 2]"
DFL-MAT-J040DD,1. FC Köln:SSV Ulm 1846 Fussball,2024/2025,2. Bundesliga,DFL-CLU-000N89,SSV Ulm 1846 Fussball,guest,3-4-2-1 defensive Midfielder,3-4-2-1,"[3, 4, 2, 1]"
DFL-MAT-J040DE,Fortuna Düsseldorf:Hamburger SV,2024/2025,2. Bundesliga,DFL-CLU-00000C,Hamburger SV,guest,3-1-4-2,3-1-4-2,"[3, 1, 4, 2]"
DFL-MAT-J040DE,Fortuna Düsseldorf:Hamburger SV,2024/2025,2. Bundesliga,DFL-CLU-00000P,Fortuna Düsseldorf,home,4-2-3-1,4-2-3-1,"[4, 2, 3, 1]"
DFL-MAT-J040DF,Karlsruher SC:SV Darmstadt 98,2024/2025,2. Bundesliga,DFL-CLU-00000T,Karlsruher SC,home,4-4-2 Double-6 offensive Outliner,4-4-2,"[4, 4, 2]"
DFL-MAT-J040DF,Karlsruher SC:SV Darmstadt 98,2024/2025,2. Bundesliga,DFL-CLU-000016,SV Darmstadt 98,guest,4-4-2 Double-6 offensive Outliner,4-4-2,"[4, 4, 2]"
DFL-MAT-J040DG,SC Paderborn 07:SSV Jahn Regensburg,2024/2025,2. Bundesliga,DFL-CLU-000011,SSV Jahn Regensburg,guest,3-4-1-2 defensive Midfielder,3-4-1-2,"[3, 4, 1, 2]"
DFL-MAT-J040DG,SC Paderborn 07:SSV Jahn Regensburg,2024/2025,2. Bundesliga,DFL-CLU-00000L,SC Paderborn 07,home,3-1-4-2,3-1-4-2,"[3, 1, 4, 2]"
DFL-MAT-J040DH,FC Schalke 04:Hertha BSC,2024/2025,2. Bundesliga,DFL-CLU-000009,FC Schalke 04,home,4-4-2 Double-6 offensive Outliner,4-4-2,"[4, 4, 2]"
DFL-MAT-J040DH,FC Schalke 04:Hertha BSC,2024/2025,2. Bundesliga,DFL-CLU-00000Z,Hertha BSC,guest,4-4-2 Diamond,4-4-2,"[4, 4, 2]"
DFL-MAT-J040DI,SV Elversberg:1. FC Kaiserslautern,2024/2025,2. Bundesliga,DFL-CLU-00000I,1. FC Kaiserslautern,guest,4-5-1 offensive Outliner,4-5-1,"[4, 5, 1]"
DFL-MAT-J040DI,SV Elversberg:1. FC Kaiserslautern,2024/2025,2. Bundesliga,DFL-CLU-000N6L,SV Elversberg,home,4-4-2 Double-6 offensive Outliner,4-4-2,"[4, 4, 2]"
DFL-MAT-J040DJ,1. FC Nürnberg:SC Preußen Münster,2024/2025,2. Bundesliga,DFL-CLU-000005,1. FC Nürnberg,home,3-3-2-2,3-3-2-2,"[3, 3, 2, 2]"
DFL-MAT-J040DJ,1. FC Nürnberg:SC Preußen Münster,2024/2025,2. Bundesliga,DFL-CLU-000N5R,SC Preußen Münster,guest,4-3-3 with 6,4-3-3,"[4, 3, 3]"
DFL-MAT-J040DK,1. FC Magdeburg:SpVgg Greuther Fürth,2024/2025,2. Bundesliga,DFL-CLU-000N5D,1. FC Magdeburg,home,3-4-3 Diamond,3-4-3,"[3, 4, 3]"
DFL-MAT-J040DK,1. FC Magdeburg:SpVgg Greuther Fürth,2024/2025,2. Bundesliga,DFL-CLU-00000W,SpVgg Greuther Fürth,guest,3-4-1-2 defensive Midfielder,3-4-1-2,"[3, 4, 1, 2]"
DFL-MAT-J040DL,Eintracht Braunschweig:Hannover 96,2024/2025,2. Bundesliga,DFL-CLU-000001,Hannover 96,guest,4-2-3-1,4-2-3-1,"[4, 2, 3, 1]"
DFL-MAT-J040DL,Eintracht Braunschweig:Hannover 96,2024/2025,2. Bundesliga,DFL-CLU-00000X,Eintracht Braunschweig,home,3-4-1-2 defensive Midfielder,3-4-1-2,"[3, 4, 1, 2]"
DFL-MAT-J040DM,SV Darmstadt 98:1. FC Köln,2024/2025,2. Bundesliga,DFL-CLU-000008,1. FC Köln,guest,4-4-2 Diamond,4-4-2,"[4, 4, 2]"
DFL-MAT-J040DM,SV Darmstadt 98:1. FC Köln,2024/2025,2. Bundesliga,DFL-CLU-000016,SV Darmstadt 98,home,4-4-2 Double-6 offensive Outliner,4-4-2,"[4, 4, 2]"
DFL-MAT-J040DN,Hamburger SV:1. FC Magdeburg,2024/2025,2. Bundesliga,DFL-CLU-00000C,Hamburger SV,home,3-1-4-2,3-1-4-2,"[3, 1, 4, 2]"
DFL-MAT-J040DN,Hamburger SV:1. FC Magdeburg,2024/2025,2. Bundesliga,DFL-CLU-000N5D,1. FC Magdeburg,guest,3-4-3 defensive Midfielder,3-4-3,"[3, 4, 3]"
DFL-MAT-J040DO,Hannover 96:FC Schalke 04,2024/2025,2. Bundesliga,DFL-CLU-000009,FC Schalke 04,guest,4-4-2 Double-6 offensive Outliner,4-4-2,"[4, 4, 2]"
DFL-MAT-J040DO,Hannover 96:FC Schalke 04,2024/2025,2. Bundesliga,DFL-CLU-000001,Hannover 96,home,4-4-2 Double-6 offensive Outliner,4-4-2,"[4, 4, 2]"
DFL-MAT-J040DP,SpVgg Greuther Fürth:1. FC Nürnberg,2024/2025,2. Bundesliga,DFL-CLU-000005,1. FC Nürnberg,guest,3-3-2-2,3-3-2-2,"[3, 3, 2, 2]"
DFL-MAT-J040DP,SpVgg Greuther Fürth:1. FC Nürnberg,2024/2025,2. Bundesliga,DFL-CLU-00000W,SpVgg Greuther Fürth,home,3-4-1-2 defensive Midfielder,3-4-1-2,"[3, 4, 1, 2]"
DFL-MAT-J040DQ,Hertha BSC:Eintracht Braunschweig,2024/2025,2. Bundesliga,DFL-CLU-00000Z,Hertha BSC,home,3-4-2-1 Double-10,3-4-2-1,"[3, 4, 2, 1]"
DFL-MAT-J040DQ,Hertha BSC:Eintracht Braunschweig,2024/2025,2. Bundesliga,DFL-CLU-00000X,Eintracht Braunschweig,guest,3-4-2-1 Double-10,3-4-2-1,"[3, 4, 2, 1]"
DFL-MAT-J040DR,1. FC Kaiserslautern:SC Paderborn 07,2024/2025,2. Bundesliga,DFL-CLU-00000I,1. FC Kaiserslautern,home,3-4-1-2 defensive Midfielder,3-4-1-2,"[3, 4, 1, 2]"
DFL-MAT-J040DR,1. FC Kaiserslautern:SC Paderborn 07,2024/2025,2. Bundesliga,DFL-CLU-00000L,SC Paderborn 07,guest,3-4-3 defensive Midfielder,3-4-3,"[3, 4, 3]"
DFL-MAT-J040DS,SSV Ulm 1846 Fussball:Karlsruher SC,2024/2025,2. Bundesliga,DFL-CLU-00000T,Karlsruher SC,guest,4-4-2 Double-6 offensive Outliner,4-4-2,"[4, 4, 2]"
DFL-MAT-J040DS,SSV Ulm 1846 Fussball:Karlsruher SC,2024/2025,2. Bundesliga,DFL-CLU-000N89,SSV Ulm 1846 Fussball,home,3-4-2-1 Double-10,3-4-2-1,"[3, 4, 2, 1]"
DFL-MAT-J040DT,SC Preußen Münster:SV Elversberg,2024/2025,2. Bundesliga,DFL-CLU-000N5R,SC Preußen Münster,home,4-4-2 Double-6 offensive Outliner,4-4-2,"[4, 4, 2]"
DFL-MAT-J040DT,SC Preußen Münster:SV Elversberg,2024/2025,2. Bundesliga,DFL-CLU-000N6L,SV Elversberg,guest,4-4-2 Double-6 offensive Outliner,4-4-2,"[4, 4, 2]"
DFL-MAT-J040DU,SSV Jahn Regensburg:Fortuna Düsseldorf,2024/2025,2. Bundesliga,DFL-CLU-00000P,Fortuna Düsseldorf,guest,4-2-3-1,4-2-3-1,"[4, 2, 3, 1]"
DFL-MAT-J040DU,SSV Jahn Regensburg:Fortuna Düsseldorf,2024/2025,2. Bundesliga,DFL-CLU-000011,SSV Jahn Regensburg,home,3-4-1-2 defensive Midfielder,3-4-1-2,"[3, 4, 1, 2]"
DFL-MAT-J040DV,1. FC Köln:SC Paderborn 07,2024/2025,2. Bundesliga,DFL-CLU-000008,1. FC Köln,home,4-2-3-1,4-2-3-1,"[4, 2, 3, 1]"
DFL-MAT-J040DV,1. FC Köln:SC Paderborn 07,2024/2025,2. Bundesliga,DFL-CLU-00000L,SC Paderborn 07,guest,3-4-2-1 Double-10,3-4-2-1,"[3, 4, 2, 1]"
DFL-MAT-J040DW,SV Darmstadt 98:SSV Ulm 1846 Fussball,2024/2025,2. Bundesliga,DFL-CLU-000016,SV Darmstadt 98,home,4-4-2 Double-6 offensive Outliner,4-4-2,"[4, 4, 2]"
DFL-MAT-J040DW,SV Darmstadt 98:SSV Ulm 1846 Fussball,2024/2025,2. Bundesliga,DFL-CLU-000N89,SSV Ulm 1846 Fussball,guest,3-4-2-1 Double-10,3-4-2-1,"[3, 4, 2, 1]"
DFL-MAT-J040DX,Fortuna Düsseldorf:1. FC Kaiserslautern,2024/2025,2. Bundesliga,DFL-CLU-00000I,1. FC Kaiserslautern,guest,3-4-1-2 defensive Midfielder,3-4-1-2,"[3, 4, 1, 2]"
DFL-MAT-J040DX,Fortuna Düsseldorf:1. FC Kaiserslautern,2024/2025,2. Bundesliga,DFL-CLU-00000P,Fortuna Düsseldorf,home,4-2-3-1,4-2-3-1,"[4, 2, 3, 1]"
DFL-MAT-J040DY,Karlsruher SC:Hertha BSC,2024/2025,2. Bundesliga,DFL-CLU-00000T,Karlsruher SC,home,4-4-2 Double-6 offensive Outliner,4-4-2,"[4, 4, 2]"
DFL-MAT-J040DY,Karlsruher SC:Hertha BSC,2024/2025,2. Bundesliga,DFL-CLU-00000Z,Hertha BSC,guest,4-2-3-1,4-2-3-1,"[4, 2, 3, 1]"
DFL-MAT-J040DZ,FC Schalke 04:SpVgg Greuther Fürth,2024/2025,2. Bundesliga,DFL-CLU-000009,FC Schalke 04,home,4-5-1 offensive Outliner,4-5-1,"[4, 5, 1]"
DFL-MAT-J040DZ,FC Schalke 04:SpVgg Greuther Fürth,2024/2025,2. Bundesliga,DFL-CLU-00000W,SpVgg Greuther Fürth,guest,4-4-2 Double-6 offensive Outliner,4-4-2,"[4, 4, 2]"
DFL-MAT-J040E0,SV Elversberg:Hamburger SV,2024/2025,2. Bundesliga,DFL-CLU-00000C,Hamburger SV,guest,4-5-1 offensive Outliner,4-5-1,"[4, 5, 1]"
DFL-MAT-J040E0,SV Elversberg:Hamburger SV,2024/2025,2. Bundesliga,DFL-CLU-000N6L,SV Elversberg,home,4-4-2 Double-6 offensive Outliner,4-4-2,"[4, 4, 2]"
DFL-MAT-J040E1,1. FC Nürnberg:SSV Jahn Regensburg,2024/2025,2. Bundesliga,DFL-CLU-000005,1. FC Nürnberg,home,3-4-1-2 defensive Midfielder,3-4-1-2,"[3, 4, 1, 2]"
DFL-MAT-J040E1,1. FC Nürnberg:SSV Jahn Regensburg,2024/2025,2. Bundesliga,DFL-CLU-000011,SSV Jahn Regensburg,guest,3-3-2-2,3-3-2-2,"[3, 3, 2, 2]"
DFL-MAT-J040E2,1. FC Magdeburg:Hannover 96,2024/2025,2. Bundesliga,DFL-CLU-000001,Hannover 96,guest,3-4-2-1 Double-10,3-4-2-1,"[3, 4, 2, 1]"
DFL-MAT-J040E2,1. FC Magdeburg:Hannover 96,2024/2025,2. Bundesliga,DFL-CLU-000N5D,1. FC Magdeburg,home,3-4-3 Diamond,3-4-3,"[3, 4, 3]"
DFL-MAT-J040E3,Eintracht Braunschweig:SC Preußen Münster,2024/2025,2. Bundesliga,DFL-CLU-00000X,Eintracht Braunschweig,home,3-4-1-2 defensive Midfielder,3-4-1-2,"[3, 4, 1, 2]"
DFL-MAT-J040E3,Eintracht Braunschweig:SC Preußen Münster,2024/2025,2. Bundesliga,DFL-CLU-000N5R,SC Preußen Münster,guest,4-2-3-1,4-2-3-1,"[4, 2, 3, 1]"
DFL-MAT-J040E4,Hamburger SV:1. FC Nürnberg,2024/2025,2. Bundesliga,DFL-CLU-00000C,Hamburger SV,home,3-4-2-1 Double-10,3-4-2-1,"[3, 4, 2, 1]"
DFL-MAT-J040E4,Hamburger SV:1. FC Nürnberg,2024/2025,2. Bundesliga,DFL-CLU-000005,1. FC Nürnberg,guest,3-3-2-2,3-3-2-2,"[3, 3, 2, 2]"
DFL-MAT-J040E5,Hannover 96:Karlsruher SC,2024/2025,2. Bundesliga,DFL-CLU-00000T,Karlsruher SC,guest,4-4-2 Double-6 offensive Outliner,4-4-2,"[4, 4, 2]"
DFL-MAT-J040E5,Hannover 96:Karlsruher SC,2024/2025,2. Bundesliga,DFL-CLU-000001,Hannover 96,home,4-4-2 Double-6 offensive Outliner,4-4-2,"[4, 4, 2]"
DFL-MAT-J040E6,SC Paderborn 07:Eintracht Braunschweig,2024/2025,2. Bundesliga,DFL-CLU-00000X,Eintracht Braunschweig,guest,3-4-2-1 Double-10,3-4-2-1,"[3, 4, 2, 1]"
DFL-MAT-J040E6,SC Paderborn 07:Eintracht Braunschweig,2024/2025,2. Bundesliga,DFL-CLU-00000L,SC Paderborn 07,home,4-3-3 Double-6,4-3-3,"[4, 3, 3]"
DFL-MAT-J040E7,SpVgg Greuther Fürth:SV Darmstadt 98,2024/2025,2. Bundesliga,DFL-CLU-000016,SV Darmstadt 98,guest,4-4-2 Diamond,4-4-2,"[4, 4, 2]"
DFL-MAT-J040E7,SpVgg Greuther Fürth:SV Darmstadt 98,2024/2025,2. Bundesliga,DFL-CLU-00000W,SpVgg Greuther Fürth,home,4-4-2 Double-6 offensive Outliner,4-4-2,"[4, 4, 2]"
DFL-MAT-J040E8,Hertha BSC:1. FC Köln,2024/2025,2. Bundesliga,DFL-CLU-000008,1. FC Köln,guest,3-4-3 defensive Midfielder,3-4-3,"[3, 4, 3]"
DFL-MAT-J040E8,Hertha BSC:1. FC Köln,2024/2025,2. Bundesliga,DFL-CLU-00000Z,Hertha BSC,home,4-2-3-1,4-2-3-1,"[4, 2, 3, 1]"
DFL-MAT-J040E9,1. FC Kaiserslautern:1. FC Magdeburg,2024/2025,2. Bundesliga,DFL-CLU-00000I,1. FC Kaiserslautern,home,3-3-2-2,3-3-2-2,"[3, 3, 2, 2]"
DFL-MAT-J040E9,1. FC Kaiserslautern:1. FC Magdeburg,2024/2025,2. Bundesliga,DFL-CLU-000N5D,1. FC Magdeburg,guest,3-4-3 defensive Midfielder,3-4-3,"[3, 4, 3]"
DFL-MAT-J040EA,SSV Ulm 1846 Fussball:FC Schalke 04,2024/2025,2. Bundesliga,DFL-CLU-000009,FC Schalke 04,guest,4-4-1-1 offensive Outliner,4-4-1-1,"[4, 4, 1, 1]"
DFL-MAT-J040EA,SSV Ulm 1846 Fussball:FC Schalke 04,2024/2025,2. Bundesliga,DFL-CLU-000N89,SSV Ulm 1846 Fussball,home,3-4-2-1 Double-10,3-4-2-1,"[3, 4, 2, 1]"
DFL-MAT-J040EB,SC Preußen Münster:Fortuna Düsseldorf,2024/2025,2. Bundesliga,DFL-CLU-00000P,Fortuna Düsseldorf,guest,4-2-3-1,4-2-3-1,"[4, 2, 3, 1]"
DFL-MAT-J040EB,SC Preußen Münster:Fortuna Düsseldorf,2024/2025,2. Bundesliga,DFL-CLU-000N5R,SC Preußen Münster,home,4-2-3-1,4-2-3-1,"[4, 2, 3, 1]"
DFL-MAT-J040EC,SSV Jahn Regensburg:SV Elversberg,2024/2025,2. Bundesliga,DFL-CLU-000011,SSV Jahn Regensburg,home,5-3-2 with 6,5-3-2,"[5, 3, 2]"
DFL-MAT-J040EC,SSV Jahn Regensburg:SV Elversberg,2024/2025,2. Bundesliga,DFL-CLU-000N6L,SV Elversberg,guest,4-4-2 Double-6 offensive Outliner,4-4-2,"[4, 4, 2]"
DFL-MAT-J040ED,1. FC Köln:SpVgg Greuther Fürth,2024/2025,2. Bundesliga,DFL-CLU-000008,1. FC Köln,home,3-4-2-1 Double-10,3-4-2-1,"[3, 4, 2, 1]"
DFL-MAT-J040ED,1. FC Köln:SpVgg Greuther Fürth,2024/2025,2. Bundesliga,DFL-CLU-00000W,SpVgg Greuther Fürth,guest,3-4-2-1 Double-10,3-4-2-1,"[3, 4, 2, 1]"
DFL-MAT-J040EE,SV Darmstadt 98:Hertha BSC,2024/2025,2. Bundesliga,DFL-CLU-000016,SV Darmstadt 98,home,4-4-2 Double-6 offensive Outliner,4-4-2,"[4, 4, 2]"
DFL-MAT-J040EE,SV Darmstadt 98:Hertha BSC,2024/2025,2. Bundesliga,DFL-CLU-00000Z,Hertha BSC,guest,3-4-2-1 Double-10,3-4-2-1,"[3, 4, 2, 1]"
DFL-MAT-J040EF,Fortuna Düsseldorf:SC Paderborn 07,2024/2025,2. Bundesliga,DFL-CLU-00000P,Fortuna Düsseldorf,home,4-2-3-1,4-2-3-1,"[4, 2, 3, 1]"
DFL-MAT-J040EF,Fortuna Düsseldorf:SC Paderborn 07,2024/2025,2. Bundesliga,DFL-CLU-00000L,SC Paderborn 07,guest,3-4-2-1 Double-10,3-4-2-1,"[3, 4, 2, 1]"
DFL-MAT-J040EG,Karlsruher SC:SC Preußen Münster,2024/2025,2. Bundesliga,DFL-CLU-00000T,Karlsruher SC,home,4-4-2 Double-6 offensive Outliner,4-4-2,"[4, 4, 2]"
DFL-MAT-J040EG,Karlsruher SC:SC Preußen Münster,2024/2025,2. Bundesliga,DFL-CLU-000N5R,SC Preußen Münster,guest,4-2-3-1,4-2-3-1,"[4, 2, 3, 1]"
DFL-MAT-J040EH,FC Schalke 04:SSV Jahn Regensburg,2024/2025,2. Bundesliga,DFL-CLU-000009,FC Schalke 04,home,4-2-3-1,4-2-3-1,"[4, 2, 3, 1]"
DFL-MAT-J040EH,FC Schalke 04:SSV Jahn Regensburg,2024/2025,2. Bundesliga,DFL-CLU-000011,SSV Jahn Regensburg,guest,5-3-2 with 6,5-3-2,"[5, 3, 2]"
DFL-MAT-J040EI,SV Elversberg:Hannover 96,2024/2025,2. Bundesliga,DFL-CLU-000001,Hannover 96,guest,4-4-2 Double-6 offensive Outliner,4-4-2,"[4, 4, 2]"
DFL-MAT-J040EI,SV Elversberg:Hannover 96,2024/2025,2. Bundesliga,DFL-CLU-000N6L,SV Elversberg,home,4-2-3-1,4-2-3-1,"[4, 2, 3, 1]"
DFL-MAT-J040EJ,1. FC Nürnberg:1. FC Kaiserslautern,2024/2025,2. Bundesliga,DFL-CLU-00000I,1. FC Kaiserslautern,guest,3-3-2-2,3-3-2-2,"[3, 3, 2, 2]"
DFL-MAT-J040EJ,1. FC Nürnberg:1. FC Kaiserslautern,2024/2025,2. Bundesliga,DFL-CLU-000005,1. FC Nürnberg,home,3-4-1-2 defensive Midfielder,3-4-1-2,"[3, 4, 1, 2]"
DFL-MAT-J040EK,1. FC Magdeburg:SSV Ulm 1846 Fussball,2024/2025,2. Bundesliga,DFL-CLU-000N89,SSV Ulm 1846 Fussball,guest,3-4-2-1 Double-10,3-4-2-1,"[3, 4, 2, 1]"
DFL-MAT-J040EK,1. FC Magdeburg:SSV Ulm 1846 Fussball,2024/2025,2. Bundesliga,DFL-CLU-000N5D,1. FC Magdeburg,home,3-1-4-2,3-1-4-2,"[3, 1, 4, 2]"
DFL-MAT-J040EL,Eintracht Braunschweig:Hamburger SV,2024/2025,2. Bundesliga,DFL-CLU-00000C,Hamburger SV,guest,3-4-1-2,3-4-1-2,"[3, 4, 1, 2]"
DFL-MAT-J040EL,Eintracht Braunschweig:Hamburger SV,2024/2025,2. Bundesliga,DFL-CLU-00000X,Eintracht Braunschweig,home,3-4-2-1 Double-10,3-4-2-1,"[3, 4, 2, 1]"
DFL-MAT-J040EM,Fortuna Düsseldorf:SV Elversberg,2024/2025,2. Bundesliga,DFL-CLU-00000P,Fortuna Düsseldorf,home,4-4-2 Double-6 offensive Outliner,4-4-2,"[4, 4, 2]"
DFL-MAT-J040EM,Fortuna Düsseldorf:SV Elversberg,2024/2025,2. Bundesliga,DFL-CLU-000N6L,SV Elversberg,guest,4-2-3-1,4-2-3-1,"[4, 2, 3, 1]"
DFL-MAT-J040EN,Hamburger SV:FC Schalke 04,2024/2025,2. Bundesliga,DFL-CLU-00000C,Hamburger SV,home,3-3-2-2,3-3-2-2,"[3, 3, 2, 2]"
DFL-MAT-J040EN,Hamburger SV:FC Schalke 04,2024/2025,2. Bundesliga,DFL-CLU-000009,FC Schalke 04,guest,4-2-3-1,4-2-3-1,"[4, 2, 3, 1]"
DFL-MAT-J040EO,Hannover 96:SV Darmstadt 98,2024/2025,2. Bundesliga,DFL-CLU-000016,SV Darmstadt 98,guest,4-4-2 Double-6 offensive Outliner,4-4-2,"[4, 4, 2]"
DFL-MAT-J040EO,Hannover 96:SV Darmstadt 98,2024/2025,2. Bundesliga,DFL-CLU-000001,Hannover 96,home,4-4-2 Double-6 offensive Outliner,4-4-2,"[4, 4, 2]"
DFL-MAT-J040EP,SC Paderborn 07:1. FC Nürnberg,2024/2025,2. Bundesliga,DFL-CLU-000005,1. FC Nürnberg,guest,3-3-2-2,3-3-2-2,"[3, 3, 2, 2]"
DFL-MAT-J040EP,SC Paderborn 07:1. FC Nürnberg,2024/2025,2. Bundesliga,DFL-CLU-00000L,SC Paderborn 07,home,3-3-2-2,3-3-2-2,"[3, 3, 2, 2]"
DFL-MAT-J040EQ,SpVgg Greuther Fürth:Karlsruher SC,2024/2025,2. Bundesliga,DFL-CLU-00000T,Karlsruher SC,guest,4-4-2 Double-6 offensive Outliner,4-4-2,"[4, 4, 2]"
DFL-MAT-J040EQ,SpVgg Greuther Fürth:Karlsruher SC,2024/2025,2. Bundesliga,DFL-CLU-00000W,SpVgg Greuther Fürth,home,3-4-2-1 Double-10,3-4-2-1,"[3, 4, 2, 1]"
DFL-MAT-J040ER,Hertha BSC:SSV Ulm 1846 Fussball,2024/2025,2. Bundesliga,DFL-CLU-00000Z,Hertha BSC,home,4-5-1 offensive Outliner,4-5-1,"[4, 5, 1]"
DFL-MAT-J040ER,Hertha BSC:SSV Ulm 1846 Fussball,2024/2025,2. Bundesliga,DFL-CLU-000N89,SSV Ulm 1846 Fussball,guest,3-4-1-2 defensive Midfielder,3-4-1-2,"[3, 4, 1, 2]"
DFL-MAT-J040ES,1. FC Kaiserslautern:Eintracht Braunschweig,2024/2025,2. Bundesliga,DFL-CLU-00000I,1. FC Kaiserslautern,home,3-3-2-2,3-3-2-2,"[3, 3, 2, 2]"
DFL-MAT-J040ES,1. FC Kaiserslautern:Eintracht Braunschweig,2024/2025,2. Bundesliga,DFL-CLU-00000X,Eintracht Braunschweig,guest,3-4-2-1 Double-10,3-4-2-1,"[3, 4, 2, 1]"
DFL-MAT-J040ET,SC Preußen Münster:1. FC Köln,2024/2025,2. Bundesliga,DFL-CLU-000008,1. FC Köln,guest,3-4-2-1 Double-10,3-4-2-1,"[3, 4, 2, 1]"
DFL-MAT-J040ET,SC Preußen Münster:1. FC Köln,2024/2025,2. Bundesliga,DFL-CLU-000N5R,SC Preußen Münster,home,4-2-3-1,4-2-3-1,"[4, 2, 3, 1]"
DFL-MAT-J040EU,SSV Jahn Regensburg:1. FC Magdeburg,2024/2025,2. Bundesliga,DFL-CLU-000011,SSV Jahn Regensburg,home,3-4-2-1 Double-10,3-4-2-1,"[3, 4, 2, 1]"
DFL-MAT-J040EU,SSV Jahn Regensburg:1. FC Magdeburg,2024/2025,2. Bundesliga,DFL-CLU-000N5D,1. FC Magdeburg,guest,3-4-3 Diamond,3-4-3,"[3, 4, 3]"
DFL-MAT-J040EV,1. FC Köln:Hannover 96,2024/2025,2. Bundesliga,DFL-CLU-000008,1. FC Köln,home,3-4-2-1 Double-10,3-4-2-1,"[3, 4, 2, 1]"
DFL-MAT-J040EV,1. FC Köln:Hannover 96,2024/2025,2. Bundesliga,DFL-CLU-000001,Hannover 96,guest,3-4-2-1 Double-10,3-4-2-1,"[3, 4, 2, 1]"
DFL-MAT-J040EW,SV Darmstadt 98:SC Preußen Münster,2024/2025,2. Bundesliga,DFL-CLU-000016,SV Darmstadt 98,home,4-4-2 Double-6 offensive Outliner,4-4-2,"[4, 4, 2]"
DFL-MAT-J040EW,SV Darmstadt 98:SC Preußen Münster,2024/2025,2. Bundesliga,DFL-CLU-000N5R,SC Preußen Münster,guest,4-2-3-1,4-2-3-1,"[4, 2, 3, 1]"
DFL-MAT-J040EX,Karlsruher SC:Hamburger SV,2024/2025,2. Bundesliga,DFL-CLU-00000C,Hamburger SV,guest,4-3-3 with 6,4-3-3,"[4, 3, 3]"
DFL-MAT-J040EX,Karlsruher SC:Hamburger SV,2024/2025,2. Bundesliga,DFL-CLU-00000T,Karlsruher SC,home,4-4-2 Diamond,4-4-2,"[4, 4, 2]"
DFL-MAT-J040EY,FC Schalke 04:1. FC Kaiserslautern,2024/2025,2. Bundesliga,DFL-CLU-00000I,1. FC Kaiserslautern,guest,3-3-2-2,3-3-2-2,"[3, 3, 2, 2]"
DFL-MAT-J040EY,FC Schalke 04:1. FC Kaiserslautern,2024/2025,2. Bundesliga,DFL-CLU-000009,FC Schalke 04,home,4-2-3-1,4-2-3-1,"[4, 2, 3, 1]"
DFL-MAT-J040EZ,SV Elversberg:SC Paderborn 07,2024/2025,2. Bundesliga,DFL-CLU-000N6L,SV Elversberg,home,4-2-3-1,4-2-3-1,"[4, 2, 3, 1]"
DFL-MAT-J040EZ,SV Elversberg:SC Paderborn 07,2024/2025,2. Bundesliga,DFL-CLU-00000L,SC Paderborn 07,guest,3-4-2-1 Double-10,3-4-2-1,"[3, 4, 2, 1]"
DFL-MAT-J040F0,1. FC Nürnberg:Fortuna Düsseldorf,2024/2025,2. Bundesliga,DFL-CLU-000005,1. FC Nürnberg,home,3-3-2-2,3-3-2-2,"[3, 3, 2, 2]"
DFL-MAT-J040F0,1. FC Nürnberg:Fortuna Düsseldorf,2024/2025,2. Bundesliga,DFL-CLU-00000P,Fortuna Düsseldorf,guest,3-3-2-2,3-3-2-2,"[3, 3, 2, 2]"
DFL-MAT-J040F1,1. FC Magdeburg:Hertha BSC,2024/2025,2. Bundesliga,DFL-CLU-00000Z,Hertha BSC,guest,4-4-2 Double-6 offensive Outliner,4-4-2,"[4, 4, 2]"
DFL-MAT-J040F1,1. FC Magdeburg:Hertha BSC,2024/2025,2. Bundesliga,DFL-CLU-000N5D,1. FC Magdeburg,home,3-4-3 Diamond,3-4-3,"[3, 4, 3]"
DFL-MAT-J040F2,Eintracht Braunschweig:SSV Jahn Regensburg,2024/2025,2. Bundesliga,DFL-CLU-00000X,Eintracht Braunschweig,home,3-4-2-1 Double-10,3-4-2-1,"[3, 4, 2, 1]"
DFL-MAT-J040F2,Eintracht Braunschweig:SSV Jahn Regensburg,2024/2025,2. Bundesliga,DFL-CLU-000011,SSV Jahn Regensburg,guest,3-4-2-1 Double-10,3-4-2-1,"[3, 4, 2, 1]"
DFL-MAT-J040F3,SSV Ulm 1846 Fussball:SpVgg Greuther Fürth,2024/2025,2. Bundesliga,DFL-CLU-000N89,SSV Ulm 1846 Fussball,home,3-4-1-2 defensive Midfielder,3-4-1-2,"[3, 4, 1, 2]"
DFL-MAT-J040F3,SSV Ulm 1846 Fussball:SpVgg Greuther Fürth,2024/2025,2. Bundesliga,DFL-CLU-00000W,SpVgg Greuther Fürth,guest,3-4-2-1 Double-10,3-4-2-1,"[3, 4, 2, 1]"
DFL-MAT-J040F4,Fortuna Düsseldorf:Eintracht Braunschweig,2024/2025,2. Bundesliga,DFL-CLU-00000P,Fortuna Düsseldorf,home,3-4-2-1 Double-10,3-4-2-1,"[3, 4, 2, 1]"
DFL-MAT-J040F4,Fortuna Düsseldorf:Eintracht Braunschweig,2024/2025,2. Bundesliga,DFL-CLU-00000X,Eintracht Braunschweig,guest,3-4-2-1 Double-10,3-4-2-1,"[3, 4, 2, 1]"
DFL-MAT-J040F5,Hamburger SV:SV Darmstadt 98,2024/2025,2. Bundesliga,DFL-CLU-00000C,Hamburger SV,home,4-1-4-1 offensive Midfielder,4-1-4-1,"[4, 1, 4, 1]"
DFL-MAT-J040F5,Hamburger SV:SV Darmstadt 98,2024/2025,2. Bundesliga,DFL-CLU-000016,SV Darmstadt 98,guest,4-4-2 Double-6 offensive Outliner,4-4-2,"[4, 4, 2]"
DFL-MAT-J040F6,Hannover 96:SSV Ulm 1846 Fussball,2024/2025,2. Bundesliga,DFL-CLU-000001,Hannover 96,home,3-4-2-1 Double-10,3-4-2-1,"[3, 4, 2, 1]"
DFL-MAT-J040F6,Hannover 96:SSV Ulm 1846 Fussball,2024/2025,2. Bundesliga,DFL-CLU-000N89,SSV Ulm 1846 Fussball,guest,3-4-2-1 Double-10,3-4-2-1,"[3, 4, 2, 1]"
DFL-MAT-J040F7,SC Paderborn 07:FC Schalke 04,2024/2025,2. Bundesliga,DFL-CLU-000009,FC Schalke 04,guest,4-2-3-1,4-2-3-1,"[4, 2, 3, 1]"
DFL-MAT-J040F7,SC Paderborn 07:FC Schalke 04,2024/2025,2. Bundesliga,DFL-CLU-00000L,SC Paderborn 07,home,3-4-2-1 Double-10,3-4-2-1,"[3, 4, 2, 1]"
DFL-MAT-J040F8,SpVgg Greuther Fürth:Hertha BSC,2024/2025,2. Bundesliga,DFL-CLU-00000Z,Hertha BSC,guest,4-2-3-1,4-2-3-1,"[4, 2, 3, 1]"
DFL-MAT-J040F8,SpVgg Greuther Fürth:Hertha BSC,2024/2025,2. Bundesliga,DFL-CLU-00000W,SpVgg Greuther Fürth,home,3-4-2-1 Double-10,3-4-2-1,"[3, 4, 2, 1]"
DFL-MAT-J040F9,SV Elversberg:1. FC Nürnberg,2024/2025,2. Bundesliga,DFL-CLU-000005,1. FC Nürnberg,guest,3-3-2-2,3-3-2-2,"[3, 3, 2, 2]"
DFL-MAT-J040F9,SV Elversberg:1. FC Nürnberg,2024/2025,2. Bundesliga,DFL-CLU-000N6L,SV Elversberg,home,4-2-3-1,4-2-3-1,"[4, 2, 3, 1]"
DFL-MAT-J040FA,1. FC Kaiserslautern:Karlsruher SC,2024/2025,2. Bundesliga,DFL-CLU-00000I,1. FC Kaiserslautern,home,3-3-2-2,3-3-2-2,"[3, 3, 2, 2]"
DFL-MAT-J040FA,1. FC Kaiserslautern:Karlsruher SC,2024/2025,2. Bundesliga,DFL-CLU-00000T,Karlsruher SC,guest,4-4-2 Double-6 offensive Outliner,4-4-2,"[4, 4, 2]"
DFL-MAT-J040FB,SC Preußen Münster:1. FC Magdeburg,2024/2025,2. Bundesliga,DFL-CLU-000N5R,SC Preußen Münster,home,4-4-2 Double-6 offensive Outliner,4-4-2,"[4, 4, 2]"
DFL-MAT-J040FB,SC Preußen Münster:1. FC Magdeburg,2024/2025,2. Bundesliga,DFL-CLU-000N5D,1. FC Magdeburg,guest,3-4-3 Diamond,3-4-3,"[3, 4, 3]"
DFL-MAT-J040FC,SSV Jahn Regensburg:1. FC Köln,2024/2025,2. Bundesliga,DFL-CLU-000008,1. FC Köln,guest,3-4-2-1 Double-10,3-4-2-1,"[3, 4, 2, 1]"
DFL-MAT-J040FC,SSV Jahn Regensburg:1. FC Köln,2024/2025,2. Bundesliga,DFL-CLU-000011,SSV Jahn Regensburg,home,3-4-2-1 defensive Midfielder,3-4-2-1,"[3, 4, 2, 1]"
DFL-MAT-J040FD,1. FC Köln:1. FC Nürnberg,2024/2025,2. Bundesliga,DFL-CLU-000008,1. FC Köln,home,3-4-2-1 Double-10,3-4-2-1,"[3, 4, 2, 1]"
DFL-MAT-J040FD,1. FC Köln:1. FC Nürnberg,2024/2025,2. Bundesliga,DFL-CLU-000005,1. FC Nürnberg,guest,3-3-2-2,3-3-2-2,"[3, 3, 2, 2]"
DFL-MAT-J040FE,SV Darmstadt 98:1. FC Kaiserslautern,2024/2025,2. Bundesliga,DFL-CLU-00000I,1. FC Kaiserslautern,guest,3-4-2-1 Double-10,3-4-2-1,"[3, 4, 2, 1]"
DFL-MAT-J040FE,SV Darmstadt 98:1. FC Kaiserslautern,2024/2025,2. Bundesliga,DFL-CLU-000016,SV Darmstadt 98,home,4-4-2 Double-6 offensive Outliner,4-4-2,"[4, 4, 2]"
DFL-MAT-J040FF,Karlsruher SC:SSV Jahn Regensburg,2024/2025,2. Bundesliga,DFL-CLU-00000T,Karlsruher SC,home,4-4-2 Double-6 offensive Outliner,4-4-2,"[4, 4, 2]"
DFL-MAT-J040FF,Karlsruher SC:SSV Jahn Regensburg,2024/2025,2. Bundesliga,DFL-CLU-000011,SSV Jahn Regensburg,guest,3-4-2-1 Double-10,3-4-2-1,"[3, 4, 2, 1]"
DFL-MAT-J040FG,SpVgg Greuther Fürth:Hannover 96,2024/2025,2. Bundesliga,DFL-CLU-000001,Hannover 96,guest,3-4-2-1 Double-10,3-4-2-1,"[3, 4, 2, 1]"
DFL-MAT-J040FG,SpVgg Greuther Fürth:Hannover 96,2024/2025,2. Bundesliga,DFL-CLU-00000W,SpVgg Greuther Fürth,home,3-4-2-1 Double-10,3-4-2-1,"[3, 4, 2, 1]"
DFL-MAT-J040FH,Hertha BSC:SC Preußen Münster,2024/2025,2. Bundesliga,DFL-CLU-00000Z,Hertha BSC,home,4-2-3-1,4-2-3-1,"[4, 2, 3, 1]"
DFL-MAT-J040FH,Hertha BSC:SC Preußen Münster,2024/2025,2. Bundesliga,DFL-CLU-000N5R,SC Preußen Münster,guest,3-3-2-2,3-3-2-2,"[3, 3, 2, 2]"
DFL-MAT-J040FI,FC Schalke 04:Fortuna Düsseldorf,2024/2025,2. Bundesliga,DFL-CLU-000009,FC Schalke 04,home,4-2-3-1,4-2-3-1,"[4, 2, 3, 1]"
DFL-MAT-J040FI,FC Schalke 04:Fortuna Düsseldorf,2024/2025,2. Bundesliga,DFL-CLU-00000P,Fortuna Düsseldorf,guest,3-4-2-1 Double-10,3-4-2-1,"[3, 4, 2, 1]"
DFL-MAT-J040FJ,1. FC Magdeburg:SC Paderborn 07,2024/2025,2. Bundesliga,DFL-CLU-000N5D,1. FC Magdeburg,home,3-4-3 Diamond,3-4-3,"[3, 4, 3]"
DFL-MAT-J040FJ,1. FC Magdeburg:SC Paderborn 07,2024/2025,2. Bundesliga,DFL-CLU-00000L,SC Paderborn 07,guest,4-5-1 offensive Outliner,4-5-1,"[4, 5, 1]"
DFL-MAT-J040FK,Eintracht Braunschweig:SV Elversberg,2024/2025,2. Bundesliga,DFL-CLU-00000X,Eintracht Braunschweig,home,3-3-2-2,3-3-2-2,"[3, 3, 2, 2]"
DFL-MAT-J040FK,Eintracht Braunschweig:SV Elversberg,2024/2025,2. Bundesliga,DFL-CLU-000N6L,SV Elversberg,guest,4-2-3-1,4-2-3-1,"[4, 2, 3, 1]"
DFL-MAT-J040FL,SSV Ulm 1846 Fussball:Hamburger SV,2024/2025,2. Bundesliga,DFL-CLU-00000C,Hamburger SV,guest,4-1-4-1 offensive Midfielder,4-1-4-1,"[4, 1, 4, 1]"
DFL-MAT-J040FL,SSV Ulm 1846 Fussball:Hamburger SV,2024/2025,2. Bundesliga,DFL-CLU-000N89,SSV Ulm 1846 Fussball,home,3-4-1-2 defensive Midfielder,3-4-1-2,"[3, 4, 1, 2]"
DFL-MAT-J040FM,Fortuna Düsseldorf:1. FC Magdeburg,2024/2025,2. Bundesliga,DFL-CLU-00000P,Fortuna Düsseldorf,home,3-4-2-1 Double-10,3-4-2-1,"[3, 4, 2, 1]"
DFL-MAT-J040FM,Fortuna Düsseldorf:1. FC Magdeburg,2024/2025,2. Bundesliga,DFL-CLU-000N5D,1. FC Magdeburg,guest,3-4-3 Diamond,3-4-3,"[3, 4, 3]"
DFL-MAT-J040FN,Hamburger SV:SpVgg Greuther Fürth,2024/2025,2. Bundesliga,DFL-CLU-00000C,Hamburger SV,home,4-1-4-1 offensive Midfielder,4-1-4-1,"[4, 1, 4, 1]"
DFL-MAT-J040FN,Hamburger SV:SpVgg Greuther Fürth,2024/2025,2. Bundesliga,DFL-CLU-00000W,SpVgg Greuther Fürth,guest,3-4-2-1 Double-10,3-4-2-1,"[3, 4, 2, 1]"
DFL-MAT-J040FO,Hannover 96:Hertha BSC,2024/2025,2. Bundesliga,DFL-CLU-00000Z,Hertha BSC,guest,4-2-3-1,4-2-3-1,"[4, 2, 3, 1]"
DFL-MAT-J040FO,Hannover 96:Hertha BSC,2024/2025,2. Bundesliga,DFL-CLU-000001,Hannover 96,home,4-4-2 Double-6 offensive Outliner,4-4-2,"[4, 4, 2]"
DFL-MAT-J040FP,SC Paderborn 07:Karlsruher SC,2024/2025,2. Bundesliga,DFL-CLU-00000T,Karlsruher SC,guest,4-4-2 Double-6 offensive Outliner,4-4-2,"[4, 4, 2]"
DFL-MAT-J040FP,SC Paderborn 07:Karlsruher SC,2024/2025,2. Bundesliga,DFL-CLU-00000L,SC Paderborn 07,home,3-4-2-1 Double-10,3-4-2-1,"[3, 4, 2, 1]"
DFL-MAT-J040FQ,SV Elversberg:FC Schalke 04,2024/2025,2. Bundesliga,DFL-CLU-000009,FC Schalke 04,guest,4-2-3-1,4-2-3-1,"[4, 2, 3, 1]"
DFL-MAT-J040FQ,SV Elversberg:FC Schalke 04,2024/2025,2. Bundesliga,DFL-CLU-000N6L,SV Elversberg,home,4-2-3-1,4-2-3-1,"[4, 2, 3, 1]"
DFL-MAT-J040FR,1. FC Nürnberg:Eintracht Braunschweig,2024/2025,2. Bundesliga,DFL-CLU-000005,1. FC Nürnberg,home,3-4-2-1 Double-10,3-4-2-1,"[3, 4, 2, 1]"
DFL-MAT-J040FR,1. FC Nürnberg:Eintracht Braunschweig,2024/2025,2. Bundesliga,DFL-CLU-00000X,Eintracht Braunschweig,guest,3-4-2-1 Double-10,3-4-2-1,"[3, 4, 2, 1]"
DFL-MAT-J040FS,1. FC Kaiserslautern:1. FC Köln,2024/2025,2. Bundesliga,DFL-CLU-00000I,1. FC Kaiserslautern,home,3-4-2-1 Double-10,3-4-2-1,"[3, 4, 2, 1]"
DFL-MAT-J040FS,1. FC Kaiserslautern:1. FC Köln,2024/2025,2. Bundesliga,DFL-CLU-000008,1. FC Köln,guest,3-4-2-1 Double-10,3-4-2-1,"[3, 4, 2, 1]"
DFL-MAT-J040FT,SC Preußen Münster:SSV Ulm 1846 Fussball,2024/2025,2. Bundesliga,DFL-CLU-000N5R,SC Preußen Münster,home,3-4-2-1 Double-10,3-4-2-1,"[3, 4, 2, 1]"
DFL-MAT-J040FT,SC Preußen Münster:SSV Ulm 1846 Fussball,2024/2025,2. Bundesliga,DFL-CLU-000N89,SSV Ulm 1846 Fussball,guest,3-4-2-1 Double-10,3-4-2-1,"[3, 4, 2, 1]"
DFL-MAT-J040FU,SSV Jahn Regensburg:SV Darmstadt 98,2024/2025,2. Bundesliga,DFL-CLU-000016,SV Darmstadt 98,guest,4-4-2 Double-6 offensive Outliner,4-4-2,"[4, 4, 2]"
DFL-MAT-J040FU,SSV Jahn Regensburg:SV Darmstadt 98,2024/2025,2. Bundesliga,DFL-CLU-000011,SSV Jahn Regensburg,home,3-3-2-2,3-3-2-2,"[3, 3, 2, 2]"
DFL-MAT-J040FV,Fortuna Düsseldorf:SV Darmstadt 98,2024/2025,2. Bundesliga,DFL-CLU-00000P,Fortuna Düsseldorf,home,4-2-3-1,4-2-3-1,"[4, 2, 3, 1]"
DFL-MAT-J040FV,Fortuna Düsseldorf:SV Darmstadt 98,2024/2025,2. Bundesliga,DFL-CLU-000016,SV Darmstadt 98,guest,4-2-3-1,4-2-3-1,"[4, 2, 3, 1]"
DFL-MAT-J040FW,Hamburger SV:1. FC Köln,2024/2025,2. Bundesliga,DFL-CLU-00000C,Hamburger SV,home,4-3-3 with 6,4-3-3,"[4, 3, 3]"
DFL-MAT-J040FW,Hamburger SV:1. FC Köln,2024/2025,2. Bundesliga,DFL-CLU-000008,1. FC Köln,guest,3-4-1-2 defensive Midfielder,3-4-1-2,"[3, 4, 1, 2]"
DFL-MAT-J040FX,SC Paderborn 07:Hertha BSC,2024/2025,2. Bundesliga,DFL-CLU-00000Z,Hertha BSC,guest,4-2-3-1,4-2-3-1,"[4, 2, 3, 1]"
DFL-MAT-J040FX,SC Paderborn 07:Hertha BSC,2024/2025,2. Bundesliga,DFL-CLU-00000L,SC Paderborn 07,home,3-4-2-1 Double-10,3-4-2-1,"[3, 4, 2, 1]"
DFL-MAT-J040FY,SV Elversberg:1. FC Magdeburg,2024/2025,2. Bundesliga,DFL-CLU-000N5D,1. FC Magdeburg,guest,3-4-3 Diamond,3-4-3,"[3, 4, 3]"
DFL-MAT-J040FY,SV Elversberg:1. FC Magdeburg,2024/2025,2. Bundesliga,DFL-CLU-000N6L,SV Elversberg,home,4-4-2 Diamond,4-4-2,"[4, 4, 2]"
DFL-MAT-J040FZ,1. FC Nürnberg:Karlsruher SC,2024/2025,2. Bundesliga,DFL-CLU-00000T,Karlsruher SC,guest,4-4-2 Double-6 offensive Outliner,4-4-2,"[4, 4, 2]"
DFL-MAT-J040FZ,1. FC Nürnberg:Karlsruher SC,2024/2025,2. Bundesliga,DFL-CLU-000005,1. FC Nürnberg,home,3-3-2-2,3-3-2-2,"[3, 3, 2, 2]"
DFL-MAT-J040G0,1. FC Kaiserslautern:SSV Ulm 1846 Fussball,2024/2025,2. Bundesliga,DFL-CLU-00000I,1. FC Kaiserslautern,home,3-4-2-1 Double-10,3-4-2-1,"[3, 4, 2, 1]"
DFL-MAT-J040G0,1. FC Kaiserslautern:SSV Ulm 1846 Fussball,2024/2025,2. Bundesliga,DFL-CLU-000N89,SSV Ulm 1846 Fussball,guest,3-4-2-1 Double-10,3-4-2-1,"[3, 4, 2, 1]"
DFL-MAT-J040G1,Eintracht Braunschweig:FC Schalke 04,2024/2025,2. Bundesliga,DFL-CLU-000009,FC Schalke 04,guest,4-2-3-1,4-2-3-1,"[4, 2, 3, 1]"
DFL-MAT-J040G1,Eintracht Braunschweig:FC Schalke 04,2024/2025,2. Bundesliga,DFL-CLU-00000X,Eintracht Braunschweig,home,3-3-2-2,3-3-2-2,"[3, 3, 2, 2]"
DFL-MAT-J040G2,SC Preußen Münster:SpVgg Greuther Fürth,2024/2025,2. Bundesliga,DFL-CLU-000N5R,SC Preußen Münster,home,3-4-2-1 Double-10,3-4-2-1,"[3, 4, 2, 1]"
DFL-MAT-J040G2,SC Preußen Münster:SpVgg Greuther Fürth,2024/2025,2. Bundesliga,DFL-CLU-00000W,SpVgg Greuther Fürth,guest,3-4-2-1 Double-10,3-4-2-1,"[3, 4, 2, 1]"
DFL-MAT-J040G3,SSV Jahn Regensburg:Hannover 96,2024/2025,2. Bundesliga,DFL-CLU-000001,Hannover 96,guest,4-2-3-1,4-2-3-1,"[4, 2, 3, 1]"
DFL-MAT-J040G3,SSV Jahn Regensburg:Hannover 96,2024/2025,2. Bundesliga,DFL-CLU-000011,SSV Jahn Regensburg,home,3-3-2-2,3-3-2-2,"[3, 3, 2, 2]"
DFL-MAT-J040G4,1. FC Köln:SV Elversberg,2024/2025,2. Bundesliga,DFL-CLU-000008,1. FC Köln,home,3-4-1-2 defensive Midfielder,3-4-1-2,"[3, 4, 1, 2]"
DFL-MAT-J040G4,1. FC Köln:SV Elversberg,2024/2025,2. Bundesliga,DFL-CLU-000N6L,SV Elversberg,guest,4-2-3-1,4-2-3-1,"[4, 2, 3, 1]"
DFL-MAT-J040G5,SV Darmstadt 98:SC Paderborn 07,2024/2025,2. Bundesliga,DFL-CLU-000016,SV Darmstadt 98,home,4-4-2 Double-6 offensive Outliner,4-4-2,"[4, 4, 2]"
DFL-MAT-J040G5,SV Darmstadt 98:SC Paderborn 07,2024/2025,2. Bundesliga,DFL-CLU-00000L,SC Paderborn 07,guest,3-4-3 defensive Midfielder,3-4-3,"[3, 4, 3]"
DFL-MAT-J040G6,Karlsruher SC:Fortuna Düsseldorf,2024/2025,2. Bundesliga,DFL-CLU-00000T,Karlsruher SC,home,4-1-3-2,4-1-3-2,"[4, 1, 3, 2]"
DFL-MAT-J040G6,Karlsruher SC:Fortuna Düsseldorf,2024/2025,2. Bundesliga,DFL-CLU-00000P,Fortuna Düsseldorf,guest,3-4-2-1 Double-10,3-4-2-1,"[3, 4, 2, 1]"
DFL-MAT-J040G7,Hannover 96:SC Preußen Münster,2024/2025,2. Bundesliga,DFL-CLU-000001,Hannover 96,home,3-3-2-2,3-3-2-2,"[3, 3, 2, 2]"
DFL-MAT-J040G7,Hannover 96:SC Preußen Münster,2024/2025,2. Bundesliga,DFL-CLU-000N5R,SC Preußen Münster,guest,3-4-2-1 Double-10,3-4-2-1,"[3, 4, 2, 1]"
DFL-MAT-J040G8,SpVgg Greuther Fürth:1. FC Kaiserslautern,2024/2025,2. Bundesliga,DFL-CLU-00000I,1. FC Kaiserslautern,guest,3-4-2-1 Double-10,3-4-2-1,"[3, 4, 2, 1]"
DFL-MAT-J040G8,SpVgg Greuther Fürth:1. FC Kaiserslautern,2024/2025,2. Bundesliga,DFL-CLU-00000W,SpVgg Greuther Fürth,home,4-2-3-1,4-2-3-1,"[4, 2, 3, 1]"
DFL-MAT-J040G9,Hertha BSC:Hamburger SV,2024/2025,2. Bundesliga,DFL-CLU-00000C,Hamburger SV,guest,4-3-3 with 6,4-3-3,"[4, 3, 3]"
DFL-MAT-J040G9,Hertha BSC:Hamburger SV,2024/2025,2. Bundesliga,DFL-CLU-00000Z,Hertha BSC,home,4-5-1 offensive Outliner,4-5-1,"[4, 5, 1]"
DFL-MAT-J040GA,FC Schalke 04:1. FC Nürnberg,2024/2025,2. Bundesliga,DFL-CLU-000005,1. FC Nürnberg,guest,3-4-2-1 Double-10,3-4-2-1,"[3, 4, 2, 1]"
DFL-MAT-J040GA,FC Schalke 04:1. FC Nürnberg,2024/2025,2. Bundesliga,DFL-CLU-000009,FC Schalke 04,home,4-2-3-1,4-2-3-1,"[4, 2, 3, 1]"
DFL-MAT-J040GB,1. FC Magdeburg:Eintracht Braunschweig,2024/2025,2. Bundesliga,DFL-CLU-00000X,Eintracht Braunschweig,guest,3-3-2-2,3-3-2-2,"[3, 3, 2, 2]"
DFL-MAT-J040GB,1. FC Magdeburg:Eintracht Braunschweig,2024/2025,2. Bundesliga,DFL-CLU-000N5D,1. FC Magdeburg,home,3-4-3 Diamond,3-4-3,"[3, 4, 3]"
DFL-MAT-J040GC,SSV Ulm 1846 Fussball:SSV Jahn Regensburg,2024/2025,2. Bundesliga,DFL-CLU-000N89,SSV Ulm 1846 Fussball,home,3-4-2-1 Double-10,3-4-2-1,"[3, 4, 2, 1]"
DFL-MAT-J040GC,SSV Ulm 1846 Fussball:SSV Jahn Regensburg,2024/2025,2. Bundesliga,DFL-CLU-000011,SSV Jahn Regensburg,guest,3-3-2-2,3-3-2-2,"[3, 3, 2, 2]"
DFL-MAT-J040GD,Fortuna Düsseldorf:SSV Ulm 1846 Fussball,2024/2025,2. Bundesliga,DFL-CLU-00000P,Fortuna Düsseldorf,home,4-4-2 Double-6 offensive Outliner,4-4-2,"[4, 4, 2]"
DFL-MAT-J040GD,Fortuna Düsseldorf:SSV Ulm 1846 Fussball,2024/2025,2. Bundesliga,DFL-CLU-000N89,SSV Ulm 1846 Fussball,guest,3-4-2-1 Double-10,3-4-2-1,"[3, 4, 2, 1]"
DFL-MAT-J040GE,Hamburger SV:Hannover 96,2024/2025,2. Bundesliga,DFL-CLU-00000C,Hamburger SV,home,4-3-3 with 6,4-3-3,"[4, 3, 3]"
DFL-MAT-J040GE,Hamburger SV:Hannover 96,2024/2025,2. Bundesliga,DFL-CLU-000001,Hannover 96,guest,3-3-2-2,3-3-2-2,"[3, 3, 2, 2]"
DFL-MAT-J040GF,SC Paderborn 07:SpVgg Greuther Fürth,2024/2025,2. Bundesliga,DFL-CLU-00000W,SpVgg Greuther Fürth,guest,3-4-2-1 Double-10,3-4-2-1,"[3, 4, 2, 1]"
DFL-MAT-J040GF,SC Paderborn 07:SpVgg Greuther Fürth,2024/2025,2. Bundesliga,DFL-CLU-00000L,SC Paderborn 07,home,3-3-2-2,3-3-2-2,"[3, 3, 2, 2]"
DFL-MAT-J040GG,FC Schalke 04:1. FC Magdeburg,2024/2025,2. Bundesliga,DFL-CLU-000009,FC Schalke 04,home,4-2-3-1,4-2-3-1,"[4, 2, 3, 1]"
DFL-MAT-J040GG,FC Schalke 04:1. FC Magdeburg,2024/2025,2. Bundesliga,DFL-CLU-000N5D,1. FC Magdeburg,guest,3-4-3 Diamond,3-4-3,"[3, 4, 3]"
DFL-MAT-J040GH,SV Elversberg:Karlsruher SC,2024/2025,2. Bundesliga,DFL-CLU-00000T,Karlsruher SC,guest,4-1-3-2,4-1-3-2,"[4, 1, 3, 2]"
DFL-MAT-J040GH,SV Elversberg:Karlsruher SC,2024/2025,2. Bundesliga,DFL-CLU-000N6L,SV Elversberg,home,4-2-3-1,4-2-3-1,"[4, 2, 3, 1]"
DFL-MAT-J040GI,1. FC Nürnberg:SV Darmstadt 98,2024/2025,2. Bundesliga,DFL-CLU-000005,1. FC Nürnberg,home,3-3-2-2 Double-10,3-3-2-2,"[3, 3, 2, 2]"
DFL-MAT-J040GI,1. FC Nürnberg:SV Darmstadt 98,2024/2025,2. Bundesliga,DFL-CLU-000016,SV Darmstadt 98,guest,4-4-2 Double-6 offensive Outliner,4-4-2,"[4, 4, 2]"
DFL-MAT-J040GJ,1. FC Kaiserslautern:SC Preußen Münster,2024/2025,2. Bundesliga,DFL-CLU-00000I,1. FC Kaiserslautern,home,3-4-2-1 Double-10,3-4-2-1,"[3, 4, 2, 1]"
DFL-MAT-J040GJ,1. FC Kaiserslautern:SC Preußen Münster,2024/2025,2. Bundesliga,DFL-CLU-000N5R,SC Preußen Münster,guest,3-3-2-2,3-3-2-2,"[3, 3, 2, 2]"
DFL-MAT-J040GK,Eintracht Braunschweig:1. FC Köln,2024/2025,2. Bundesliga,DFL-CLU-000008,1. FC Köln,guest,3-4-1-2 defensive Midfielder,3-4-1-2,"[3, 4, 1, 2]"
DFL-MAT-J040GK,Eintracht Braunschweig:1. FC Köln,2024/2025,2. Bundesliga,DFL-CLU-00000X,Eintracht Braunschweig,home,3-3-2-2,3-3-2-2,"[3, 3, 2, 2]"
DFL-MAT-J040GL,SSV Jahn Regensburg:Hertha BSC,2024/2025,2. Bundesliga,DFL-CLU-00000Z,Hertha BSC,guest,4-3-3 with 6,4-3-3,"[4, 3, 3]"
DFL-MAT-J040GL,SSV Jahn Regensburg:Hertha BSC,2024/2025,2. Bundesliga,DFL-CLU-000011,SSV Jahn Regensburg,home,3-4-1-2 defensive Midfielder,3-4-1-2,"[3, 4, 1, 2]"
DFL-MAT-J040GM,1. FC Köln:FC Schalke 04,2024/2025,2. Bundesliga,DFL-CLU-000008,1. FC Köln,home,3-3-2-2,3-3-2-2,"[3, 3, 2, 2]"
DFL-MAT-J040GM,1. FC Köln:FC Schalke 04,2024/2025,2. Bundesliga,DFL-CLU-000009,FC Schalke 04,guest,4-2-3-1,4-2-3-1,"[4, 2, 3, 1]"
DFL-MAT-J040GN,SV Darmstadt 98:SV Elversberg,2024/2025,2. Bundesliga,DFL-CLU-000016,SV Darmstadt 98,home,4-4-2 Double-6 offensive Outliner,4-4-2,"[4, 4, 2]"
DFL-MAT-J040GN,SV Darmstadt 98:SV Elversberg,2024/2025,2. Bundesliga,DFL-CLU-000N6L,SV Elversberg,guest,4-2-3-1,4-2-3-1,"[4, 2, 3, 1]"
DFL-MAT-J040GO,Karlsruher SC:Eintracht Braunschweig,2024/2025,2. Bundesliga,DFL-CLU-00000T,Karlsruher SC,home,4-4-2 Double-6 offensive Outliner,4-4-2,"[4, 4, 2]"
DFL-MAT-J040GO,Karlsruher SC:Eintracht Braunschweig,2024/2025,2. Bundesliga,DFL-CLU-00000X,Eintracht Braunschweig,guest,3-3-2-2,3-3-2-2,"[3, 3, 2, 2]"
DFL-MAT-J040GP,Hannover 96:Fortuna Düsseldorf,2024/2025,2. Bundesliga,DFL-CLU-00000P,Fortuna Düsseldorf,guest,4-5-1 offensive Outliner,4-5-1,"[4, 5, 1]"
DFL-MAT-J040GP,Hannover 96:Fortuna Düsseldorf,2024/2025,2. Bundesliga,DFL-CLU-000001,Hannover 96,home,4-4-2 Double-6 offensive Outliner,4-4-2,"[4, 4, 2]"
DFL-MAT-J040GQ,SpVgg Greuther Fürth:SSV Jahn Regensburg,2024/2025,2. Bundesliga,DFL-CLU-000011,SSV Jahn Regensburg,guest,3-3-2-2,3-3-2-2,"[3, 3, 2, 2]"
DFL-MAT-J040GQ,SpVgg Greuther Fürth:SSV Jahn Regensburg,2024/2025,2. Bundesliga,DFL-CLU-00000W,SpVgg Greuther Fürth,home,3-4-2-1 Double-10,3-4-2-1,"[3, 4, 2, 1]"
DFL-MAT-J040GR,Hertha BSC:1. FC Kaiserslautern,2024/2025,2. Bundesliga,DFL-CLU-00000I,1. FC Kaiserslautern,guest,3-4-2-1 Double-10,3-4-2-1,"[3, 4, 2, 1]"
DFL-MAT-J040GR,Hertha BSC:1. FC Kaiserslautern,2024/2025,2. Bundesliga,DFL-CLU-00000Z,Hertha BSC,home,4-2-3-1,4-2-3-1,"[4, 2, 3, 1]"
DFL-MAT-J040GS,1. FC Magdeburg:1. FC Nürnberg,2024/2025,2. Bundesliga,DFL-CLU-000005,1. FC Nürnberg,guest,5-4-1 offensive Outliner,5-4-1,"[5, 4, 1]"
DFL-MAT-J040GS,1. FC Magdeburg:1. FC Nürnberg,2024/2025,2. Bundesliga,DFL-CLU-000N5D,1. FC Magdeburg,home,3-4-3 Diamond,3-4-3,"[3, 4, 3]"
DFL-MAT-J040GT,SSV Ulm 1846 Fussball:SC Paderborn 07,2024/2025,2. Bundesliga,DFL-CLU-000N89,SSV Ulm 1846 Fussball,home,3-4-2-1 Double-10,3-4-2-1,"[3, 4, 2, 1]"
DFL-MAT-J040GT,SSV Ulm 1846 Fussball:SC Paderborn 07,2024/2025,2. Bundesliga,DFL-CLU-00000L,SC Paderborn 07,guest,3-4-2-1 Double-10,3-4-2-1,"[3, 4, 2, 1]"
DFL-MAT-J040GU,SC Preußen Münster:Hamburger SV,2024/2025,2. Bundesliga,DFL-CLU-00000C,Hamburger SV,guest,4-3-3 with 6,4-3-3,"[4, 3, 3]"
DFL-MAT-J040GU,SC Preußen Münster:Hamburger SV,2024/2025,2. Bundesliga,DFL-CLU-000N5R,SC Preußen Münster,home,3-3-2-2,3-3-2-2,"[3, 3, 2, 2]"
DFL-MAT-J040GV,Fortuna Düsseldorf:Hertha BSC,2024/2025,2. Bundesliga,DFL-CLU-00000P,Fortuna Düsseldorf,home,4-5-1 offensive Outliner,4-5-1,"[4, 5, 1]"
DFL-MAT-J040GV,Fortuna Düsseldorf:Hertha BSC,2024/2025,2. Bundesliga,DFL-CLU-00000Z,Hertha BSC,guest,4-2-3-1,4-2-3-1,"[4, 2, 3, 1]"
DFL-MAT-J040GW,SC Paderborn 07:SC Preußen Münster,2024/2025,2. Bundesliga,DFL-CLU-000N5R,SC Preußen Münster,guest,3-4-2-1 Double-10,3-4-2-1,"[3, 4, 2, 1]"
DFL-MAT-J040GW,SC Paderborn 07:SC Preußen Münster,2024/2025,2. Bundesliga,DFL-CLU-00000L,SC Paderborn 07,home,3-3-2-2,3-3-2-2,"[3, 3, 2, 2]"
DFL-MAT-J040GX,FC Schalke 04:Karlsruher SC,2024/2025,2. Bundesliga,DFL-CLU-00000T,Karlsruher SC,guest,4-4-2 Double-6 offensive Outliner,4-4-2,"[4, 4, 2]"
DFL-MAT-J040GX,FC Schalke 04:Karlsruher SC,2024/2025,2. Bundesliga,DFL-CLU-000009,FC Schalke 04,home,4-2-3-1,4-2-3-1,"[4, 2, 3, 1]"
DFL-MAT-J040GY,SV Elversberg:SpVgg Greuther Fürth,2024/2025,2. Bundesliga,DFL-CLU-00000W,SpVgg Greuther Fürth,guest,3-4-2-1 Double-10,3-4-2-1,"[3, 4, 2, 1]"
DFL-MAT-J040GY,SV Elversberg:SpVgg Greuther Fürth,2024/2025,2. Bundesliga,DFL-CLU-000N6L,SV Elversberg,home,4-2-3-1,4-2-3-1,"[4, 2, 3, 1]"
DFL-MAT-J040GZ,1. FC Nürnberg:SSV Ulm 1846 Fussball,2024/2025,2. Bundesliga,DFL-CLU-000005,1. FC Nürnberg,home,3-4-2-1 Double-10,3-4-2-1,"[3, 4, 2, 1]"
DFL-MAT-J040GZ,1. FC Nürnberg:SSV Ulm 1846 Fussball,2024/2025,2. Bundesliga,DFL-CLU-000N89,SSV Ulm 1846 Fussball,guest,3-4-2-1 Double-10,3-4-2-1,"[3, 4, 2, 1]"
DFL-MAT-J040H0,1. FC Kaiserslautern:Hannover 96,2024/2025,2. Bundesliga,DFL-CLU-00000I,1. FC Kaiserslautern,home,3-3-2-2,3-3-2-2,"[3, 3, 2, 2]"
DFL-MAT-J040H0,1. FC Kaiserslautern:Hannover 96,2024/2025,2. Bundesliga,DFL-CLU-000001,Hannover 96,guest,4-4-2 Double-6 offensive Outliner,4-4-2,"[4, 4, 2]"
DFL-MAT-J040H1,1. FC Magdeburg:1. FC Köln,2024/2025,2. Bundesliga,DFL-CLU-000008,1. FC Köln,guest,3-3-2-2,3-3-2-2,"[3, 3, 2, 2]"
DFL-MAT-J040H1,1. FC Magdeburg:1. FC Köln,2024/2025,2. Bundesliga,DFL-CLU-000N5D,1. FC Magdeburg,home,3-4-3 Diamond,3-4-3,"[3, 4, 3]"
DFL-MAT-J040H2,Eintracht Braunschweig:SV Darmstadt 98,2024/2025,2. Bundesliga,DFL-CLU-000016,SV Darmstadt 98,guest,4-3-3 with 6,4-3-3,"[4, 3, 3]"
DFL-MAT-J040H2,Eintracht Braunschweig:SV Darmstadt 98,2024/2025,2. Bundesliga,DFL-CLU-00000X,Eintracht Braunschweig,home,3-3-2-2,3-3-2-2,"[3, 3, 2, 2]"
DFL-MAT-J040H3,SSV Jahn Regensburg:Hamburger SV,2024/2025,2. Bundesliga,DFL-CLU-00000C,Hamburger SV,guest,4-3-3 with 6,4-3-3,"[4, 3, 3]"
DFL-MAT-J040H3,SSV Jahn Regensburg:Hamburger SV,2024/2025,2. Bundesliga,DFL-CLU-000011,SSV Jahn Regensburg,home,3-3-2-2,3-3-2-2,"[3, 3, 2, 2]"
DFL-MAT-J040H4,1. FC Köln:Fortuna Düsseldorf,2024/2025,2. Bundesliga,DFL-CLU-000008,1. FC Köln,home,3-4-2-1 Double-10,3-4-2-1,"[3, 4, 2, 1]"
DFL-MAT-J040H4,1. FC Köln:Fortuna Düsseldorf,2024/2025,2. Bundesliga,DFL-CLU-00000P,Fortuna Düsseldorf,guest,4-2-3-1,4-2-3-1,"[4, 2, 3, 1]"
DFL-MAT-J040H5,SV Darmstadt 98:FC Schalke 04,2024/2025,2. Bundesliga,DFL-CLU-000009,FC Schalke 04,guest,4-2-3-1,4-2-3-1,"[4, 2, 3, 1]"
DFL-MAT-J040H5,SV Darmstadt 98:FC Schalke 04,2024/2025,2. Bundesliga,DFL-CLU-000016,SV Darmstadt 98,home,4-4-2 Double-6 offensive Outliner,4-4-2,"[4, 4, 2]"
DFL-MAT-J040H6,Hamburger SV:1. FC Kaiserslautern,2024/2025,2. Bundesliga,DFL-CLU-00000I,1. FC Kaiserslautern,guest,3-3-2-2,3-3-2-2,"[3, 3, 2, 2]"
DFL-MAT-J040H6,Hamburger SV:1. FC Kaiserslautern,2024/2025,2. Bundesliga,DFL-CLU-00000C,Hamburger SV,home,4-3-3 with 6,4-3-3,"[4, 3, 3]"
DFL-MAT-J040H7,Karlsruher SC:1. FC Magdeburg,2024/2025,2. Bundesliga,DFL-CLU-00000T,Karlsruher SC,home,3-3-2-2,3-3-2-2,"[3, 3, 2, 2]"
DFL-MAT-J040H7,Karlsruher SC:1. FC Magdeburg,2024/2025,2. Bundesliga,DFL-CLU-000N5D,1. FC Magdeburg,guest,3-4-3 Diamond,3-4-3,"[3, 4, 3]"
DFL-MAT-J040H8,Hannover 96:SC Paderborn 07,2024/2025,2. Bundesliga,DFL-CLU-000001,Hannover 96,home,4-4-2 Double-6 offensive Outliner,4-4-2,"[4, 4, 2]"
DFL-MAT-J040H8,Hannover 96:SC Paderborn 07,2024/2025,2. Bundesliga,DFL-CLU-00000L,SC Paderborn 07,guest,3-4-1-2 defensive Midfielder,3-4-1-2,"[3, 4, 1, 2]"
DFL-MAT-J040H9,SpVgg Greuther Fürth:Eintracht Braunschweig,2024/2025,2. Bundesliga,DFL-CLU-00000X,Eintracht Braunschweig,guest,3-3-2-2,3-3-2-2,"[3, 3, 2, 2]"
DFL-MAT-J040H9,SpVgg Greuther Fürth:Eintracht Braunschweig,2024/2025,2. Bundesliga,DFL-CLU-00000W,SpVgg Greuther Fürth,home,3-4-2-1 Double-10,3-4-2-1,"[3, 4, 2, 1]"
DFL-MAT-J040HA,Hertha BSC:1. FC Nürnberg,2024/2025,2. Bundesliga,DFL-CLU-000005,1. FC Nürnberg,guest,3-4-2-1 Double-10,3-4-2-1,"[3, 4, 2, 1]"
DFL-MAT-J040HA,Hertha BSC:1. FC Nürnberg,2024/2025,2. Bundesliga,DFL-CLU-00000Z,Hertha BSC,home,4-2-3-1,4-2-3-1,"[4, 2, 3, 1]"
DFL-MAT-J040HB,SSV Ulm 1846 Fussball:SV Elversberg,2024/2025,2. Bundesliga,DFL-CLU-000N89,SSV Ulm 1846 Fussball,home,3-4-2-1 Double-10,3-4-2-1,"[3, 4, 2, 1]"
DFL-MAT-J040HB,SSV Ulm 1846 Fussball:SV Elversberg,2024/2025,2. Bundesliga,DFL-CLU-000N6L,SV Elversberg,guest,4-2-3-1,4-2-3-1,"[4, 2, 3, 1]"
DFL-MAT-J040HC,SC Preußen Münster:SSV Jahn Regensburg,2024/2025,2. Bundesliga,DFL-CLU-000N5R,SC Preußen Münster,home,4-2-3-1,4-2-3-1,"[4, 2, 3, 1]"
DFL-MAT-J040HC,SC Preußen Münster:SSV Jahn Regensburg,2024/2025,2. Bundesliga,DFL-CLU-000011,SSV Jahn Regensburg,guest,3-3-2-2,3-3-2-2,"[3, 3, 2, 2]"
DFL-MAT-J040HD,Fortuna Düsseldorf:SpVgg Greuther Fürth,2024/2025,2. Bundesliga,DFL-CLU-00000P,Fortuna Düsseldorf,home,4-2-3-1,4-2-3-1,"[4, 2, 3, 1]"
DFL-MAT-J040HD,Fortuna Düsseldorf:SpVgg Greuther Fürth,2024/2025,2. Bundesliga,DFL-CLU-00000W,SpVgg Greuther Fürth,guest,3-4-1-2 defensive Midfielder,3-4-1-2,"[3, 4, 1, 2]"
DFL-MAT-J040HE,Karlsruher SC:1. FC Köln,2024/2025,2. Bundesliga,DFL-CLU-000008,1. FC Köln,guest,3-4-2-1 Double-10,3-4-2-1,"[3, 4, 2, 1]"
DFL-MAT-J040HE,Karlsruher SC:1. FC Köln,2024/2025,2. Bundesliga,DFL-CLU-00000T,Karlsruher SC,home,3-3-2-2,3-3-2-2,"[3, 3, 2, 2]"
DFL-MAT-J040HF,SC Paderborn 07:Hamburger SV,2024/2025,2. Bundesliga,DFL-CLU-00000C,Hamburger SV,guest,4-3-3 with 6,4-3-3,"[4, 3, 3]"
DFL-MAT-J040HF,SC Paderborn 07:Hamburger SV,2024/2025,2. Bundesliga,DFL-CLU-00000L,SC Paderborn 07,home,4-4-2 Diamond,4-4-2,"[4, 4, 2]"
DFL-MAT-J040HG,FC Schalke 04:SC Preußen Münster,2024/2025,2. Bundesliga,DFL-CLU-000009,FC Schalke 04,home,4-2-3-1,4-2-3-1,"[4, 2, 3, 1]"
DFL-MAT-J040HG,FC Schalke 04:SC Preußen Münster,2024/2025,2. Bundesliga,DFL-CLU-000N5R,SC Preußen Münster,guest,4-2-3-1,4-2-3-1,"[4, 2, 3, 1]"
DFL-MAT-J040HH,SV Elversberg:Hertha BSC,2024/2025,2. Bundesliga,DFL-CLU-00000Z,Hertha BSC,guest,4-2-3-1,4-2-3-1,"[4, 2, 3, 1]"
DFL-MAT-J040HH,SV Elversberg:Hertha BSC,2024/2025,2. Bundesliga,DFL-CLU-000N6L,SV Elversberg,home,4-2-3-1,4-2-3-1,"[4, 2, 3, 1]"
DFL-MAT-J040HI,1. FC Nürnberg:Hannover 96,2024/2025,2. Bundesliga,DFL-CLU-000005,1. FC Nürnberg,home,3-3-2-2,3-3-2-2,"[3, 3, 2, 2]"
DFL-MAT-J040HI,1. FC Nürnberg:Hannover 96,2024/2025,2. Bundesliga,DFL-CLU-000001,Hannover 96,guest,3-3-2-2,3-3-2-2,"[3, 3, 2, 2]"
DFL-MAT-J040HJ,1. FC Kaiserslautern:SSV Jahn Regensburg,2024/2025,2. Bundesliga,DFL-CLU-00000I,1. FC Kaiserslautern,home,3-3-2-2,3-3-2-2,"[3, 3, 2, 2]"
DFL-MAT-J040HJ,1. FC Kaiserslautern:SSV Jahn Regensburg,2024/2025,2. Bundesliga,DFL-CLU-000011,SSV Jahn Regensburg,guest,4-2-3-1,4-2-3-1,"[4, 2, 3, 1]"
DFL-MAT-J040HK,1. FC Magdeburg:SV Darmstadt 98,2024/2025,2. Bundesliga,DFL-CLU-000016,SV Darmstadt 98,guest,5-3-2 with 6,5-3-2,"[5, 3, 2]"
DFL-MAT-J040HK,1. FC Magdeburg:SV Darmstadt 98,2024/2025,2. Bundesliga,DFL-CLU-000N5D,1. FC Magdeburg,home,3-4-3 Diamond,3-4-3,"[3, 4, 3]"
DFL-MAT-J040HL,Eintracht Braunschweig:SSV Ulm 1846 Fussball,2024/2025,2. Bundesliga,DFL-CLU-00000X,Eintracht Braunschweig,home,3-3-2-2,3-3-2-2,"[3, 3, 2, 2]"
DFL-MAT-J040HL,Eintracht Braunschweig:SSV Ulm 1846 Fussball,2024/2025,2. Bundesliga,DFL-CLU-000N89,SSV Ulm 1846 Fussball,guest,3-4-2-1 Double-10,3-4-2-1,"[3, 4, 2, 1]"
DFL-MAT-J040HM,SV Darmstadt 98:Karlsruher SC,2024/2025,2. Bundesliga,DFL-CLU-00000T,Karlsruher SC,guest,3-3-2-2,3-3-2-2,"[3, 3, 2, 2]"
DFL-MAT-J040HM,SV Darmstadt 98:Karlsruher SC,2024/2025,2. Bundesliga,DFL-CLU-000016,SV Darmstadt 98,home,4-4-2 Double-6,4-4-2,"[4, 4, 2]"
DFL-MAT-J040HN,Hamburger SV:Fortuna Düsseldorf,2024/2025,2. Bundesliga,DFL-CLU-00000C,Hamburger SV,home,4-3-3 with 6,4-3-3,"[4, 3, 3]"
DFL-MAT-J040HN,Hamburger SV:Fortuna Düsseldorf,2024/2025,2. Bundesliga,DFL-CLU-00000P,Fortuna Düsseldorf,guest,3-3-2-2,3-3-2-2,"[3, 3, 2, 2]"
DFL-MAT-J040HO,Hannover 96:Eintracht Braunschweig,2024/2025,2. Bundesliga,DFL-CLU-000001,Hannover 96,home,3-3-2-2,3-3-2-2,"[3, 3, 2, 2]"
DFL-MAT-J040HO,Hannover 96:Eintracht Braunschweig,2024/2025,2. Bundesliga,DFL-CLU-00000X,Eintracht Braunschweig,guest,3-4-2-1 Double-10,3-4-2-1,"[3, 4, 2, 1]"
DFL-MAT-J040HP,SpVgg Greuther Fürth:1. FC Magdeburg,2024/2025,2. Bundesliga,DFL-CLU-000N5D,1. FC Magdeburg,guest,3-4-3 Diamond,3-4-3,"[3, 4, 3]"
DFL-MAT-J040HP,SpVgg Greuther Fürth:1. FC Magdeburg,2024/2025,2. Bundesliga,DFL-CLU-00000W,SpVgg Greuther Fürth,home,3-4-2-1 Double-10,3-4-2-1,"[3, 4, 2, 1]"
DFL-MAT-J040HQ,Hertha BSC:FC Schalke 04,2024/2025,2. Bundesliga,DFL-CLU-000009,FC Schalke 04,guest,4-2-3-1,4-2-3-1,"[4, 2, 3, 1]"
DFL-MAT-J040HQ,Hertha BSC:FC Schalke 04,2024/2025,2. Bundesliga,DFL-CLU-00000Z,Hertha BSC,home,3-4-1-2 defensive Midfielder,3-4-1-2,"[3, 4, 1, 2]"
DFL-MAT-J040HR,1. FC Kaiserslautern:SV Elversberg,2024/2025,2. Bundesliga,DFL-CLU-00000I,1. FC Kaiserslautern,home,3-3-2-2,3-3-2-2,"[3, 3, 2, 2]"
DFL-MAT-J040HR,1. FC Kaiserslautern:SV Elversberg,2024/2025,2. Bundesliga,DFL-CLU-000N6L,SV Elversberg,guest,4-2-3-1,4-2-3-1,"[4, 2, 3, 1]"
DFL-MAT-J040HS,SSV Ulm 1846 Fussball:1. FC Köln,2024/2025,2. Bundesliga,DFL-CLU-000008,1. FC Köln,guest,4-2-3-1,4-2-3-1,"[4, 2, 3, 1]"
DFL-MAT-J040HS,SSV Ulm 1846 Fussball:1. FC Köln,2024/2025,2. Bundesliga,DFL-CLU-000N89,SSV Ulm 1846 Fussball,home,3-4-2-1 Double-10,3-4-2-1,"[3, 4, 2, 1]"
DFL-MAT-J040HT,SC Preußen Münster:1. FC Nürnberg,2024/2025,2. Bundesliga,DFL-CLU-000005,1. FC Nürnberg,guest,3-3-2-2,3-3-2-2,"[3, 3, 2, 2]"
DFL-MAT-J040HT,SC Preußen Münster:1. FC Nürnberg,2024/2025,2. Bundesliga,DFL-CLU-000N5R,SC Preußen Münster,home,4-2-3-1,4-2-3-1,"[4, 2, 3, 1]"
DFL-MAT-J040HU,SSV Jahn Regensburg:SC Paderborn 07,2024/2025,2. Bundesliga,DFL-CLU-000011,SSV Jahn Regensburg,home,4-4-2 Double-6 offensive Outliner,4-4-2,"[4, 4, 2]"
DFL-MAT-J040HU,SSV Jahn Regensburg:SC Paderborn 07,2024/2025,2. Bundesliga,DFL-CLU-00000L,SC Paderborn 07,guest,3-3-2-2,3-3-2-2,"[3, 3, 2, 2]"
DFL-MAT-J040HV,1. FC Köln:SV Darmstadt 98,2024/2025,2. Bundesliga,DFL-CLU-000008,1. FC Köln,home,3-4-1-2 defensive Midfielder,3-4-1-2,"[3, 4, 1, 2]"
DFL-MAT-J040HV,1. FC Köln:SV Darmstadt 98,2024/2025,2. Bundesliga,DFL-CLU-000016,SV Darmstadt 98,guest,4-2-3-1,4-2-3-1,"[4, 2, 3, 1]"
DFL-MAT-J040HW,Fortuna Düsseldorf:SSV Jahn Regensburg,2024/2025,2. Bundesliga,DFL-CLU-00000P,Fortuna Düsseldorf,home,3-3-2-2,3-3-2-2,"[3, 3, 2, 2]"
DFL-MAT-J040HW,Fortuna Düsseldorf:SSV Jahn Regensburg,2024/2025,2. Bundesliga,DFL-CLU-000011,SSV Jahn Regensburg,guest,4-4-2 Double-6 offensive Outliner,4-4-2,"[4, 4, 2]"
DFL-MAT-J040HX,Karlsruher SC:SSV Ulm 1846 Fussball,2024/2025,2. Bundesliga,DFL-CLU-00000T,Karlsruher SC,home,3-3-2-2,3-3-2-2,"[3, 3, 2, 2]"
DFL-MAT-J040HX,Karlsruher SC:SSV Ulm 1846 Fussball,2024/2025,2. Bundesliga,DFL-CLU-000N89,SSV Ulm 1846 Fussball,guest,3-4-1-2 defensive Midfielder,3-4-1-2,"[3, 4, 1, 2]"
DFL-MAT-J040HY,SC Paderborn 07:1. FC Kaiserslautern,2024/2025,2. Bundesliga,DFL-CLU-00000I,1. FC Kaiserslautern,guest,3-4-2-1 Double-10,3-4-2-1,"[3, 4, 2, 1]"
DFL-MAT-J040HY,SC Paderborn 07:1. FC Kaiserslautern,2024/2025,2. Bundesliga,DFL-CLU-00000L,SC Paderborn 07,home,3-4-1-2 defensive Midfielder,3-4-1-2,"[3, 4, 1, 2]"
DFL-MAT-J040HZ,FC Schalke 04:Hannover 96,2024/2025,2. Bundesliga,DFL-CLU-000009,FC Schalke 04,home,4-2-3-1,4-2-3-1,"[4, 2, 3, 1]"
DFL-MAT-J040HZ,FC Schalke 04:Hannover 96,2024/2025,2. Bundesliga,DFL-CLU-000001,Hannover 96,guest,4-2-3-1,4-2-3-1,"[4, 2, 3, 1]"
DFL-MAT-J040I0,SV Elversberg:SC Preußen Münster,2024/2025,2. Bundesliga,DFL-CLU-000N5R,SC Preußen Münster,guest,4-2-3-1,4-2-3-1,"[4, 2, 3, 1]"
DFL-MAT-J040I0,SV Elversberg:SC Preußen Münster,2024/2025,2. Bundesliga,DFL-CLU-000N6L,SV Elversberg,home,4-2-3-1,4-2-3-1,"[4, 2, 3, 1]"
DFL-MAT-J040I1,1. FC Nürnberg:SpVgg Greuther Fürth,2024/2025,2. Bundesliga,DFL-CLU-000005,1. FC Nürnberg,home,3-4-1-2 defensive Midfielder,3-4-1-2,"[3, 4, 1, 2]"
DFL-MAT-J040I1,1. FC Nürnberg:SpVgg Greuther Fürth,2024/2025,2. Bundesliga,DFL-CLU-00000W,SpVgg Greuther Fürth,guest,3-4-2-1 Double-10,3-4-2-1,"[3, 4, 2, 1]"
DFL-MAT-J040I2,1. FC Magdeburg:Hamburger SV,2024/2025,2. Bundesliga,DFL-CLU-00000C,Hamburger SV,guest,4-3-3 with 6,4-3-3,"[4, 3, 3]"
DFL-MAT-J040I2,1. FC Magdeburg:Hamburger SV,2024/2025,2. Bundesliga,DFL-CLU-000N5D,1. FC Magdeburg,home,3-4-3 Diamond,3-4-3,"[3, 4, 3]"
DFL-MAT-J040I3,Eintracht Braunschweig:Hertha BSC,2024/2025,2. Bundesliga,DFL-CLU-00000Z,Hertha BSC,guest,3-3-2-2,3-3-2-2,"[3, 3, 2, 2]"
DFL-MAT-J040I3,Eintracht Braunschweig:Hertha BSC,2024/2025,2. Bundesliga,DFL-CLU-00000X,Eintracht Braunschweig,home,3-4-2-1 Double-10,3-4-2-1,"[3, 4, 2, 1]"
DFL-MAT-J040I4,Hamburger SV:SV Elversberg,2024/2025,2. Bundesliga,DFL-CLU-00000C,Hamburger SV,home,4-3-3 with 6,4-3-3,"[4, 3, 3]"
DFL-MAT-J040I4,Hamburger SV:SV Elversberg,2024/2025,2. Bundesliga,DFL-CLU-000N6L,SV Elversberg,guest,4-4-2 Double-6 offensive Outliner,4-4-2,"[4, 4, 2]"
DFL-MAT-J040I5,Hannover 96:1. FC Magdeburg,2024/2025,2. Bundesliga,DFL-CLU-000001,Hannover 96,home,4-2-3-1,4-2-3-1,"[4, 2, 3, 1]"
DFL-MAT-J040I5,Hannover 96:1. FC Magdeburg,2024/2025,2. Bundesliga,DFL-CLU-000N5D,1. FC Magdeburg,guest,3-4-3 Diamond,3-4-3,"[3, 4, 3]"
DFL-MAT-J040I6,SC Paderborn 07:1. FC Köln,2024/2025,2. Bundesliga,DFL-CLU-000008,1. FC Köln,guest,3-4-1-2 defensive Midfielder,3-4-1-2,"[3, 4, 1, 2]"
DFL-MAT-J040I6,SC Paderborn 07:1. FC Köln,2024/2025,2. Bundesliga,DFL-CLU-00000L,SC Paderborn 07,home,3-4-1-2 defensive Midfielder,3-4-1-2,"[3, 4, 1, 2]"
DFL-MAT-J040I7,SpVgg Greuther Fürth:FC Schalke 04,2024/2025,2. Bundesliga,DFL-CLU-000009,FC Schalke 04,guest,4-2-3-1,4-2-3-1,"[4, 2, 3, 1]"
DFL-MAT-J040I7,SpVgg Greuther Fürth:FC Schalke 04,2024/2025,2. Bundesliga,DFL-CLU-00000W,SpVgg Greuther Fürth,home,3-4-1-2 defensive Midfielder,3-4-1-2,"[3, 4, 1, 2]"
DFL-MAT-J040I8,Hertha BSC:Karlsruher SC,2024/2025,2. Bundesliga,DFL-CLU-00000T,Karlsruher SC,guest,3-3-2-2,3-3-2-2,"[3, 3, 2, 2]"
DFL-MAT-J040I8,Hertha BSC:Karlsruher SC,2024/2025,2. Bundesliga,DFL-CLU-00000Z,Hertha BSC,home,3-3-2-2,3-3-2-2,"[3, 3, 2, 2]"
DFL-MAT-J040I9,1. FC Kaiserslautern:Fortuna Düsseldorf,2024/2025,2. Bundesliga,DFL-CLU-00000I,1. FC Kaiserslautern,home,3-4-2-1 Double-10,3-4-2-1,"[3, 4, 2, 1]"
DFL-MAT-J040I9,1. FC Kaiserslautern:Fortuna Düsseldorf,2024/2025,2. Bundesliga,DFL-CLU-00000P,Fortuna Düsseldorf,guest,3-4-2-1 Double-10,3-4-2-1,"[3, 4, 2, 1]"
DFL-MAT-J040IA,SSV Ulm 1846 Fussball:SV Darmstadt 98,2024/2025,2. Bundesliga,DFL-CLU-000016,SV Darmstadt 98,guest,4-2-3-1,4-2-3-1,"[4, 2, 3, 1]"
DFL-MAT-J040IA,SSV Ulm 1846 Fussball:SV Darmstadt 98,2024/2025,2. Bundesliga,DFL-CLU-000N89,SSV Ulm 1846 Fussball,home,3-4-1-2 defensive Midfielder,3-4-1-2,"[3, 4, 1, 2]"
DFL-MAT-J040IB,SC Preußen Münster:Eintracht Braunschweig,2024/2025,2. Bundesliga,DFL-CLU-00000X,Eintracht Braunschweig,guest,4-4-2 Double-6 offensive Outliner,4-4-2,"[4, 4, 2]"
DFL-MAT-J040IB,SC Preußen Münster:Eintracht Braunschweig,2024/2025,2. Bundesliga,DFL-CLU-000N5R,SC Preußen Münster,home,4-2-3-1,4-2-3-1,"[4, 2, 3, 1]"
DFL-MAT-J040IC,SSV Jahn Regensburg:1. FC Nürnberg,2024/2025,2. Bundesliga,DFL-CLU-000005,1. FC Nürnberg,guest,3-4-2-1 Double-10,3-4-2-1,"[3, 4, 2, 1]"
DFL-MAT-J040IC,SSV Jahn Regensburg:1. FC Nürnberg,2024/2025,2. Bundesliga,DFL-CLU-000011,SSV Jahn Regensburg,home,4-3-3 with 6,4-3-3,"[4, 3, 3]"
DFL-MAT-J040ID,1. FC Köln:Hertha BSC,2024/2025,2. Bundesliga,DFL-CLU-000008,1. FC Köln,home,3-3-2-2,3-3-2-2,"[3, 3, 2, 2]"
DFL-MAT-J040ID,1. FC Köln:Hertha BSC,2024/2025,2. Bundesliga,DFL-CLU-00000Z,Hertha BSC,guest,3-3-2-2,3-3-2-2,"[3, 3, 2, 2]"
DFL-MAT-J040IE,SV Darmstadt 98:SpVgg Greuther Fürth,2024/2025,2. Bundesliga,DFL-CLU-000016,SV Darmstadt 98,home,4-4-2 Double-6 offensive Outliner,4-4-2,"[4, 4, 2]"
DFL-MAT-J040IE,SV Darmstadt 98:SpVgg Greuther Fürth,2024/2025,2. Bundesliga,DFL-CLU-00000W,SpVgg Greuther Fürth,guest,3-4-1-2 defensive Midfielder,3-4-1-2,"[3, 4, 1, 2]"
DFL-MAT-J040IF,Fortuna Düsseldorf:SC Preußen Münster,2024/2025,2. Bundesliga,DFL-CLU-00000P,Fortuna Düsseldorf,home,4-2-3-1,4-2-3-1,"[4, 2, 3, 1]"
DFL-MAT-J040IF,Fortuna Düsseldorf:SC Preußen Münster,2024/2025,2. Bundesliga,DFL-CLU-000N5R,SC Preußen Münster,guest,4-2-3-1,4-2-3-1,"[4, 2, 3, 1]"
DFL-MAT-J040IG,Karlsruher SC:Hannover 96,2024/2025,2. Bundesliga,DFL-CLU-00000T,Karlsruher SC,home,3-3-2-2,3-3-2-2,"[3, 3, 2, 2]"
DFL-MAT-J040IG,Karlsruher SC:Hannover 96,2024/2025,2. Bundesliga,DFL-CLU-000001,Hannover 96,guest,3-3-2-2,3-3-2-2,"[3, 3, 2, 2]"
DFL-MAT-J040IH,FC Schalke 04:SSV Ulm 1846 Fussball,2024/2025,2. Bundesliga,DFL-CLU-000009,FC Schalke 04,home,3-4-2-1 Double-10,3-4-2-1,"[3, 4, 2, 1]"
DFL-MAT-J040IH,FC Schalke 04:SSV Ulm 1846 Fussball,2024/2025,2. Bundesliga,DFL-CLU-000N89,SSV Ulm 1846 Fussball,guest,3-4-1-2 defensive Midfielder,3-4-1-2,"[3, 4, 1, 2]"
DFL-MAT-J040II,SV Elversberg:SSV Jahn Regensburg,2024/2025,2. Bundesliga,DFL-CLU-000011,SSV Jahn Regensburg,guest,3-3-2-2,3-3-2-2,"[3, 3, 2, 2]"
DFL-MAT-J040II,SV Elversberg:SSV Jahn Regensburg,2024/2025,2. Bundesliga,DFL-CLU-000N6L,SV Elversberg,home,4-2-3-1,4-2-3-1,"[4, 2, 3, 1]"
DFL-MAT-J040IJ,1. FC Nürnberg:Hamburger SV,2024/2025,2. Bundesliga,DFL-CLU-00000C,Hamburger SV,guest,4-3-3 with 6,4-3-3,"[4, 3, 3]"
DFL-MAT-J040IJ,1. FC Nürnberg:Hamburger SV,2024/2025,2. Bundesliga,DFL-CLU-000005,1. FC Nürnberg,home,3-4-2-1 Double-10,3-4-2-1,"[3, 4, 2, 1]"
DFL-MAT-J040IK,1. FC Magdeburg:1. FC Kaiserslautern,2024/2025,2. Bundesliga,DFL-CLU-00000I,1. FC Kaiserslautern,guest,3-4-2-1 Double-10,3-4-2-1,"[3, 4, 2, 1]"
DFL-MAT-J040IK,1. FC Magdeburg:1. FC Kaiserslautern,2024/2025,2. Bundesliga,DFL-CLU-000N5D,1. FC Magdeburg,home,3-4-3 Diamond,3-4-3,"[3, 4, 3]"
DFL-MAT-J040IL,Eintracht Braunschweig:SC Paderborn 07,2024/2025,2. Bundesliga,DFL-CLU-00000X,Eintracht Braunschweig,home,3-3-2-2,3-3-2-2,"[3, 3, 2, 2]"
DFL-MAT-J040IL,Eintracht Braunschweig:SC Paderborn 07,2024/2025,2. Bundesliga,DFL-CLU-00000L,SC Paderborn 07,guest,3-1-4-2,3-1-4-2,"[3, 1, 4, 2]"
DFL-MAT-J040IM,Hamburger SV:Eintracht Braunschweig,2024/2025,2. Bundesliga,DFL-CLU-00000C,Hamburger SV,home,4-3-3 with 6,4-3-3,"[4, 3, 3]"
DFL-MAT-J040IM,Hamburger SV:Eintracht Braunschweig,2024/2025,2. Bundesliga,DFL-CLU-00000X,Eintracht Braunschweig,guest,3-3-2-2,3-3-2-2,"[3, 3, 2, 2]"
DFL-MAT-J040IN,Hannover 96:SV Elversberg,2024/2025,2. Bundesliga,DFL-CLU-000001,Hannover 96,home,3-1-4-2,3-1-4-2,"[3, 1, 4, 2]"
DFL-MAT-J040IN,Hannover 96:SV Elversberg,2024/2025,2. Bundesliga,DFL-CLU-000N6L,SV Elversberg,guest,4-2-3-1,4-2-3-1,"[4, 2, 3, 1]"
DFL-MAT-J040IO,SC Paderborn 07:Fortuna Düsseldorf,2024/2025,2. Bundesliga,DFL-CLU-00000P,Fortuna Düsseldorf,guest,4-2-3-1,4-2-3-1,"[4, 2, 3, 1]"
DFL-MAT-J040IO,SC Paderborn 07:Fortuna Düsseldorf,2024/2025,2. Bundesliga,DFL-CLU-00000L,SC Paderborn 07,home,3-1-4-2,3-1-4-2,"[3, 1, 4, 2]"
DFL-MAT-J040IP,SpVgg Greuther Fürth:1. FC Köln,2024/2025,2. Bundesliga,DFL-CLU-000008,1. FC Köln,guest,3-4-1-2 defensive Midfielder,3-4-1-2,"[3, 4, 1, 2]"
DFL-MAT-J040IP,SpVgg Greuther Fürth:1. FC Köln,2024/2025,2. Bundesliga,DFL-CLU-00000W,SpVgg Greuther Fürth,home,3-4-1-2 defensive Midfielder,3-4-1-2,"[3, 4, 1, 2]"
DFL-MAT-J040IQ,Hertha BSC:SV Darmstadt 98,2024/2025,2. Bundesliga,DFL-CLU-000016,SV Darmstadt 98,guest,4-2-3-1,4-2-3-1,"[4, 2, 3, 1]"
DFL-MAT-J040IQ,Hertha BSC:SV Darmstadt 98,2024/2025,2. Bundesliga,DFL-CLU-00000Z,Hertha BSC,home,3-3-2-2,3-3-2-2,"[3, 3, 2, 2]"
DFL-MAT-J040IR,1. FC Kaiserslautern:1. FC Nürnberg,2024/2025,2. Bundesliga,DFL-CLU-00000I,1. FC Kaiserslautern,home,3-4-2-1 Double-10,3-4-2-1,"[3, 4, 2, 1]"
DFL-MAT-J040IR,1. FC Kaiserslautern:1. FC Nürnberg,2024/2025,2. Bundesliga,DFL-CLU-000005,1. FC Nürnberg,guest,3-3-2-2,3-3-2-2,"[3, 3, 2, 2]"
DFL-MAT-J040IS,SSV Ulm 1846 Fussball:1. FC Magdeburg,2024/2025,2. Bundesliga,DFL-CLU-000N89,SSV Ulm 1846 Fussball,home,3-4-1-2 defensive Midfielder,3-4-1-2,"[3, 4, 1, 2]"
DFL-MAT-J040IS,SSV Ulm 1846 Fussball:1. FC Magdeburg,2024/2025,2. Bundesliga,DFL-CLU-000N5D,1. FC Magdeburg,guest,3-4-3 Diamond,3-4-3,"[3, 4, 3]"
DFL-MAT-J040IT,SC Preußen Münster:Karlsruher SC,2024/2025,2. Bundesliga,DFL-CLU-00000T,Karlsruher SC,guest,3-3-2-2,3-3-2-2,"[3, 3, 2, 2]"
DFL-MAT-J040IT,SC Preußen Münster:Karlsruher SC,2024/2025,2. Bundesliga,DFL-CLU-000N5R,SC Preußen Münster,home,4-2-3-1,4-2-3-1,"[4, 2, 3, 1]"
DFL-MAT-J040IU,SSV Jahn Regensburg:FC Schalke 04,2024/2025,2. Bundesliga,DFL-CLU-000009,FC Schalke 04,guest,4-2-3-1,4-2-3-1,"[4, 2, 3, 1]"
DFL-MAT-J040IU,SSV Jahn Regensburg:FC Schalke 04,2024/2025,2. Bundesliga,DFL-CLU-000011,SSV Jahn Regensburg,home,3-3-2-2,3-3-2-2,"[3, 3, 2, 2]"
DFL-MAT-J040IV,1. FC Köln:SC Preußen Münster,2024/2025,2. Bundesliga,DFL-CLU-000008,1. FC Köln,home,4-4-2 Diamond,4-4-2,"[4, 4, 2]"
DFL-MAT-J040IV,1. FC Köln:SC Preußen Münster,2024/2025,2. Bundesliga,DFL-CLU-000N5R,SC Preußen Münster,guest,3-4-1-2 defensive Midfielder,3-4-1-2,"[3, 4, 1, 2]"
DFL-MAT-J040IW,SV Darmstadt 98:Hannover 96,2024/2025,2. Bundesliga,DFL-CLU-000016,SV Darmstadt 98,home,4-2-3-1,4-2-3-1,"[4, 2, 3, 1]"
DFL-MAT-J040IW,SV Darmstadt 98:Hannover 96,2024/2025,2. Bundesliga,DFL-CLU-000001,Hannover 96,guest,4-4-2 Double-6 offensive Outliner,4-4-2,"[4, 4, 2]"
DFL-MAT-J040IX,Karlsruher SC:SpVgg Greuther Fürth,2024/2025,2. Bundesliga,DFL-CLU-00000T,Karlsruher SC,home,3-3-2-2,3-3-2-2,"[3, 3, 2, 2]"
DFL-MAT-J040IX,Karlsruher SC:SpVgg Greuther Fürth,2024/2025,2. Bundesliga,DFL-CLU-00000W,SpVgg Greuther Fürth,guest,3-4-1-2 defensive Midfielder,3-4-1-2,"[3, 4, 1, 2]"
DFL-MAT-J040IY,FC Schalke 04:Hamburger SV,2024/2025,2. Bundesliga,DFL-CLU-00000C,Hamburger SV,guest,4-3-3 with 6,4-3-3,"[4, 3, 3]"
DFL-MAT-J040IY,FC Schalke 04:Hamburger SV,2024/2025,2. Bundesliga,DFL-CLU-000009,FC Schalke 04,home,4-2-3-1,4-2-3-1,"[4, 2, 3, 1]"
DFL-MAT-J040IZ,SV Elversberg:Fortuna Düsseldorf,2024/2025,2. Bundesliga,DFL-CLU-00000P,Fortuna Düsseldorf,guest,4-4-2 Double-6 offensive Outliner,4-4-2,"[4, 4, 2]"
DFL-MAT-J040IZ,SV Elversberg:Fortuna Düsseldorf,2024/2025,2. Bundesliga,DFL-CLU-000N6L,SV Elversberg,home,4-2-3-1,4-2-3-1,"[4, 2, 3, 1]"
DFL-MAT-J040J0,1. FC Nürnberg:SC Paderborn 07,2024/2025,2. Bundesliga,DFL-CLU-000005,1. FC Nürnberg,home,3-4-1-2 defensive Midfielder,3-4-1-2,"[3, 4, 1, 2]"
DFL-MAT-J040J0,1. FC Nürnberg:SC Paderborn 07,2024/2025,2. Bundesliga,DFL-CLU-00000L,SC Paderborn 07,guest,3-3-2-2 Double-10,3-3-2-2,"[3, 3, 2, 2]"
DFL-MAT-J040J1,1. FC Magdeburg:SSV Jahn Regensburg,2024/2025,2. Bundesliga,DFL-CLU-000011,SSV Jahn Regensburg,guest,3-3-2-2,3-3-2-2,"[3, 3, 2, 2]"
DFL-MAT-J040J1,1. FC Magdeburg:SSV Jahn Regensburg,2024/2025,2. Bundesliga,DFL-CLU-000N5D,1. FC Magdeburg,home,3-4-3 Diamond,3-4-3,"[3, 4, 3]"
DFL-MAT-J040J2,Eintracht Braunschweig:1. FC Kaiserslautern,2024/2025,2. Bundesliga,DFL-CLU-00000I,1. FC Kaiserslautern,guest,3-4-1-2 defensive Midfielder,3-4-1-2,"[3, 4, 1, 2]"
DFL-MAT-J040J2,Eintracht Braunschweig:1. FC Kaiserslautern,2024/2025,2. Bundesliga,DFL-CLU-00000X,Eintracht Braunschweig,home,3-3-2-2,3-3-2-2,"[3, 3, 2, 2]"
DFL-MAT-J040J3,SSV Ulm 1846 Fussball:Hertha BSC,2024/2025,2. Bundesliga,DFL-CLU-00000Z,Hertha BSC,guest,3-4-1-2 defensive Midfielder,3-4-1-2,"[3, 4, 1, 2]"
DFL-MAT-J040J3,SSV Ulm 1846 Fussball:Hertha BSC,2024/2025,2. Bundesliga,DFL-CLU-000N89,SSV Ulm 1846 Fussball,home,3-4-1-2 defensive Midfielder,3-4-1-2,"[3, 4, 1, 2]"
DFL-MAT-J040J4,Fortuna Düsseldorf:1. FC Nürnberg,2024/2025,2. Bundesliga,DFL-CLU-000005,1. FC Nürnberg,guest,3-4-1-2 defensive Midfielder,3-4-1-2,"[3, 4, 1, 2]"
DFL-MAT-J040J4,Fortuna Düsseldorf:1. FC Nürnberg,2024/2025,2. Bundesliga,DFL-CLU-00000P,Fortuna Düsseldorf,home,4-5-1 offensive Outliner,4-5-1,"[4, 5, 1]"
DFL-MAT-J040J5,Hamburger SV:Karlsruher SC,2024/2025,2. Bundesliga,DFL-CLU-00000C,Hamburger SV,home,4-3-3 with 6,4-3-3,"[4, 3, 3]"
DFL-MAT-J040J5,Hamburger SV:Karlsruher SC,2024/2025,2. Bundesliga,DFL-CLU-00000T,Karlsruher SC,guest,3-3-2-2,3-3-2-2,"[3, 3, 2, 2]"
DFL-MAT-J040J6,Hannover 96:1. FC Köln,2024/2025,2. Bundesliga,DFL-CLU-000008,1. FC Köln,guest,4-4-2 Diamond,4-4-2,"[4, 4, 2]"
DFL-MAT-J040J6,Hannover 96:1. FC Köln,2024/2025,2. Bundesliga,DFL-CLU-000001,Hannover 96,home,3-4-2-1 Double-10,3-4-2-1,"[3, 4, 2, 1]"
DFL-MAT-J040J7,SC Paderborn 07:SV Elversberg,2024/2025,2. Bundesliga,DFL-CLU-000N6L,SV Elversberg,guest,4-2-3-1,4-2-3-1,"[4, 2, 3, 1]"
DFL-MAT-J040J7,SC Paderborn 07:SV Elversberg,2024/2025,2. Bundesliga,DFL-CLU-00000L,SC Paderborn 07,home,3-3-2-2 Double-10,3-3-2-2,"[3, 3, 2, 2]"
DFL-MAT-J040J8,SpVgg Greuther Fürth:SSV Ulm 1846 Fussball,2024/2025,2. Bundesliga,DFL-CLU-000N89,SSV Ulm 1846 Fussball,guest,3-4-1-2 defensive Midfielder,3-4-1-2,"[3, 4, 1, 2]"
DFL-MAT-J040J8,SpVgg Greuther Fürth:SSV Ulm 1846 Fussball,2024/2025,2. Bundesliga,DFL-CLU-00000W,SpVgg Greuther Fürth,home,3-4-2-1 Double-10,3-4-2-1,"[3, 4, 2, 1]"
DFL-MAT-J040J9,Hertha BSC:1. FC Magdeburg,2024/2025,2. Bundesliga,DFL-CLU-00000Z,Hertha BSC,home,3-3-2-2,3-3-2-2,"[3, 3, 2, 2]"
DFL-MAT-J040J9,Hertha BSC:1. FC Magdeburg,2024/2025,2. Bundesliga,DFL-CLU-000N5D,1. FC Magdeburg,guest,4-3-3 Double-6,4-3-3,"[4, 3, 3]"
DFL-MAT-J040JA,1. FC Kaiserslautern:FC Schalke 04,2024/2025,2. Bundesliga,DFL-CLU-00000I,1. FC Kaiserslautern,home,3-3-2-2,3-3-2-2,"[3, 3, 2, 2]"
DFL-MAT-J040JA,1. FC Kaiserslautern:FC Schalke 04,2024/2025,2. Bundesliga,DFL-CLU-000009,FC Schalke 04,guest,4-2-3-1,4-2-3-1,"[4, 2, 3, 1]"
DFL-MAT-J040JB,SC Preußen Münster:SV Darmstadt 98,2024/2025,2. Bundesliga,DFL-CLU-000016,SV Darmstadt 98,guest,4-2-3-1,4-2-3-1,"[4, 2, 3, 1]"
DFL-MAT-J040JB,SC Preußen Münster:SV Darmstadt 98,2024/2025,2. Bundesliga,DFL-CLU-000N5R,SC Preußen Münster,home,3-4-2-1 Double-10,3-4-2-1,"[3, 4, 2, 1]"
DFL-MAT-J040JC,SSV Jahn Regensburg:Eintracht Braunschweig,2024/2025,2. Bundesliga,DFL-CLU-00000X,Eintracht Braunschweig,guest,3-3-2-2,3-3-2-2,"[3, 3, 2, 2]"
DFL-MAT-J040JC,SSV Jahn Regensburg:Eintracht Braunschweig,2024/2025,2. Bundesliga,DFL-CLU-000011,SSV Jahn Regensburg,home,3-3-2-2,3-3-2-2,"[3, 3, 2, 2]"
DFL-MAT-J040JD,1. FC Köln:SSV Jahn Regensburg,2024/2025,2. Bundesliga,DFL-CLU-000008,1. FC Köln,home,4-4-2 Diamond,4-4-2,"[4, 4, 2]"
DFL-MAT-J040JD,1. FC Köln:SSV Jahn Regensburg,2024/2025,2. Bundesliga,DFL-CLU-000011,SSV Jahn Regensburg,guest,3-3-2-2,3-3-2-2,"[3, 3, 2, 2]"
DFL-MAT-J040JE,SV Darmstadt 98:Hamburger SV,2024/2025,2. Bundesliga,DFL-CLU-00000C,Hamburger SV,guest,4-3-3 with 6,4-3-3,"[4, 3, 3]"
DFL-MAT-J040JE,SV Darmstadt 98:Hamburger SV,2024/2025,2. Bundesliga,DFL-CLU-000016,SV Darmstadt 98,home,4-2-3-1,4-2-3-1,"[4, 2, 3, 1]"
DFL-MAT-J040JF,Karlsruher SC:1. FC Kaiserslautern,2024/2025,2. Bundesliga,DFL-CLU-00000I,1. FC Kaiserslautern,guest,3-4-2-1 Double-10,3-4-2-1,"[3, 4, 2, 1]"
DFL-MAT-J040JF,Karlsruher SC:1. FC Kaiserslautern,2024/2025,2. Bundesliga,DFL-CLU-00000T,Karlsruher SC,home,3-3-2-2,3-3-2-2,"[3, 3, 2, 2]"
DFL-MAT-J040JG,Hertha BSC:SpVgg Greuther Fürth,2024/2025,2. Bundesliga,DFL-CLU-00000Z,Hertha BSC,home,3-3-2-2,3-3-2-2,"[3, 3, 2, 2]"
DFL-MAT-J040JG,Hertha BSC:SpVgg Greuther Fürth,2024/2025,2. Bundesliga,DFL-CLU-00000W,SpVgg Greuther Fürth,guest,4-2-3-1,4-2-3-1,"[4, 2, 3, 1]"
DFL-MAT-J040JH,FC Schalke 04:SC Paderborn 07,2024/2025,2. Bundesliga,DFL-CLU-000009,FC Schalke 04,home,3-4-1-2 defensive Midfielder,3-4-1-2,"[3, 4, 1, 2]"
DFL-MAT-J040JH,FC Schalke 04:SC Paderborn 07,2024/2025,2. Bundesliga,DFL-CLU-00000L,SC Paderborn 07,guest,3-3-2-2 Double-10,3-3-2-2,"[3, 3, 2, 2]"
DFL-MAT-J040JI,1. FC Nürnberg:SV Elversberg,2024/2025,2. Bundesliga,DFL-CLU-000005,1. FC Nürnberg,home,3-3-2-2,3-3-2-2,"[3, 3, 2, 2]"
DFL-MAT-J040JI,1. FC Nürnberg:SV Elversberg,2024/2025,2. Bundesliga,DFL-CLU-000N6L,SV Elversberg,guest,4-2-3-1,4-2-3-1,"[4, 2, 3, 1]"
DFL-MAT-J040JJ,1. FC Magdeburg:SC Preußen Münster,2024/2025,2. Bundesliga,DFL-CLU-000N5R,SC Preußen Münster,guest,4-4-2 Double-6 offensive Outliner,4-4-2,"[4, 4, 2]"
DFL-MAT-J040JJ,1. FC Magdeburg:SC Preußen Münster,2024/2025,2. Bundesliga,DFL-CLU-000N5D,1. FC Magdeburg,home,3-4-3 Diamond,3-4-3,"[3, 4, 3]"
DFL-MAT-J040JK,Eintracht Braunschweig:Fortuna Düsseldorf,2024/2025,2. Bundesliga,DFL-CLU-00000P,Fortuna Düsseldorf,guest,4-5-1 offensive Outliner,4-5-1,"[4, 5, 1]"
DFL-MAT-J040JK,Eintracht Braunschweig:Fortuna Düsseldorf,2024/2025,2. Bundesliga,DFL-CLU-00000X,Eintracht Braunschweig,home,3-4-2-1 Double-10,3-4-2-1,"[3, 4, 2, 1]"
DFL-MAT-J040JL,SSV Ulm 1846 Fussball:Hannover 96,2024/2025,2. Bundesliga,DFL-CLU-000001,Hannover 96,guest,3-4-2-1 Double-10,3-4-2-1,"[3, 4, 2, 1]"
DFL-MAT-J040JL,SSV Ulm 1846 Fussball:Hannover 96,2024/2025,2. Bundesliga,DFL-CLU-000N89,SSV Ulm 1846 Fussball,home,3-4-1-2 defensive Midfielder,3-4-1-2,"[3, 4, 1, 2]"
DFL-MAT-J040JM,Fortuna Düsseldorf:FC Schalke 04,2024/2025,2. Bundesliga,DFL-CLU-000009,FC Schalke 04,guest,4-4-2 Diamond,4-4-2,"[4, 4, 2]"
DFL-MAT-J040JM,Fortuna Düsseldorf:FC Schalke 04,2024/2025,2. Bundesliga,DFL-CLU-00000P,Fortuna Düsseldorf,home,4-2-3-1,4-2-3-1,"[4, 2, 3, 1]"
DFL-MAT-J040JN,Hamburger SV:SSV Ulm 1846 Fussball,2024/2025,2. Bundesliga,DFL-CLU-00000C,Hamburger SV,home,4-3-3 with 6,4-3-3,"[4, 3, 3]"
DFL-MAT-J040JN,Hamburger SV:SSV Ulm 1846 Fussball,2024/2025,2. Bundesliga,DFL-CLU-000N89,SSV Ulm 1846 Fussball,guest,3-4-1-2 defensive Midfielder,3-4-1-2,"[3, 4, 1, 2]"
DFL-MAT-J040JO,Hannover 96:SpVgg Greuther Fürth,2024/2025,2. Bundesliga,DFL-CLU-000001,Hannover 96,home,3-4-2-1 Double-10,3-4-2-1,"[3, 4, 2, 1]"
DFL-MAT-J040JO,Hannover 96:SpVgg Greuther Fürth,2024/2025,2. Bundesliga,DFL-CLU-00000W,SpVgg Greuther Fürth,guest,3-4-1-2 defensive Midfielder,3-4-1-2,"[3, 4, 1, 2]"
DFL-MAT-J040JP,SC Paderborn 07:1. FC Magdeburg,2024/2025,2. Bundesliga,DFL-CLU-000N5D,1. FC Magdeburg,guest,3-4-3 Diamond,3-4-3,"[3, 4, 3]"
DFL-MAT-J040JP,SC Paderborn 07:1. FC Magdeburg,2024/2025,2. Bundesliga,DFL-CLU-00000L,SC Paderborn 07,home,3-3-2-2 Double-10,3-3-2-2,"[3, 3, 2, 2]"
DFL-MAT-J040JQ,SV Elversberg:Eintracht Braunschweig,2024/2025,2. Bundesliga,DFL-CLU-00000X,Eintracht Braunschweig,guest,3-3-2-2,3-3-2-2,"[3, 3, 2, 2]"
DFL-MAT-J040JQ,SV Elversberg:Eintracht Braunschweig,2024/2025,2. Bundesliga,DFL-CLU-000N6L,SV Elversberg,home,4-2-3-1,4-2-3-1,"[4, 2, 3, 1]"
DFL-MAT-J040JR,1. FC Nürnberg:1. FC Köln,2024/2025,2. Bundesliga,DFL-CLU-000008,1. FC Köln,guest,4-2-3-1,4-2-3-1,"[4, 2, 3, 1]"
DFL-MAT-J040JR,1. FC Nürnberg:1. FC Köln,2024/2025,2. Bundesliga,DFL-CLU-000005,1. FC Nürnberg,home,3-3-2-2,3-3-2-2,"[3, 3, 2, 2]"
DFL-MAT-J040JS,1. FC Kaiserslautern:SV Darmstadt 98,2024/2025,2. Bundesliga,DFL-CLU-00000I,1. FC Kaiserslautern,home,3-3-2-2,3-3-2-2,"[3, 3, 2, 2]"
DFL-MAT-J040JS,1. FC Kaiserslautern:SV Darmstadt 98,2024/2025,2. Bundesliga,DFL-CLU-000016,SV Darmstadt 98,guest,4-2-3-1,4-2-3-1,"[4, 2, 3, 1]"
DFL-MAT-J040JT,SC Preußen Münster:Hertha BSC,2024/2025,2. Bundesliga,DFL-CLU-00000Z,Hertha BSC,guest,3-3-2-2,3-3-2-2,"[3, 3, 2, 2]"
DFL-MAT-J040JT,SC Preußen Münster:Hertha BSC,2024/2025,2. Bundesliga,DFL-CLU-000N5R,SC Preußen Münster,home,3-4-2-1 defensive Midfielder,3-4-2-1,"[3, 4, 2, 1]"
DFL-MAT-J040JU,SSV Jahn Regensburg:Karlsruher SC,2024/2025,2. Bundesliga,DFL-CLU-00000T,Karlsruher SC,guest,3-3-2-2,3-3-2-2,"[3, 3, 2, 2]"
DFL-MAT-J040JU,SSV Jahn Regensburg:Karlsruher SC,2024/2025,2. Bundesliga,DFL-CLU-000011,SSV Jahn Regensburg,home,3-3-2-2,3-3-2-2,"[3, 3, 2, 2]"
DFL-MAT-J040JV,1. FC Köln:1. FC Kaiserslautern,2024/2025,2. Bundesliga,DFL-CLU-00000I,1. FC Kaiserslautern,guest,4-4-2 Double-6 offensive Outliner,4-4-2,"[4, 4, 2]"
DFL-MAT-J040JV,1. FC Köln:1. FC Kaiserslautern,2024/2025,2. Bundesliga,DFL-CLU-000008,1. FC Köln,home,4-4-2 Double-6 offensive Outliner,4-4-2,"[4, 4, 2]"
DFL-MAT-J040JW,SV Darmstadt 98:SSV Jahn Regensburg,2024/2025,2. Bundesliga,DFL-CLU-000016,SV Darmstadt 98,home,4-4-2 Double-6 offensive Outliner,4-4-2,"[4, 4, 2]"
DFL-MAT-J040JW,SV Darmstadt 98:SSV Jahn Regensburg,2024/2025,2. Bundesliga,DFL-CLU-000011,SSV Jahn Regensburg,guest,3-3-2-2,3-3-2-2,"[3, 3, 2, 2]"
DFL-MAT-J040JX,Karlsruher SC:SC Paderborn 07,2024/2025,2. Bundesliga,DFL-CLU-00000T,Karlsruher SC,home,3-3-2-2,3-3-2-2,"[3, 3, 2, 2]"
DFL-MAT-J040JX,Karlsruher SC:SC Paderborn 07,2024/2025,2. Bundesliga,DFL-CLU-00000L,SC Paderborn 07,guest,3-4-2-1 Double-10,3-4-2-1,"[3, 4, 2, 1]"
DFL-MAT-J040JY,SpVgg Greuther Fürth:Hamburger SV,2024/2025,2. Bundesliga,DFL-CLU-00000C,Hamburger SV,guest,4-3-3 with 6,4-3-3,"[4, 3, 3]"
DFL-MAT-J040JY,SpVgg Greuther Fürth:Hamburger SV,2024/2025,2. Bundesliga,DFL-CLU-00000W,SpVgg Greuther Fürth,home,3-3-2-2,3-3-2-2,"[3, 3, 2, 2]"
DFL-MAT-J040JZ,Hertha BSC:Hannover 96,2024/2025,2. Bundesliga,DFL-CLU-00000Z,Hertha BSC,home,3-3-2-2,3-3-2-2,"[3, 3, 2, 2]"
DFL-MAT-J040JZ,Hertha BSC:Hannover 96,2024/2025,2. Bundesliga,DFL-CLU-000001,Hannover 96,guest,3-4-2-1 Double-10,3-4-2-1,"[3, 4, 2, 1]"
DFL-MAT-J040K0,FC Schalke 04:SV Elversberg,2024/2025,2. Bundesliga,DFL-CLU-000009,FC Schalke 04,home,4-2-3-1,4-2-3-1,"[4, 2, 3, 1]"
DFL-MAT-J040K0,FC Schalke 04:SV Elversberg,2024/2025,2. Bundesliga,DFL-CLU-000N6L,SV Elversberg,guest,4-2-3-1,4-2-3-1,"[4, 2, 3, 1]"
DFL-MAT-J040K1,1. FC Magdeburg:Fortuna Düsseldorf,2024/2025,2. Bundesliga,DFL-CLU-00000P,Fortuna Düsseldorf,guest,4-2-3-1,4-2-3-1,"[4, 2, 3, 1]"
DFL-MAT-J040K1,1. FC Magdeburg:Fortuna Düsseldorf,2024/2025,2. Bundesliga,DFL-CLU-000N5D,1. FC Magdeburg,home,3-4-3 Diamond,3-4-3,"[3, 4, 3]"
DFL-MAT-J040K2,Eintracht Braunschweig:1. FC Nürnberg,2024/2025,2. Bundesliga,DFL-CLU-000005,1. FC Nürnberg,guest,3-4-1-2 defensive Midfielder,3-4-1-2,"[3, 4, 1, 2]"
DFL-MAT-J040K2,Eintracht Braunschweig:1. FC Nürnberg,2024/2025,2. Bundesliga,DFL-CLU-00000X,Eintracht Braunschweig,home,3-3-2-2,3-3-2-2,"[3, 3, 2, 2]"
DFL-MAT-J040K3,SSV Ulm 1846 Fussball:SC Preußen Münster,2024/2025,2. Bundesliga,DFL-CLU-000N5R,SC Preußen Münster,guest,3-4-3 defensive Midfielder,3-4-3,"[3, 4, 3]"
DFL-MAT-J040K3,SSV Ulm 1846 Fussball:SC Preußen Münster,2024/2025,2. Bundesliga,DFL-CLU-000N89,SSV Ulm 1846 Fussball,home,3-4-1-2 defensive Midfielder,3-4-1-2,"[3, 4, 1, 2]"
